created_at,fan_activation
2026-02-26T00:02:33+00:00,1
2026-02-26T00:07:36+00:00,1
2026-02-26T00:12:32+00:00,1
2026-02-26T00:17:33+00:00,0
2026-02-26T00:22:46+00:00,0
2026-02-26T00:27:55+00:00,0
2026-02-26T00:37:35+00:00,0
2026-02-26T00:42:52+00:00,0
2026-02-26T00:47:49+00:00,1
2026-02-26T00:52:47+00:00,1
2026-02-26T00:57:52+00:00,0
2026-02-26T01:02:42+00:00,0
2026-02-26T01:07:42+00:00,1
2026-02-26T01:12:34+00:00,1
2026-02-26T01:17:47+00:00,0
2026-02-26T01:22:55+00:00,0
2026-02-26T01:27:34+00:00,0
2026-02-26T01:32:48+00:00,0
2026-02-26T01:37:41+00:00,0
2026-02-26T01:42:57+00:00,0
2026-02-26T01:47:51+00:00,0
2026-02-26T01:52:34+00:00,0
2026-02-26T01:57:37+00:00,0
2026-02-26T02:07:44+00:00,0
2026-02-26T02:12:36+00:00,0
2026-02-26T02:18:11+00:00,0
2026-02-26T02:22:36+00:00,0
2026-02-26T02:27:30+00:00,0
2026-02-26T02:32:34+00:00,0
2026-02-26T02:37:30+00:00,0
2026-02-26T02:42:31+00:00,0
2026-02-26T02:47:31+00:00,0
2026-02-26T02:52:30+00:00,0
2026-02-26T02:57:30+00:00,0
2026-02-26T03:02:48+00:00,0
2026-02-26T03:07:31+00:00,0
2026-02-26T03:12:30+00:00,0
2026-02-26T03:17:30+00:00,0
2026-02-26T03:22:30+00:00,0
2026-02-26T03:27:30+00:00,0
2026-02-26T03:32:33+00:00,0
2026-02-26T03:37:30+00:00,0
2026-02-26T03:42:31+00:00,0
2026-02-26T03:47:30+00:00,0
2026-02-26T03:52:31+00:00,0
2026-02-26T03:57:30+00:00,0
2026-02-26T04:02:33+00:00,0
2026-02-26T04:07:31+00:00,0
2026-02-26T04:17:30+00:00,0
2026-02-26T04:22:30+00:00,0
2026-02-26T04:27:30+00:00,0
2026-02-26T04:32:30+00:00,0
2026-02-26T04:37:30+00:00,0
2026-02-26T04:42:31+00:00,0
2026-02-26T04:47:31+00:00,0
2026-02-26T04:52:30+00:00,0
2026-02-26T04:57:30+00:00,0
2026-02-26T05:02:44+00:00,0
2026-02-26T05:07:30+00:00,0
2026-02-26T05:12:30+00:00,0
2026-02-26T05:17:31+00:00,0
2026-02-26T05:27:31+00:00,0
2026-02-26T05:32:32+00:00,0
2026-02-26T05:37:31+00:00,0
2026-02-26T05:42:31+00:00,0
2026-02-26T05:47:31+00:00,0
2026-02-26T05:52:31+00:00,0
2026-02-26T05:57:31+00:00,0
2026-02-26T06:02:39+00:00,0
2026-02-26T06:07:30+00:00,0
2026-02-26T06:12:30+00:00,0
2026-02-26T06:17:30+00:00,0
2026-02-26T06:22:30+00:00,0
2026-02-26T06:27:30+00:00,0
2026-02-26T06:32:32+00:00,0
2026-02-26T06:37:30+00:00,0
2026-02-26T06:42:30+00:00,0
2026-02-26T06:47:31+00:00,0
2026-02-26T06:52:31+00:00,0
2026-02-26T06:57:30+00:00,0
2026-02-26T07:02:32+00:00,0
2026-02-26T07:07:30+00:00,0
2026-02-26T07:17:31+00:00,0
2026-02-26T07:22:30+00:00,0
2026-02-26T07:27:30+00:00,0
2026-02-26T07:32:33+00:00,0
2026-02-26T07:37:31+00:00,0
2026-02-26T07:42:30+00:00,0
2026-02-26T07:47:30+00:00,0
2026-02-26T07:52:30+00:00,0
2026-02-26T07:57:31+00:00,0
2026-02-26T08:02:34+00:00,0
2026-02-26T08:07:31+00:00,0
2026-02-26T08:12:31+00:00,0
2026-02-26T08:17:30+00:00,0
2026-02-26T08:22:31+00:00,0
2026-02-26T08:27:30+00:00,0
2026-02-26T08:32:32+00:00,0
2026-02-26T08:37:30+00:00,0
2026-02-26T08:42:33+00:00,0
2026-02-26T08:47:31+00:00,0
2026-02-26T08:52:30+00:00,0
2026-02-26T08:57:30+00:00,0
2026-02-26T09:02:35+00:00,0
2026-02-26T09:07:30+00:00,0
2026-02-26T09:12:30+00:00,0
2026-02-26T09:17:31+00:00,0
2026-02-26T09:22:31+00:00,0
2026-02-26T09:27:30+00:00,0
2026-02-26T09:32:38+00:00,0
2026-02-26T09:37:30+00:00,0
2026-02-26T09:42:31+00:00,0
2026-02-26T09:47:31+00:00,0
2026-02-26T09:52:31+00:00,1
2026-02-26T09:57:30+00:00,1
2026-02-26T10:02:33+00:00,0
2026-02-26T10:07:30+00:00,0
2026-02-26T10:12:31+00:00,0
2026-02-26T10:17:31+00:00,0
2026-02-26T10:22:31+00:00,0
2026-02-26T10:27:30+00:00,0
2026-02-26T10:32:31+00:00,0
2026-02-26T10:37:30+00:00,0
2026-02-26T10:42:31+00:00,0
2026-02-26T10:47:30+00:00,0
2026-02-26T10:52:31+00:00,0
2026-02-26T10:57:30+00:00,0
2026-02-26T11:02:57+00:00,0
2026-02-26T11:07:30+00:00,1
2026-02-26T11:12:31+00:00,1
2026-02-26T11:17:30+00:00,1
2026-02-26T11:27:31+00:00,1
2026-02-26T11:32:33+00:00,1
2026-02-26T11:37:31+00:00,0
2026-02-26T11:42:31+00:00,0
2026-02-26T11:47:30+00:00,0
2026-02-26T11:52:31+00:00,0
2026-02-26T11:57:31+00:00,0
2026-02-26T12:02:34+00:00,0
2026-02-26T12:07:30+00:00,0
2026-02-26T12:12:30+00:00,0
2026-02-26T12:17:31+00:00,0
2026-02-26T12:22:31+00:00,0
2026-02-26T12:27:31+00:00,0
2026-02-26T12:32:31+00:00,0
2026-02-26T12:37:31+00:00,0
2026-02-26T12:42:31+00:00,0
2026-02-26T12:47:31+00:00,1
2026-02-26T12:52:31+00:00,1
2026-02-26T12:57:30+00:00,1
2026-02-26T13:02:32+00:00,1
2026-02-26T13:07:30+00:00,1
2026-02-26T13:12:31+00:00,1
2026-02-26T13:17:31+00:00,1
2026-02-26T13:22:31+00:00,1
2026-02-26T13:27:31+00:00,1
2026-02-26T13:32:32+00:00,1
2026-02-26T13:37:30+00:00,1
2026-02-26T13:42:31+00:00,0
2026-02-26T13:47:31+00:00,0
2026-02-26T13:52:31+00:00,0
2026-02-26T13:57:31+00:00,0
2026-02-26T14:02:54+00:00,0
2026-02-26T14:07:30+00:00,0
2026-02-26T14:12:31+00:00,0
2026-02-26T14:17:30+00:00,0
2026-02-26T14:22:31+00:00,0
2026-02-26T14:27:31+00:00,0
2026-02-26T14:32:31+00:00,0
2026-02-26T14:37:30+00:00,0
2026-02-26T14:42:31+00:00,0
2026-02-26T14:47:35+00:00,0
2026-02-26T14:52:30+00:00,0
2026-02-26T14:57:30+00:00,0
2026-02-26T15:02:35+00:00,0
2026-02-26T15:07:30+00:00,0
2026-02-26T15:17:30+00:00,0
2026-02-26T15:22:31+00:00,0
2026-02-26T15:27:30+00:00,0
2026-02-26T15:32:38+00:00,0
2026-02-26T15:37:30+00:00,0
2026-02-26T15:47:30+00:00,0
2026-02-26T15:52:31+00:00,0
2026-02-26T15:57:31+00:00,0
2026-02-26T16:02:32+00:00,0
2026-02-26T16:07:31+00:00,0
2026-02-26T16:12:30+00:00,0
2026-02-26T16:17:37+00:00,0
2026-02-26T16:22:31+00:00,0
2026-02-26T16:29:16+00:00,0
2026-02-26T16:34:07+00:00,0
2026-02-26T16:37:35+00:00,0
2026-02-26T16:42:32+00:00,0
2026-02-26T16:47:34+00:00,0
2026-02-26T16:52:33+00:00,0
2026-02-26T16:57:44+00:00,0
2026-02-26T17:02:38+00:00,0
2026-02-26T17:07:32+00:00,0
2026-02-26T17:12:31+00:00,0
2026-02-26T17:17:41+00:00,0
2026-02-26T17:22:54+00:00,0
2026-02-26T17:27:34+00:00,1
2026-02-26T17:32:41+00:00,0
2026-02-26T17:37:32+00:00,0
2026-02-26T17:42:38+00:00,0
2026-02-26T17:47:39+00:00,0
2026-02-26T17:52:44+00:00,0
2026-02-26T17:57:32+00:00,0
2026-02-26T18:02:32+00:00,0
2026-02-26T18:07:33+00:00,0
2026-02-26T18:12:33+00:00,0
2026-02-26T18:17:35+00:00,0
2026-02-26T18:22:32+00:00,0
2026-02-26T18:27:34+00:00,0
2026-02-26T18:32:32+00:00,0
2026-02-26T18:37:47+00:00,0
2026-02-26T18:42:35+00:00,0
2026-02-26T18:47:32+00:00,0
2026-02-26T18:52:33+00:00,1
2026-02-26T18:57:33+00:00,1
2026-02-26T19:02:38+00:00,1
2026-02-26T19:07:32+00:00,1
2026-02-26T19:12:36+00:00,1
2026-02-26T19:17:33+00:00,1
2026-02-26T19:22:35+00:00,1
2026-02-26T19:27:43+00:00,1
2026-02-26T19:32:38+00:00,1
2026-02-26T19:37:32+00:00,0
2026-02-26T19:42:38+00:00,0
2026-02-26T19:47:44+00:00,0
2026-02-26T19:52:52+00:00,0
2026-02-26T19:57:32+00:00,0
2026-02-26T20:02:32+00:00,0
2026-02-26T20:08:10+00:00,0
2026-02-26T20:12:33+00:00,0
2026-02-26T20:17:44+00:00,0
2026-02-26T20:22:36+00:00,0
2026-02-26T20:27:32+00:00,0
2026-02-26T20:32:33+00:00,0
2026-02-26T20:37:38+00:00,0
2026-02-26T20:42:54+00:00,0
2026-02-26T20:47:39+00:00,0
2026-02-26T20:52:52+00:00,0
2026-02-26T20:57:40+00:00,0
2026-02-26T21:02:51+00:00,0
2026-02-26T21:07:31+00:00,0
2026-02-26T21:12:45+00:00,0
2026-02-26T21:17:50+00:00,0
2026-02-26T21:22:34+00:00,0
2026-02-26T21:27:46+00:00,0
2026-02-26T21:32:32+00:00,0
2026-02-26T21:37:32+00:00,0
2026-02-26T21:42:56+00:00,0
2026-02-26T21:47:33+00:00,0
2026-02-26T21:52:33+00:00,0
2026-02-26T21:57:32+00:00,0
2026-02-26T22:02:31+00:00,0
2026-02-26T22:07:34+00:00,0
2026-02-26T22:12:32+00:00,0
2026-02-26T22:17:34+00:00,0
2026-02-26T22:22:53+00:00,0
2026-02-26T22:27:32+00:00,0
2026-02-26T22:32:42+00:00,0
2026-02-26T22:37:35+00:00,0
2026-02-26T22:42:32+00:00,0
2026-02-26T22:47:36+00:00,0
2026-02-26T22:52:44+00:00,0
2026-02-26T22:57:35+00:00,0
2026-02-26T23:02:34+00:00,0
2026-02-26T23:07:31+00:00,0
2026-02-26T23:13:04+00:00,0
2026-02-26T23:22:35+00:00,0
2026-02-26T23:32:39+00:00,0
2026-02-26T23:37:51+00:00,0
2026-02-26T23:42:51+00:00,0
2026-02-26T23:47:57+00:00,0
2026-02-26T23:52:40+00:00,0
2026-02-26T23:57:48+00:00,0
2026-02-27T00:02:38+00:00,0
2026-02-27T00:07:52+00:00,0
2026-02-27T00:13:02+00:00,0
2026-02-27T00:17:50+00:00,0
2026-02-27T00:22:57+00:00,0
2026-02-27T00:27:49+00:00,0
2026-02-27T00:32:34+00:00,0
2026-02-27T00:37:51+00:00,0
2026-02-27T00:42:55+00:00,0
2026-02-27T00:47:58+00:00,0
2026-02-27T00:52:42+00:00,0
2026-02-27T00:57:33+00:00,0
2026-02-27T01:02:47+00:00,1
2026-02-27T01:05:31+00:00,1
2026-02-27T01:05:50+00:00,1
2026-02-27T01:06:11+00:00,1
2026-02-27T01:07:33+00:00,1
2026-02-27T01:12:31+00:00,1
2026-02-27T01:18:04+00:00,0
2026-02-27T01:22:32+00:00,0
2026-02-27T01:27:33+00:00,0
2026-02-27T01:32:36+00:00,0
2026-02-27T01:37:37+00:00,0
2026-02-27T01:42:33+00:00,0
2026-02-27T01:47:33+00:00,0
2026-02-27T01:52:32+00:00,0
2026-02-27T01:57:47+00:00,0
2026-02-27T02:02:32+00:00,0
2026-02-27T02:07:35+00:00,0
2026-02-27T02:12:33+00:00,0
2026-02-27T02:17:43+00:00,0
2026-02-27T02:22:31+00:00,0
2026-02-27T02:27:31+00:00,0
2026-02-27T02:38:17+00:00,0
2026-02-27T02:42:33+00:00,0
2026-02-27T02:47:51+00:00,0
2026-02-27T02:52:54+00:00,0
2026-02-27T02:57:33+00:00,0
2026-02-27T03:02:51+00:00,0
2026-02-27T03:07:32+00:00,0
2026-02-27T03:12:33+00:00,0
2026-02-27T03:17:33+00:00,0
2026-02-27T03:22:32+00:00,0
2026-02-27T03:32:46+00:00,0
2026-02-27T03:37:30+00:00,0
2026-02-27T03:42:32+00:00,0
2026-02-27T03:47:31+00:00,0
2026-02-27T03:52:32+00:00,0
2026-02-27T03:57:31+00:00,0
2026-02-27T04:03:06+00:00,0
2026-02-27T04:07:31+00:00,0
2026-02-27T04:12:43+00:00,0
2026-02-27T04:17:30+00:00,0
2026-02-27T04:22:57+00:00,0
2026-02-27T04:27:31+00:00,0
2026-02-27T04:32:30+00:00,0
2026-02-27T04:37:31+00:00,0
2026-02-27T04:47:31+00:00,0
2026-02-27T04:52:34+00:00,0
2026-02-27T04:57:31+00:00,0
2026-02-27T05:02:32+00:00,0
2026-02-27T05:07:47+00:00,0
2026-02-27T05:12:33+00:00,0
2026-02-27T05:17:34+00:00,0
2026-02-27T05:22:30+00:00,0
2026-02-27T05:27:31+00:00,0
2026-02-27T05:37:30+00:00,0
2026-02-27T05:42:45+00:00,0
2026-02-27T05:47:31+00:00,0
2026-02-27T05:57:30+00:00,0
2026-02-27T06:02:33+00:00,0
2026-02-27T06:12:55+00:00,0
2026-02-27T06:17:30+00:00,0
2026-02-27T06:22:52+00:00,0
2026-02-27T06:27:32+00:00,0
2026-02-27T06:32:55+00:00,0
2026-02-27T06:37:32+00:00,0
2026-02-27T06:42:41+00:00,0
2026-02-27T06:47:32+00:00,0
2026-02-27T06:52:54+00:00,0
2026-02-27T06:57:30+00:00,0
2026-02-27T07:02:32+00:00,0
2026-02-27T07:07:33+00:00,0
2026-02-27T07:12:52+00:00,0
2026-02-27T07:17:31+00:00,0
2026-02-27T07:22:47+00:00,0
2026-02-27T07:27:31+00:00,0
2026-02-27T07:32:30+00:00,0
2026-02-27T07:37:30+00:00,0
2026-02-27T07:42:39+00:00,0
2026-02-27T07:47:32+00:00,0
2026-02-27T07:52:37+00:00,0
2026-02-27T07:57:33+00:00,0
2026-02-27T08:02:33+00:00,0
2026-02-27T08:07:48+00:00,0
2026-02-27T08:12:34+00:00,0
2026-02-27T08:17:36+00:00,0
2026-02-27T08:22:48+00:00,0
2026-02-27T08:27:30+00:00,0
2026-02-27T08:32:33+00:00,0
2026-02-27T08:37:30+00:00,0
2026-02-27T08:42:42+00:00,0
2026-02-27T08:47:30+00:00,0
2026-02-27T08:52:40+00:00,0
2026-02-27T08:57:31+00:00,0
2026-02-27T09:02:56+00:00,0
2026-02-27T09:07:30+00:00,0
2026-02-27T09:12:34+00:00,0
2026-02-27T09:17:31+00:00,0
2026-02-27T09:27:30+00:00,0
2026-02-27T09:32:45+00:00,0
2026-02-27T09:37:33+00:00,0
2026-02-27T09:42:40+00:00,0
2026-02-27T09:47:52+00:00,0
2026-02-27T09:52:50+00:00,0
2026-02-27T09:57:30+00:00,0
2026-02-27T10:02:43+00:00,0
2026-02-27T10:08:01+00:00,0
2026-02-27T10:12:49+00:00,0
2026-02-27T10:17:30+00:00,0
2026-02-27T10:27:31+00:00,0
2026-02-27T10:32:35+00:00,0
2026-02-27T10:37:31+00:00,0
2026-02-27T10:42:45+00:00,0
2026-02-27T10:47:30+00:00,0
2026-02-27T10:52:45+00:00,0
2026-02-27T10:57:31+00:00,0
2026-02-27T11:02:35+00:00,0
2026-02-27T11:07:33+00:00,0
2026-02-27T11:12:32+00:00,0
2026-02-27T11:17:30+00:00,0
2026-02-27T11:22:35+00:00,0
2026-02-27T11:27:31+00:00,0
2026-02-27T11:37:32+00:00,0
2026-02-27T11:42:32+00:00,0
2026-02-27T11:47:31+00:00,0
2026-02-27T11:52:31+00:00,0
2026-02-27T11:57:30+00:00,0
2026-02-27T12:02:35+00:00,0
2026-02-27T12:07:31+00:00,0
2026-02-27T12:12:36+00:00,0
2026-02-27T12:17:32+00:00,0
2026-02-27T12:22:45+00:00,0
2026-02-27T12:27:30+00:00,0
2026-02-27T12:32:33+00:00,0
2026-02-27T12:37:31+00:00,0
2026-02-27T12:42:34+00:00,0
2026-02-27T12:47:31+00:00,0
2026-02-27T12:52:39+00:00,0
2026-02-27T12:57:30+00:00,0
2026-02-27T13:02:40+00:00,0
2026-02-27T13:07:30+00:00,0
2026-02-27T13:12:38+00:00,0
2026-02-27T13:17:32+00:00,0
2026-02-27T13:22:40+00:00,0
2026-02-27T13:27:30+00:00,0
2026-02-27T13:32:33+00:00,0
2026-02-27T13:37:31+00:00,0
2026-02-27T13:42:44+00:00,0
2026-02-27T13:47:31+00:00,0
2026-02-27T13:52:33+00:00,0
2026-02-27T13:57:30+00:00,0
2026-02-27T14:03:03+00:00,0
2026-02-27T14:07:31+00:00,0
2026-02-27T14:12:41+00:00,0
2026-02-27T14:17:32+00:00,0
2026-02-27T14:22:36+00:00,0
2026-02-27T14:27:30+00:00,0
2026-02-27T14:32:44+00:00,0
2026-02-27T14:37:30+00:00,0
2026-02-27T14:42:33+00:00,0
2026-02-27T14:47:30+00:00,0
2026-02-27T14:52:42+00:00,0
2026-02-27T14:57:31+00:00,0
2026-02-27T15:02:46+00:00,0
2026-02-27T15:07:43+00:00,0
2026-02-27T15:12:31+00:00,0
2026-02-27T15:17:31+00:00,0
2026-02-27T15:22:48+00:00,0
2026-02-27T15:27:32+00:00,0
2026-02-27T15:32:51+00:00,0
2026-02-27T15:37:31+00:00,0
2026-02-27T15:42:40+00:00,0
2026-02-27T15:47:30+00:00,0
2026-02-27T15:52:33+00:00,0
2026-02-27T15:57:30+00:00,0
2026-02-27T16:02:37+00:00,0
2026-02-27T16:07:41+00:00,0
2026-02-27T16:12:48+00:00,0
2026-02-27T16:17:30+00:00,0
2026-02-27T16:22:34+00:00,0
2026-02-27T16:27:31+00:00,0
2026-02-27T16:32:35+00:00,0
2026-02-27T16:37:30+00:00,0
2026-02-27T16:42:36+00:00,0
2026-02-27T16:47:31+00:00,0
2026-02-27T16:52:50+00:00,0
2026-02-27T16:57:30+00:00,0
2026-02-27T17:02:32+00:00,0
2026-02-27T17:07:31+00:00,0
2026-02-27T17:12:33+00:00,0
2026-02-27T17:17:31+00:00,0
2026-02-27T17:22:33+00:00,0
2026-02-27T17:27:31+00:00,0
2026-02-27T17:32:31+00:00,0
2026-02-27T17:37:31+00:00,0
2026-02-27T17:42:31+00:00,0
2026-02-27T17:47:30+00:00,0
2026-02-27T17:57:30+00:00,0
2026-02-27T18:02:39+00:00,0
2026-02-27T18:07:30+00:00,0
2026-02-27T18:17:31+00:00,0
2026-02-27T18:22:39+00:00,0
2026-02-27T18:27:31+00:00,0
2026-02-27T18:32:33+00:00,0
2026-02-27T18:37:32+00:00,0
2026-02-27T18:42:34+00:00,0
2026-02-27T18:47:31+00:00,0
2026-02-27T18:52:33+00:00,0
2026-02-27T18:57:31+00:00,0
2026-02-27T19:02:33+00:00,0
2026-02-27T19:07:31+00:00,0
2026-02-27T19:12:31+00:00,0
2026-02-27T19:17:31+00:00,0
2026-02-27T19:22:34+00:00,0
2026-02-27T19:27:31+00:00,0
2026-02-27T19:32:45+00:00,0
2026-02-27T19:37:32+00:00,0
2026-02-27T19:42:33+00:00,0
2026-02-27T19:47:30+00:00,0
2026-02-27T19:52:42+00:00,0
2026-02-27T19:57:31+00:00,0
2026-02-27T20:02:32+00:00,0
2026-02-27T20:07:31+00:00,0
2026-02-27T20:12:35+00:00,0
2026-02-27T20:17:31+00:00,0
2026-02-27T20:22:37+00:00,0
2026-02-27T20:27:31+00:00,0
2026-02-27T20:32:44+00:00,0
2026-02-27T20:37:34+00:00,0
2026-02-27T20:42:37+00:00,0
2026-02-27T20:47:30+00:00,0
2026-02-27T20:52:37+00:00,0
2026-02-27T20:57:32+00:00,0
2026-02-27T21:02:47+00:00,0
2026-02-27T21:07:35+00:00,0
2026-02-27T21:12:49+00:00,0
2026-02-27T21:17:31+00:00,0
2026-02-27T21:22:33+00:00,0
2026-02-27T21:27:30+00:00,0
2026-02-27T21:32:32+00:00,0
2026-02-27T21:37:31+00:00,0
2026-02-27T21:42:33+00:00,0
2026-02-27T21:47:31+00:00,0
2026-02-27T21:52:43+00:00,0
2026-02-27T21:57:31+00:00,0
2026-02-27T22:02:33+00:00,0
2026-02-27T22:07:31+00:00,0
2026-02-27T22:12:36+00:00,0
2026-02-27T22:17:31+00:00,0
2026-02-27T22:22:32+00:00,0
2026-02-27T22:27:31+00:00,0
2026-02-27T22:32:37+00:00,1
2026-02-27T22:37:31+00:00,0
2026-02-27T22:42:39+00:00,0
2026-02-27T22:47:30+00:00,0
2026-02-27T22:52:35+00:00,1
2026-02-27T22:57:31+00:00,1
2026-02-27T23:02:41+00:00,1
2026-02-27T23:07:31+00:00,1
2026-02-27T23:12:33+00:00,1
2026-02-27T23:17:31+00:00,1
2026-02-27T23:22:37+00:00,0
2026-02-27T23:27:31+00:00,1
2026-02-27T23:32:46+00:00,1
2026-02-27T23:37:30+00:00,1
2026-02-27T23:42:32+00:00,1
2026-02-27T23:47:31+00:00,1
2026-02-27T23:52:33+00:00,0
2026-02-27T23:57:31+00:00,0
2026-02-28T00:02:39+00:00,0
2026-02-28T00:07:31+00:00,1
2026-02-28T00:12:32+00:00,1
2026-02-28T00:17:31+00:00,1
2026-02-28T00:22:35+00:00,0
2026-02-28T00:27:31+00:00,0
2026-02-28T00:32:38+00:00,0
2026-02-28T00:37:37+00:00,1
2026-02-28T00:42:33+00:00,1
2026-02-28T00:47:30+00:00,1
2026-02-28T00:52:36+00:00,1
2026-02-28T00:57:31+00:00,1
2026-02-28T01:02:49+00:00,1
2026-02-28T01:07:31+00:00,1
2026-02-28T01:12:32+00:00,1
2026-02-28T01:17:31+00:00,1
2026-02-28T01:22:36+00:00,1
2026-02-28T01:27:30+00:00,1
2026-02-28T01:37:31+00:00,1
2026-02-28T01:42:32+00:00,1
2026-02-28T01:47:31+00:00,1
2026-02-28T01:52:31+00:00,1
2026-02-28T01:57:30+00:00,1
2026-02-28T02:02:44+00:00,1
2026-02-28T02:07:31+00:00,1
2026-02-28T02:12:42+00:00,1
2026-02-28T02:17:31+00:00,0
2026-02-28T02:22:43+00:00,0
2026-02-28T02:27:31+00:00,1
2026-02-28T02:32:33+00:00,1
2026-02-28T02:37:31+00:00,1
2026-02-28T02:42:38+00:00,1
2026-02-28T02:47:30+00:00,1
2026-02-28T02:52:45+00:00,1
2026-02-28T02:57:30+00:00,1
2026-02-28T03:07:31+00:00,1
2026-02-28T03:12:32+00:00,1
2026-02-28T03:17:31+00:00,1
2026-02-28T03:22:33+00:00,1
2026-02-28T03:27:30+00:00,1
2026-02-28T03:32:54+00:00,1
2026-02-28T03:37:31+00:00,1
2026-02-28T03:42:31+00:00,1
2026-02-28T03:47:30+00:00,1
2026-02-28T03:52:44+00:00,1
2026-02-28T03:57:34+00:00,1
2026-02-28T04:02:38+00:00,0
2026-02-28T04:07:33+00:00,0
2026-02-28T04:12:42+00:00,0
2026-02-28T04:17:53+00:00,0
2026-02-28T04:22:31+00:00,0
2026-02-28T04:27:51+00:00,0
2026-02-28T04:32:33+00:00,0
2026-02-28T04:37:32+00:00,0
2026-02-28T04:42:33+00:00,0
2026-02-28T04:47:44+00:00,0
2026-02-28T04:52:31+00:00,0
2026-02-28T04:57:46+00:00,0
2026-02-28T05:02:48+00:00,0
2026-02-28T05:07:47+00:00,0
2026-02-28T05:17:31+00:00,0
2026-02-28T05:22:45+00:00,0
2026-02-28T05:27:31+00:00,0
2026-02-28T05:32:54+00:00,0
2026-02-28T05:37:33+00:00,0
2026-02-28T05:42:33+00:00,0
2026-02-28T05:47:31+00:00,0
2026-02-28T05:52:44+00:00,0
2026-02-28T05:58:00+00:00,0
2026-02-28T06:02:57+00:00,0
2026-02-28T06:07:37+00:00,0
2026-02-28T06:12:40+00:00,0
2026-02-28T06:17:31+00:00,0
2026-02-28T06:22:54+00:00,0
2026-02-28T06:27:43+00:00,0
2026-02-28T06:32:36+00:00,0
2026-02-28T06:37:33+00:00,0
2026-02-28T06:42:33+00:00,0
2026-02-28T06:48:12+00:00,0
2026-02-28T06:57:31+00:00,0
2026-02-28T07:02:40+00:00,0
2026-02-28T07:07:45+00:00,0
2026-02-28T07:12:33+00:00,0
2026-02-28T07:17:31+00:00,0
2026-02-28T07:22:32+00:00,0
2026-02-28T07:27:31+00:00,0
2026-02-28T07:32:53+00:00,0
2026-02-28T07:37:30+00:00,0
2026-02-28T07:42:33+00:00,0
2026-02-28T07:47:30+00:00,0
2026-02-28T07:52:56+00:00,0
2026-02-28T07:57:31+00:00,0
2026-02-28T08:02:53+00:00,0
2026-02-28T08:07:32+00:00,0
2026-02-28T08:12:35+00:00,0
2026-02-28T08:17:36+00:00,0
2026-02-28T08:22:35+00:00,0
2026-02-28T08:27:35+00:00,0
2026-02-28T08:32:33+00:00,0
2026-02-28T08:38:03+00:00,0
2026-02-28T08:42:33+00:00,0
2026-02-28T08:47:31+00:00,0
2026-02-28T08:52:58+00:00,0
2026-02-28T08:57:30+00:00,0
2026-02-28T09:02:47+00:00,0
2026-02-28T09:07:38+00:00,0
2026-02-28T09:12:57+00:00,0
2026-02-28T09:17:31+00:00,0
2026-02-28T09:22:40+00:00,0
2026-02-28T09:27:30+00:00,0
2026-02-28T09:32:52+00:00,0
2026-02-28T09:37:32+00:00,0
2026-02-28T09:42:50+00:00,0
2026-02-28T09:47:30+00:00,0
2026-02-28T09:52:32+00:00,0
2026-02-28T09:57:31+00:00,0
2026-02-28T10:02:33+00:00,0
2026-02-28T10:07:32+00:00,0
2026-02-28T10:12:36+00:00,0
2026-02-28T10:17:30+00:00,0
2026-02-28T10:22:35+00:00,0
2026-02-28T10:27:31+00:00,0
2026-02-28T10:33:08+00:00,0
2026-02-28T10:37:30+00:00,0
2026-02-28T10:47:31+00:00,0
2026-02-28T10:52:39+00:00,0
2026-02-28T10:57:31+00:00,0
2026-02-28T11:07:31+00:00,0
2026-02-28T11:12:35+00:00,0
2026-02-28T11:17:31+00:00,0
2026-02-28T11:22:34+00:00,0
2026-02-28T11:27:30+00:00,0
2026-02-28T11:32:36+00:00,0
2026-02-28T11:37:31+00:00,0
2026-02-28T11:42:44+00:00,0
2026-02-28T11:47:31+00:00,1
2026-02-28T11:52:33+00:00,1
2026-02-28T11:57:30+00:00,1
2026-02-28T12:02:40+00:00,0
2026-02-28T12:07:30+00:00,0
2026-02-28T12:12:32+00:00,0
2026-02-28T12:17:31+00:00,0
2026-02-28T12:22:39+00:00,0
2026-02-28T12:27:30+00:00,0
2026-02-28T12:32:47+00:00,0
2026-02-28T12:37:31+00:00,0
2026-02-28T12:47:31+00:00,0
2026-02-28T12:52:32+00:00,0
2026-02-28T12:57:31+00:00,0
2026-02-28T13:02:32+00:00,0
2026-02-28T13:07:32+00:00,0
2026-02-28T13:12:33+00:00,0
2026-02-28T13:17:31+00:00,0
2026-02-28T13:22:33+00:00,0
2026-02-28T13:27:31+00:00,0
2026-02-28T13:32:31+00:00,0
2026-02-28T13:37:31+00:00,0
2026-02-28T13:42:38+00:00,0
2026-02-28T13:47:30+00:00,0
2026-02-28T13:52:46+00:00,0
2026-02-28T13:57:31+00:00,0
2026-02-28T14:02:35+00:00,0
2026-02-28T14:07:30+00:00,0
2026-02-28T14:12:31+00:00,0
2026-02-28T14:17:30+00:00,0
2026-02-28T14:22:31+00:00,0
2026-02-28T14:27:30+00:00,0
2026-02-28T14:32:32+00:00,0
2026-02-28T14:37:30+00:00,0
2026-02-28T14:42:40+00:00,0
2026-02-28T14:47:31+00:00,0
2026-02-28T14:57:31+00:00,0
2026-02-28T15:02:37+00:00,0
2026-02-28T15:07:30+00:00,0
2026-02-28T15:12:33+00:00,0
2026-02-28T15:17:31+00:00,0
2026-02-28T15:22:37+00:00,0
2026-02-28T15:27:31+00:00,1
2026-02-28T15:32:33+00:00,1
2026-02-28T15:37:30+00:00,1
2026-02-28T15:42:45+00:00,1
2026-02-28T15:47:30+00:00,1
2026-02-28T15:52:42+00:00,0
2026-02-28T15:57:30+00:00,0
2026-02-28T16:02:52+00:00,0
2026-02-28T16:12:38+00:00,0
2026-02-28T16:17:31+00:00,0
2026-02-28T16:22:39+00:00,0
2026-02-28T16:27:30+00:00,0
2026-02-28T16:32:48+00:00,0
2026-02-28T16:37:30+00:00,0
2026-02-28T16:42:34+00:00,1
2026-02-28T16:47:31+00:00,0
2026-02-28T16:52:40+00:00,0
2026-02-28T16:57:31+00:00,0
2026-02-28T17:02:36+00:00,0
2026-02-28T17:07:31+00:00,0
2026-02-28T17:12:33+00:00,0
2026-02-28T17:17:32+00:00,0
2026-02-28T17:22:34+00:00,0
2026-02-28T17:27:31+00:00,0
2026-02-28T17:32:39+00:00,0
2026-02-28T17:37:31+00:00,0
2026-02-28T17:42:40+00:00,0
2026-02-28T17:47:30+00:00,0
2026-02-28T17:52:33+00:00,0
2026-02-28T17:57:31+00:00,0
2026-02-28T18:02:44+00:00,0
2026-02-28T18:07:31+00:00,0
2026-02-28T18:12:38+00:00,0
2026-02-28T18:17:31+00:00,0
2026-02-28T18:22:32+00:00,0
2026-02-28T18:27:30+00:00,0
2026-02-28T18:32:48+00:00,0
2026-02-28T18:37:32+00:00,0
2026-02-28T18:42:38+00:00,0
2026-02-28T18:47:31+00:00,0
2026-02-28T18:52:33+00:00,0
2026-02-28T18:57:30+00:00,0
2026-02-28T19:02:32+00:00,0
2026-02-28T19:07:30+00:00,0
2026-02-28T19:12:33+00:00,0
2026-02-28T19:17:31+00:00,0
2026-02-28T19:22:42+00:00,0
2026-02-28T19:27:31+00:00,0
2026-02-28T19:32:32+00:00,0
2026-02-28T19:37:31+00:00,0
2026-02-28T19:42:33+00:00,0
2026-02-28T19:47:31+00:00,0
2026-02-28T19:52:31+00:00,0
2026-02-28T19:57:31+00:00,0
2026-02-28T20:02:32+00:00,0
2026-02-28T20:07:31+00:00,0
2026-02-28T20:17:31+00:00,0
2026-02-28T20:22:33+00:00,0
2026-02-28T20:27:31+00:00,0
2026-02-28T20:32:42+00:00,0
2026-02-28T20:37:31+00:00,0
2026-02-28T20:42:40+00:00,0
2026-02-28T20:47:30+00:00,0
2026-02-28T20:57:30+00:00,0
2026-02-28T21:02:39+00:00,0
2026-02-28T21:07:30+00:00,0
2026-02-28T21:12:32+00:00,1
2026-02-28T21:17:30+00:00,1
2026-02-28T21:22:33+00:00,1
2026-02-28T21:27:31+00:00,1
2026-02-28T21:32:43+00:00,1
2026-02-28T21:37:31+00:00,1
2026-02-28T21:42:31+00:00,1
2026-02-28T21:47:31+00:00,1
2026-02-28T21:52:33+00:00,1
2026-02-28T21:57:30+00:00,1
2026-02-28T22:02:37+00:00,1
2026-02-28T22:07:31+00:00,1
2026-02-28T22:12:37+00:00,1
2026-02-28T22:17:30+00:00,1
2026-02-28T22:22:31+00:00,1
2026-02-28T22:27:31+00:00,1
2026-02-28T22:37:31+00:00,1
2026-02-28T22:42:32+00:00,1
2026-02-28T22:47:31+00:00,1
2026-02-28T22:52:44+00:00,1
2026-02-28T22:57:30+00:00,1
2026-02-28T23:02:35+00:00,1
2026-02-28T23:07:31+00:00,1
2026-02-28T23:12:38+00:00,1
2026-02-28T23:17:31+00:00,1
2026-02-28T23:22:40+00:00,1
2026-02-28T23:27:31+00:00,1
2026-02-28T23:32:38+00:00,1
2026-02-28T23:37:30+00:00,1
2026-02-28T23:42:33+00:00,1
2026-02-28T23:47:30+00:00,1
2026-02-28T23:57:30+00:00,1
2026-03-01T00:02:44+00:00,1
2026-03-01T00:07:31+00:00,1
2026-03-01T00:12:37+00:00,1
2026-03-01T00:17:31+00:00,1
2026-03-01T00:22:40+00:00,1
2026-03-01T00:27:30+00:00,1
2026-03-01T00:32:33+00:00,1
2026-03-01T00:37:31+00:00,1
2026-03-01T00:42:38+00:00,1
2026-03-01T00:47:32+00:00,1
2026-03-01T00:52:38+00:00,1
2026-03-01T00:57:31+00:00,1
2026-03-01T01:02:31+00:00,1
2026-03-01T01:07:30+00:00,1
2026-03-01T01:12:40+00:00,1
2026-03-01T01:17:31+00:00,1
2026-03-01T01:22:33+00:00,1
2026-03-01T01:27:31+00:00,1
2026-03-01T01:32:34+00:00,0
2026-03-01T01:37:30+00:00,0
2026-03-01T01:42:34+00:00,0
2026-03-01T01:47:31+00:00,1
2026-03-01T01:52:30+00:00,1
2026-03-01T01:57:30+00:00,1
2026-03-01T02:02:41+00:00,0
2026-03-01T02:07:30+00:00,0
2026-03-01T02:12:40+00:00,0
2026-03-01T02:17:30+00:00,0
2026-03-01T02:22:33+00:00,0
2026-03-01T02:27:31+00:00,0
2026-03-01T02:32:36+00:00,0
2026-03-01T02:37:31+00:00,0
2026-03-01T02:42:39+00:00,0
2026-03-01T02:47:31+00:00,0
2026-03-01T02:52:41+00:00,0
2026-03-01T02:57:30+00:00,0
2026-03-01T03:02:42+00:00,0
2026-03-01T03:07:30+00:00,0
2026-03-01T03:12:34+00:00,0
2026-03-01T03:17:31+00:00,0
2026-03-01T03:22:33+00:00,0
2026-03-01T03:27:30+00:00,0
2026-03-01T03:32:48+00:00,0
2026-03-01T03:37:30+00:00,0
2026-03-01T03:42:37+00:00,0
2026-03-01T03:47:30+00:00,0
2026-03-01T03:52:37+00:00,0
2026-03-01T03:57:31+00:00,0
2026-03-01T04:07:31+00:00,0
2026-03-01T04:12:37+00:00,0
2026-03-01T04:17:30+00:00,0
2026-03-01T04:22:51+00:00,0
2026-03-01T04:27:31+00:00,0
2026-03-01T04:32:44+00:00,0
2026-03-01T04:37:31+00:00,0
2026-03-01T04:47:30+00:00,0
2026-03-01T04:52:39+00:00,0
2026-03-01T04:57:31+00:00,0
2026-03-01T05:02:30+00:00,0
2026-03-01T05:07:30+00:00,0
2026-03-01T05:12:38+00:00,0
2026-03-01T05:17:31+00:00,0
2026-03-01T05:22:44+00:00,0
2026-03-01T05:27:31+00:00,0
2026-03-01T05:32:48+00:00,0
2026-03-01T05:37:30+00:00,0
2026-03-01T05:42:36+00:00,0
2026-03-01T05:47:31+00:00,0
2026-03-01T05:52:33+00:00,0
2026-03-01T05:57:30+00:00,0
2026-03-01T06:02:33+00:00,0
2026-03-01T06:07:30+00:00,0
2026-03-01T06:17:31+00:00,0
2026-03-01T06:22:36+00:00,0
2026-03-01T06:27:30+00:00,0
2026-03-01T06:32:37+00:00,0
2026-03-01T06:37:31+00:00,0
2026-03-01T06:42:41+00:00,0
2026-03-01T06:47:30+00:00,0
2026-03-01T06:52:35+00:00,0
2026-03-01T06:57:31+00:00,0
2026-03-01T07:02:33+00:00,0
2026-03-01T07:07:31+00:00,0
2026-03-01T07:12:43+00:00,0
2026-03-01T07:17:31+00:00,0
2026-03-01T07:22:32+00:00,0
2026-03-01T07:27:31+00:00,0
2026-03-01T07:32:43+00:00,0
2026-03-01T07:37:31+00:00,0
2026-03-01T07:42:39+00:00,0
2026-03-01T07:47:31+00:00,0
2026-03-01T07:52:35+00:00,0
2026-03-01T07:57:30+00:00,0
2026-03-01T08:02:36+00:00,0
2026-03-01T08:07:30+00:00,0
2026-03-01T08:12:36+00:00,0
2026-03-01T08:17:31+00:00,0
2026-03-01T08:22:39+00:00,0
2026-03-01T08:27:30+00:00,0
2026-03-01T08:32:46+00:00,0
2026-03-01T08:37:31+00:00,0
2026-03-01T08:42:41+00:00,0
2026-03-01T08:47:30+00:00,0
2026-03-01T08:52:33+00:00,0
2026-03-01T08:57:31+00:00,0
2026-03-01T09:02:30+00:00,0
2026-03-01T09:07:30+00:00,0
2026-03-01T09:12:41+00:00,0
2026-03-01T09:17:31+00:00,0
2026-03-01T09:22:44+00:00,0
2026-03-01T09:27:31+00:00,0
2026-03-01T09:33:00+00:00,0
2026-03-01T09:37:31+00:00,0
2026-03-01T09:42:43+00:00,0
2026-03-01T09:47:31+00:00,0
2026-03-01T09:52:31+00:00,0
2026-03-01T09:57:30+00:00,0
2026-03-01T10:02:38+00:00,0
2026-03-01T10:07:31+00:00,0
2026-03-01T10:12:44+00:00,0
2026-03-01T10:17:31+00:00,0
2026-03-01T10:22:39+00:00,0
2026-03-01T10:27:31+00:00,0
2026-03-01T10:32:44+00:00,0
2026-03-01T10:37:30+00:00,0
2026-03-01T10:42:33+00:00,0
2026-03-01T10:47:31+00:00,0
2026-03-01T10:52:41+00:00,0
2026-03-01T10:57:31+00:00,0
2026-03-01T11:07:31+00:00,1
2026-03-01T11:12:34+00:00,1
2026-03-01T11:17:31+00:00,1
2026-03-01T11:22:33+00:00,1
2026-03-01T11:27:31+00:00,0
2026-03-01T11:32:38+00:00,0
2026-03-01T11:37:31+00:00,0
2026-03-01T11:42:37+00:00,0
2026-03-01T11:47:31+00:00,0
2026-03-01T11:52:33+00:00,0
2026-03-01T11:57:31+00:00,0
2026-03-01T12:02:40+00:00,0
2026-03-01T12:07:31+00:00,0
2026-03-01T12:13:59+00:00,0
2026-03-01T12:17:45+00:00,0
2026-03-01T12:22:32+00:00,0
2026-03-01T12:27:45+00:00,0
2026-03-01T12:32:31+00:00,0
2026-03-01T12:37:31+00:00,0
2026-03-01T12:42:39+00:00,0
2026-03-01T12:47:31+00:00,0
2026-03-01T12:52:47+00:00,0
2026-03-01T12:57:31+00:00,0
2026-03-01T13:02:31+00:00,0
2026-03-01T13:07:30+00:00,0
2026-03-01T13:12:35+00:00,0
2026-03-01T13:17:31+00:00,0
2026-03-01T13:22:36+00:00,0
2026-03-01T13:27:30+00:00,0
2026-03-01T13:32:32+00:00,0
2026-03-01T13:37:30+00:00,0
2026-03-01T13:42:33+00:00,0
2026-03-01T13:47:31+00:00,0
2026-03-01T13:57:31+00:00,0
2026-03-01T14:02:36+00:00,0
2026-03-01T14:07:30+00:00,0
2026-03-01T14:12:41+00:00,0
2026-03-01T14:17:30+00:00,0
2026-03-01T14:22:44+00:00,0
2026-03-01T14:27:30+00:00,0
2026-03-01T14:37:31+00:00,0
2026-03-01T14:42:36+00:00,0
2026-03-01T14:47:31+00:00,0
2026-03-01T14:52:37+00:00,0
2026-03-01T14:57:31+00:00,0
2026-03-01T15:02:37+00:00,0
2026-03-01T15:07:31+00:00,0
2026-03-01T15:12:34+00:00,0
2026-03-01T15:17:31+00:00,0
2026-03-01T15:22:49+00:00,0
2026-03-01T15:27:31+00:00,0
2026-03-01T15:32:33+00:00,0
2026-03-01T15:37:31+00:00,0
2026-03-01T15:42:53+00:00,0
2026-03-01T15:47:31+00:00,0
2026-03-01T15:52:40+00:00,0
2026-03-01T15:57:30+00:00,0
2026-03-01T16:02:34+00:00,0
2026-03-01T16:07:30+00:00,0
2026-03-01T16:12:47+00:00,0
2026-03-01T16:17:31+00:00,0
2026-03-01T16:27:31+00:00,0
2026-03-01T16:32:40+00:00,0
2026-03-01T16:37:31+00:00,0
2026-03-01T16:47:31+00:00,0
2026-03-01T16:52:48+00:00,0
2026-03-01T16:57:31+00:00,0
2026-03-01T17:02:33+00:00,0
2026-03-01T17:07:32+00:00,0
2026-03-01T17:12:44+00:00,0
2026-03-01T17:17:30+00:00,0
2026-03-01T17:22:31+00:00,0
2026-03-01T17:27:31+00:00,0
2026-03-01T17:32:55+00:00,0
2026-03-01T17:37:31+00:00,0
2026-03-01T17:42:32+00:00,0
2026-03-01T17:47:31+00:00,0
2026-03-01T17:52:33+00:00,0
2026-03-01T17:57:31+00:00,0
2026-03-01T18:02:49+00:00,0
2026-03-01T18:07:48+00:00,0
2026-03-01T18:12:52+00:00,0
2026-03-01T18:17:31+00:00,0
2026-03-01T18:22:35+00:00,0
2026-03-01T18:27:32+00:00,0
2026-03-01T18:32:47+00:00,0
2026-03-01T18:37:31+00:00,0
2026-03-01T18:42:33+00:00,0
2026-03-01T18:47:31+00:00,0
2026-03-01T18:52:47+00:00,0
2026-03-01T18:57:30+00:00,0
2026-03-01T19:02:42+00:00,0
2026-03-01T19:07:30+00:00,0
2026-03-01T19:12:33+00:00,0
2026-03-01T19:17:31+00:00,0
2026-03-01T19:22:31+00:00,0
2026-03-01T19:27:31+00:00,0
2026-03-01T19:32:34+00:00,0
2026-03-01T19:37:31+00:00,0
2026-03-01T19:47:30+00:00,0
2026-03-01T19:52:48+00:00,0
2026-03-01T19:57:31+00:00,1
2026-03-01T20:07:30+00:00,0
2026-03-01T20:12:39+00:00,0
2026-03-01T20:17:31+00:00,0
2026-03-01T20:22:33+00:00,0
2026-03-01T20:27:32+00:00,1
2026-03-01T20:32:32+00:00,0
2026-03-01T20:37:31+00:00,0
2026-03-01T20:42:40+00:00,0
2026-03-01T20:47:31+00:00,1
2026-03-01T20:57:30+00:00,1
2026-03-01T21:02:38+00:00,0
2026-03-01T21:07:31+00:00,1
2026-03-01T21:17:31+00:00,0
2026-03-01T21:22:39+00:00,0
2026-03-01T21:27:31+00:00,0
2026-03-01T21:32:57+00:00,0
2026-03-01T21:37:31+00:00,0
2026-03-01T21:42:44+00:00,0
2026-03-01T21:47:30+00:00,1
2026-03-01T21:52:48+00:00,1
2026-03-01T21:57:31+00:00,1
2026-03-01T22:02:39+00:00,1
2026-03-01T22:07:31+00:00,1
2026-03-01T22:12:45+00:00,1
2026-03-01T22:17:31+00:00,1
2026-03-01T22:22:44+00:00,1
2026-03-01T22:27:31+00:00,1
2026-03-01T22:32:48+00:00,1
2026-03-01T22:37:31+00:00,1
2026-03-01T22:42:41+00:00,1
2026-03-01T22:47:31+00:00,1
2026-03-01T22:52:35+00:00,1
2026-03-01T22:57:30+00:00,1
2026-03-01T23:02:32+00:00,1
2026-03-01T23:07:31+00:00,1
2026-03-01T23:12:38+00:00,1
2026-03-01T23:17:31+00:00,1
2026-03-01T23:22:48+00:00,1
2026-03-01T23:27:31+00:00,1
2026-03-01T23:32:36+00:00,0
2026-03-01T23:37:31+00:00,1
2026-03-01T23:42:52+00:00,0
2026-03-01T23:47:30+00:00,1
2026-03-01T23:52:56+00:00,1
2026-03-01T23:57:30+00:00,0
2026-03-02T00:02:38+00:00,0
2026-03-02T00:07:31+00:00,0
2026-03-02T00:12:40+00:00,1
2026-03-02T00:17:31+00:00,1
2026-03-02T00:23:00+00:00,1
2026-03-02T00:27:31+00:00,1
2026-03-02T00:33:05+00:00,1
2026-03-02T00:37:31+00:00,1
2026-03-02T00:42:46+00:00,1
2026-03-02T00:47:31+00:00,1
2026-03-02T00:52:44+00:00,1
2026-03-02T00:57:31+00:00,1
2026-03-02T01:02:55+00:00,1
2026-03-02T01:07:46+00:00,1
2026-03-02T01:12:49+00:00,1
2026-03-02T01:17:31+00:00,1
2026-03-02T01:27:32+00:00,0
2026-03-02T01:32:36+00:00,0
2026-03-02T01:37:31+00:00,0
2026-03-02T01:42:33+00:00,0
2026-03-02T01:47:30+00:00,0
2026-03-02T01:52:38+00:00,0
2026-03-02T01:57:32+00:00,0
2026-03-02T02:02:36+00:00,0
2026-03-02T02:07:30+00:00,0
2026-03-02T02:12:53+00:00,0
2026-03-02T02:17:31+00:00,0
2026-03-02T02:22:56+00:00,0
2026-03-02T02:27:31+00:00,0
2026-03-02T02:32:33+00:00,0
2026-03-02T02:37:32+00:00,0
2026-03-02T02:42:36+00:00,0
2026-03-02T02:47:31+00:00,0
2026-03-02T02:52:33+00:00,0
2026-03-02T02:57:31+00:00,0
2026-03-02T03:02:34+00:00,0
2026-03-02T03:07:33+00:00,0
2026-03-02T03:12:50+00:00,0
2026-03-02T03:17:31+00:00,0
2026-03-02T03:22:31+00:00,0
2026-03-02T03:27:32+00:00,0
2026-03-02T03:32:36+00:00,0
2026-03-02T03:37:31+00:00,0
2026-03-02T03:42:57+00:00,0
2026-03-02T03:47:30+00:00,0
2026-03-02T03:52:34+00:00,0
2026-03-02T03:57:31+00:00,0
2026-03-02T04:02:34+00:00,0
2026-03-02T04:07:32+00:00,0
2026-03-02T04:12:51+00:00,0
2026-03-02T04:17:33+00:00,0
2026-03-02T04:22:33+00:00,0
2026-03-02T04:27:32+00:00,0
2026-03-02T04:32:50+00:00,0
2026-03-02T04:37:46+00:00,0
2026-03-02T04:42:47+00:00,0
2026-03-02T04:47:32+00:00,0
2026-03-02T04:57:30+00:00,0
2026-03-02T05:02:47+00:00,0
2026-03-02T05:07:51+00:00,0
2026-03-02T05:12:58+00:00,0
2026-03-02T05:17:41+00:00,0
2026-03-02T05:22:32+00:00,0
2026-03-02T05:27:34+00:00,0
2026-03-02T05:32:44+00:00,0
2026-03-02T05:37:35+00:00,0
2026-03-02T05:42:45+00:00,0
2026-03-02T05:47:32+00:00,0
2026-03-02T05:52:32+00:00,0
2026-03-02T05:57:32+00:00,0
2026-03-02T06:02:34+00:00,0
2026-03-02T06:07:50+00:00,0
2026-03-02T06:12:33+00:00,0
2026-03-02T06:17:57+00:00,0
2026-03-02T06:23:04+00:00,0
2026-03-02T06:27:42+00:00,0
2026-03-02T06:33:10+00:00,0
2026-03-02T06:37:33+00:00,0
2026-03-02T06:42:31+00:00,0
2026-03-02T06:47:31+00:00,0
2026-03-02T06:52:32+00:00,0
2026-03-02T06:57:31+00:00,0
2026-03-02T07:02:57+00:00,0
2026-03-02T07:07:38+00:00,0
2026-03-02T07:12:45+00:00,0
2026-03-02T07:22:31+00:00,0
2026-03-02T07:27:30+00:00,0
2026-03-02T07:32:31+00:00,0
2026-03-02T07:37:30+00:00,0
2026-03-02T07:42:43+00:00,0
2026-03-02T07:47:30+00:00,0
2026-03-02T07:52:38+00:00,0
2026-03-02T07:57:30+00:00,0
2026-03-02T08:02:31+00:00,0
2026-03-02T08:07:51+00:00,0
2026-03-02T08:12:45+00:00,0
2026-03-02T08:22:33+00:00,0
2026-03-02T08:27:48+00:00,0
2026-03-02T08:32:33+00:00,0
2026-03-02T08:37:30+00:00,0
2026-03-02T08:42:34+00:00,0
2026-03-02T08:47:31+00:00,0
2026-03-02T08:52:34+00:00,0
2026-03-02T08:58:08+00:00,0
2026-03-02T09:02:34+00:00,0
2026-03-02T09:07:32+00:00,0
2026-03-02T09:12:57+00:00,1
2026-03-02T09:17:58+00:00,1
2026-03-02T09:22:58+00:00,0
2026-03-02T09:27:44+00:00,0
2026-03-02T09:37:33+00:00,0
2026-03-02T09:42:33+00:00,0
2026-03-02T09:53:04+00:00,0
2026-03-02T09:57:59+00:00,0
2026-03-02T10:02:34+00:00,0
2026-03-02T10:07:53+00:00,0
2026-03-02T10:12:47+00:00,1
2026-03-02T10:17:43+00:00,1
2026-03-02T10:22:32+00:00,1
2026-03-02T10:27:39+00:00,0
2026-03-02T10:32:31+00:00,0
2026-03-02T10:37:31+00:00,0
2026-03-02T10:42:31+00:00,0
2026-03-02T10:47:31+00:00,0
2026-03-02T10:52:32+00:00,0
2026-03-02T10:57:30+00:00,0
2026-03-02T11:02:35+00:00,0
2026-03-02T11:12:34+00:00,0
2026-03-02T11:17:31+00:00,0
2026-03-02T11:22:39+00:00,0
2026-03-02T11:27:49+00:00,0
2026-03-02T11:32:31+00:00,0
2026-03-02T11:37:35+00:00,0
2026-03-02T11:42:59+00:00,0
2026-03-02T11:47:30+00:00,0
2026-03-02T11:52:48+00:00,0
2026-03-02T11:57:30+00:00,0
2026-03-02T12:02:35+00:00,0
2026-03-02T12:07:31+00:00,0
2026-03-02T12:12:56+00:00,0
2026-03-02T12:22:31+00:00,0
2026-03-02T12:27:30+00:00,0
2026-03-02T12:32:43+00:00,0
2026-03-02T12:37:30+00:00,0
2026-03-02T12:42:36+00:00,0
2026-03-02T12:47:30+00:00,0
2026-03-02T12:52:33+00:00,0
2026-03-02T12:57:31+00:00,0
2026-03-02T13:07:30+00:00,0
2026-03-02T13:12:35+00:00,0
2026-03-02T13:17:30+00:00,0
2026-03-02T13:27:31+00:00,0
2026-03-02T13:32:43+00:00,0
2026-03-02T13:37:30+00:00,0
2026-03-02T13:42:40+00:00,0
2026-03-02T13:47:31+00:00,0
2026-03-02T13:52:51+00:00,0
2026-03-02T13:57:31+00:00,0
2026-03-02T14:02:33+00:00,0
2026-03-02T14:07:31+00:00,0
2026-03-02T14:12:38+00:00,0
2026-03-02T14:17:31+00:00,0
2026-03-02T14:22:43+00:00,0
2026-03-02T14:27:32+00:00,0
2026-03-02T14:32:37+00:00,0
2026-03-02T14:37:31+00:00,0
2026-03-02T14:42:38+00:00,1
2026-03-02T14:47:31+00:00,1
2026-03-02T14:57:30+00:00,1
2026-03-02T15:02:35+00:00,1
2026-03-02T15:07:49+00:00,1
2026-03-02T15:12:34+00:00,1
2026-03-02T15:17:50+00:00,1
2026-03-02T15:22:34+00:00,0
2026-03-02T15:27:33+00:00,0
2026-03-02T15:32:45+00:00,0
2026-03-02T15:37:31+00:00,0
2026-03-02T15:42:35+00:00,0
2026-03-02T15:47:31+00:00,0
2026-03-02T15:52:43+00:00,0
2026-03-02T15:57:31+00:00,0
2026-03-02T16:07:31+00:00,0
2026-03-02T16:12:47+00:00,0
2026-03-02T16:17:30+00:00,0
2026-03-02T16:23:01+00:00,0
2026-03-02T16:27:32+00:00,0
2026-03-02T16:32:44+00:00,0
2026-03-02T16:37:31+00:00,0
2026-03-02T16:42:35+00:00,0
2026-03-02T16:47:31+00:00,0
2026-03-02T16:52:55+00:00,0
2026-03-02T16:57:31+00:00,0
2026-03-02T17:02:46+00:00,0
2026-03-02T17:07:30+00:00,0
2026-03-02T17:12:43+00:00,0
2026-03-02T17:17:30+00:00,0
2026-03-02T17:22:33+00:00,0
2026-03-02T17:27:30+00:00,0
2026-03-02T17:32:54+00:00,0
2026-03-02T17:37:31+00:00,0
2026-03-02T17:42:38+00:00,0
2026-03-02T17:47:31+00:00,0
2026-03-02T17:52:53+00:00,0
2026-03-02T17:57:30+00:00,0
2026-03-02T18:02:47+00:00,0
2026-03-02T18:07:30+00:00,0
2026-03-02T18:12:43+00:00,0
2026-03-02T18:17:30+00:00,0
2026-03-02T18:22:34+00:00,0
2026-03-02T18:27:30+00:00,0
2026-03-02T18:32:30+00:00,0
2026-03-02T18:37:31+00:00,0
2026-03-02T18:42:45+00:00,0
2026-03-02T18:47:31+00:00,0
2026-03-02T18:52:31+00:00,0
2026-03-02T18:57:31+00:00,0
2026-03-02T19:02:39+00:00,0
2026-03-02T19:07:31+00:00,0
2026-03-02T19:12:50+00:00,1
2026-03-02T19:17:31+00:00,1
2026-03-02T19:22:55+00:00,1
2026-03-02T19:27:30+00:00,1
2026-03-02T19:32:31+00:00,1
2026-03-02T19:37:48+00:00,1
2026-03-02T19:42:50+00:00,1
2026-03-02T19:47:41+00:00,1
2026-03-02T19:52:32+00:00,1
2026-03-02T20:02:34+00:00,1
2026-03-02T20:07:32+00:00,1
2026-03-02T20:12:44+00:00,1
2026-03-02T20:17:56+00:00,1
2026-03-02T20:22:32+00:00,1
2026-03-02T20:27:35+00:00,1
2026-03-02T20:32:41+00:00,1
2026-03-02T20:37:33+00:00,1
2026-03-02T20:42:33+00:00,1
2026-03-02T20:47:33+00:00,1
2026-03-02T20:52:54+00:00,0
2026-03-02T20:57:42+00:00,1
2026-03-02T21:02:53+00:00,1
2026-03-02T21:07:54+00:00,1
2026-03-02T21:12:48+00:00,1
2026-03-02T21:17:32+00:00,1
2026-03-02T21:22:51+00:00,1
2026-03-02T21:27:53+00:00,1
2026-03-02T21:32:46+00:00,1
2026-03-02T21:37:33+00:00,1
2026-03-02T21:42:40+00:00,1
2026-03-02T21:47:33+00:00,1
2026-03-02T21:52:33+00:00,1
2026-03-02T21:57:32+00:00,1
2026-03-02T22:02:39+00:00,1
2026-03-02T22:07:33+00:00,1
2026-03-02T22:12:34+00:00,1
2026-03-02T22:17:33+00:00,1
2026-03-02T22:22:43+00:00,1
2026-03-02T22:27:38+00:00,1
2026-03-02T22:32:35+00:00,1
2026-03-02T22:37:59+00:00,1
2026-03-02T22:42:39+00:00,1
2026-03-02T22:47:41+00:00,1
2026-03-02T22:57:39+00:00,1
2026-03-02T23:02:59+00:00,1
2026-03-02T23:07:38+00:00,1
2026-03-02T23:12:40+00:00,0
2026-03-02T23:17:32+00:00,0
2026-03-02T23:22:36+00:00,0
2026-03-02T23:27:48+00:00,0
2026-03-02T23:33:01+00:00,0
2026-03-02T23:37:49+00:00,0
2026-03-02T23:42:38+00:00,0
2026-03-02T23:48:02+00:00,0
2026-03-02T23:52:39+00:00,0
2026-03-02T23:57:49+00:00,0
2026-03-03T00:02:59+00:00,1
2026-03-03T00:07:48+00:00,1
2026-03-03T00:12:37+00:00,1
2026-03-03T00:17:48+00:00,1
2026-03-03T00:22:33+00:00,1
2026-03-03T00:27:46+00:00,1
2026-03-03T00:32:32+00:00,1
2026-03-03T00:37:33+00:00,1
2026-03-03T00:42:41+00:00,1
2026-03-03T00:47:49+00:00,1
2026-03-03T00:52:54+00:00,1
2026-03-03T00:57:46+00:00,1
2026-03-03T01:02:37+00:00,1
2026-03-03T01:07:40+00:00,1
2026-03-03T01:12:33+00:00,1
2026-03-03T01:17:32+00:00,1
2026-03-03T01:22:57+00:00,0
2026-03-03T01:27:50+00:00,0
2026-03-03T01:32:59+00:00,0
2026-03-03T01:37:36+00:00,0
2026-03-03T01:42:32+00:00,0
2026-03-03T01:47:55+00:00,0
2026-03-03T01:57:48+00:00,0
2026-03-03T02:02:31+00:00,0
2026-03-03T02:07:44+00:00,0
2026-03-03T02:12:33+00:00,0
2026-03-03T02:17:33+00:00,0
2026-03-03T02:22:39+00:00,0
2026-03-03T02:28:00+00:00,0
2026-03-03T02:32:32+00:00,0
2026-03-03T02:37:32+00:00,0
2026-03-03T02:42:35+00:00,0
2026-03-03T02:47:39+00:00,0
2026-03-03T02:52:36+00:00,0
2026-03-03T02:57:38+00:00,0
2026-03-03T03:02:36+00:00,0
2026-03-03T03:12:35+00:00,0
2026-03-03T03:17:34+00:00,0
2026-03-03T03:27:31+00:00,0
2026-03-03T03:32:45+00:00,0
2026-03-03T03:37:32+00:00,0
2026-03-03T03:42:33+00:00,0
2026-03-03T03:47:32+00:00,0
2026-03-03T03:52:50+00:00,0
2026-03-03T03:57:43+00:00,0
2026-03-03T04:02:35+00:00,0
2026-03-03T04:12:32+00:00,0
2026-03-03T04:17:46+00:00,0
2026-03-03T04:22:57+00:00,0
2026-03-03T04:27:45+00:00,0
2026-03-03T04:32:33+00:00,0
2026-03-03T04:38:00+00:00,0
2026-03-03T04:42:34+00:00,0
2026-03-03T04:47:33+00:00,0
2026-03-03T04:52:42+00:00,0
2026-03-03T04:57:36+00:00,0
2026-03-03T05:02:33+00:00,0
2026-03-03T05:07:56+00:00,0
2026-03-03T05:12:35+00:00,0
2026-03-03T05:17:41+00:00,0
2026-03-03T05:22:33+00:00,0
2026-03-03T05:27:41+00:00,0
2026-03-03T05:37:40+00:00,0
2026-03-03T05:42:32+00:00,0
2026-03-03T05:48:11+00:00,0
2026-03-03T05:53:02+00:00,0
2026-03-03T05:57:43+00:00,0
2026-03-03T06:02:37+00:00,0
2026-03-03T06:07:33+00:00,0
2026-03-03T06:12:35+00:00,0
2026-03-03T06:17:44+00:00,0
2026-03-03T06:22:38+00:00,0
2026-03-03T06:27:33+00:00,0
2026-03-03T06:32:39+00:00,0
2026-03-03T06:37:43+00:00,0
2026-03-03T06:43:02+00:00,0
2026-03-03T06:48:04+00:00,0
2026-03-03T06:52:44+00:00,0
2026-03-03T06:57:31+00:00,0
2026-03-03T07:02:41+00:00,0
2026-03-03T07:07:33+00:00,0
2026-03-03T07:17:42+00:00,0
2026-03-03T07:22:45+00:00,0
2026-03-03T07:27:51+00:00,0
2026-03-03T07:32:36+00:00,0
2026-03-03T07:37:40+00:00,0
2026-03-03T07:42:34+00:00,0
2026-03-03T07:47:34+00:00,0
2026-03-03T07:52:33+00:00,0
2026-03-03T07:57:33+00:00,0
2026-03-03T08:02:56+00:00,0
2026-03-03T08:07:32+00:00,0
2026-03-03T08:12:47+00:00,0
2026-03-03T08:17:52+00:00,0
2026-03-03T08:22:33+00:00,0
2026-03-03T08:27:47+00:00,0
2026-03-03T08:32:33+00:00,0
2026-03-03T08:37:51+00:00,0
2026-03-03T08:42:32+00:00,1
2026-03-03T08:47:55+00:00,0
2026-03-03T08:52:32+00:00,0
2026-03-03T08:57:56+00:00,1
2026-03-03T09:02:33+00:00,0
2026-03-03T09:07:32+00:00,0
2026-03-03T09:12:33+00:00,1
2026-03-03T09:17:44+00:00,1
2026-03-03T09:22:43+00:00,0
2026-03-03T09:27:33+00:00,1
2026-03-03T09:33:12+00:00,1
2026-03-03T09:37:50+00:00,1
2026-03-03T09:43:02+00:00,1
2026-03-03T09:52:54+00:00,1
2026-03-03T09:57:39+00:00,0
2026-03-03T10:03:01+00:00,0
2026-03-03T10:07:48+00:00,0
2026-03-03T10:22:42+00:00,0
2026-03-03T10:27:33+00:00,1
2026-03-03T10:32:42+00:00,1
2026-03-03T10:37:38+00:00,1
2026-03-03T10:42:33+00:00,1
2026-03-03T10:48:01+00:00,1
2026-03-03T10:52:47+00:00,1
2026-03-03T10:58:00+00:00,1
2026-03-03T11:02:56+00:00,1
2026-03-03T11:07:54+00:00,0
2026-03-03T11:12:33+00:00,0
2026-03-03T11:17:33+00:00,0
2026-03-03T11:22:33+00:00,0
2026-03-03T11:27:39+00:00,0
2026-03-03T11:37:33+00:00,0
2026-03-03T11:42:37+00:00,0
2026-03-03T11:47:46+00:00,1
2026-03-03T11:52:36+00:00,1
2026-03-03T11:57:40+00:00,1
2026-03-03T12:02:45+00:00,1
2026-03-03T12:07:33+00:00,0
2026-03-03T12:12:33+00:00,0
2026-03-03T12:17:47+00:00,1
2026-03-03T12:22:35+00:00,1
2026-03-03T12:28:12+00:00,1
2026-03-03T12:32:46+00:00,1
2026-03-03T12:37:38+00:00,1
2026-03-03T12:42:39+00:00,1
2026-03-03T12:48:05+00:00,1
2026-03-03T12:52:31+00:00,1
2026-03-03T12:57:40+00:00,1
2026-03-03T13:02:55+00:00,1
2026-03-03T13:07:43+00:00,1
2026-03-03T13:13:16+00:00,1
2026-03-03T13:17:45+00:00,1
2026-03-03T13:22:33+00:00,1
2026-03-03T13:27:43+00:00,1
2026-03-03T13:32:45+00:00,1
2026-03-03T13:42:36+00:00,1
2026-03-03T13:47:34+00:00,1
2026-03-03T13:52:33+00:00,1
2026-03-03T13:57:32+00:00,1
2026-03-03T14:02:33+00:00,1
2026-03-03T14:07:32+00:00,1
2026-03-03T14:12:33+00:00,1
2026-03-03T14:17:54+00:00,1
2026-03-03T14:22:39+00:00,1
2026-03-03T14:27:52+00:00,1
2026-03-03T14:37:39+00:00,1
2026-03-03T14:42:35+00:00,1
2026-03-03T14:47:39+00:00,1
2026-03-03T14:52:50+00:00,1
2026-03-03T14:57:35+00:00,1
2026-03-03T15:02:47+00:00,1
2026-03-03T15:07:40+00:00,1
2026-03-03T15:12:32+00:00,1
2026-03-03T15:17:32+00:00,1
2026-03-03T15:22:32+00:00,1
2026-03-03T15:27:48+00:00,1
2026-03-03T15:32:34+00:00,1
2026-03-03T15:37:55+00:00,1
2026-03-03T15:42:37+00:00,1
2026-03-03T15:47:46+00:00,1
2026-03-03T15:52:33+00:00,1
2026-03-03T15:57:40+00:00,1
2026-03-03T16:02:31+00:00,1
2026-03-03T16:07:41+00:00,1
2026-03-03T16:12:57+00:00,1
2026-03-03T16:17:37+00:00,1
2026-03-03T16:22:45+00:00,1
2026-03-03T16:27:56+00:00,1
2026-03-03T16:32:34+00:00,1
2026-03-03T16:37:38+00:00,1
2026-03-03T16:42:32+00:00,1
2026-03-03T16:47:41+00:00,1
2026-03-03T16:52:53+00:00,1
2026-03-03T16:57:52+00:00,1
2026-03-03T17:02:33+00:00,1
2026-03-03T17:07:44+00:00,0
2026-03-03T17:12:33+00:00,0
2026-03-03T17:17:42+00:00,0
2026-03-03T17:22:54+00:00,1
2026-03-03T17:27:31+00:00,1
2026-03-03T17:32:33+00:00,0
2026-03-03T17:37:52+00:00,0
2026-03-03T17:42:39+00:00,0
2026-03-03T17:47:33+00:00,0
2026-03-03T17:52:32+00:00,0
2026-03-03T17:57:46+00:00,0
2026-03-03T18:02:32+00:00,0
2026-03-03T18:07:37+00:00,0
2026-03-03T18:12:32+00:00,0
2026-03-03T18:17:58+00:00,0
2026-03-03T18:22:49+00:00,0
2026-03-03T18:27:53+00:00,0
2026-03-03T18:32:45+00:00,0
2026-03-03T18:37:40+00:00,0
2026-03-03T18:42:44+00:00,0
2026-03-03T18:47:33+00:00,0
2026-03-03T18:52:44+00:00,0
2026-03-03T18:57:32+00:00,0
2026-03-03T19:02:58+00:00,0
2026-03-03T19:07:42+00:00,0
2026-03-03T19:12:50+00:00,0
2026-03-03T19:17:47+00:00,0
2026-03-03T19:22:43+00:00,0
2026-03-03T19:27:49+00:00,0
2026-03-03T19:32:45+00:00,0
2026-03-03T19:37:41+00:00,0
2026-03-03T19:42:41+00:00,0
2026-03-03T19:47:33+00:00,0
2026-03-03T19:52:53+00:00,0
2026-03-03T19:57:33+00:00,0
2026-03-03T20:02:33+00:00,0
2026-03-03T20:07:53+00:00,0
2026-03-03T20:12:32+00:00,0
2026-03-03T20:18:04+00:00,0
2026-03-03T20:22:46+00:00,0
2026-03-03T20:32:36+00:00,0
2026-03-03T20:37:52+00:00,0
2026-03-03T20:42:45+00:00,0
2026-03-03T20:48:04+00:00,0
2026-03-03T20:53:11+00:00,0
2026-03-03T20:58:02+00:00,0
2026-03-03T21:02:42+00:00,0
2026-03-03T21:07:39+00:00,0
2026-03-03T21:12:34+00:00,0
2026-03-03T21:17:42+00:00,0
2026-03-03T21:22:35+00:00,0
2026-03-03T21:27:32+00:00,0
2026-03-03T21:32:41+00:00,0
2026-03-03T21:37:40+00:00,0
2026-03-03T21:42:43+00:00,0
2026-03-03T21:47:55+00:00,0
2026-03-03T21:52:37+00:00,0
2026-03-03T21:57:43+00:00,1
2026-03-03T22:02:40+00:00,1
2026-03-03T22:08:01+00:00,0
2026-03-03T22:13:04+00:00,0
2026-03-03T22:17:46+00:00,0
2026-03-03T22:22:45+00:00,0
2026-03-03T22:27:37+00:00,0
2026-03-03T22:38:10+00:00,1
2026-03-03T22:42:32+00:00,0
2026-03-03T22:47:35+00:00,1
2026-03-03T22:52:33+00:00,1
2026-03-03T22:57:44+00:00,0
2026-03-03T23:02:40+00:00,1
2026-03-03T23:07:32+00:00,1
2026-03-03T23:12:31+00:00,1
2026-03-03T23:17:52+00:00,1
2026-03-03T23:22:44+00:00,1
2026-03-03T23:27:56+00:00,1
2026-03-03T23:32:33+00:00,1
2026-03-03T23:37:33+00:00,1
2026-03-03T23:42:34+00:00,1
2026-03-03T23:47:55+00:00,1
2026-03-03T23:52:58+00:00,1
2026-03-03T23:57:42+00:00,1
2026-03-04T00:02:33+00:00,1
2026-03-04T00:07:33+00:00,1
2026-03-04T00:12:34+00:00,1
2026-03-04T00:17:49+00:00,1
2026-03-04T00:22:56+00:00,1
2026-03-04T00:27:35+00:00,1
2026-03-04T00:32:46+00:00,1
2026-03-04T00:38:04+00:00,1
2026-03-04T00:42:33+00:00,1
2026-03-04T00:47:32+00:00,1
2026-03-04T00:52:32+00:00,1
2026-03-04T00:57:33+00:00,1
2026-03-04T01:03:00+00:00,1
2026-03-04T01:12:36+00:00,1
2026-03-04T01:17:50+00:00,1
2026-03-04T01:22:56+00:00,1
2026-03-04T01:27:32+00:00,1
2026-03-04T01:32:35+00:00,1
2026-03-04T01:37:39+00:00,1
2026-03-04T01:42:33+00:00,1
2026-03-04T01:47:32+00:00,1
2026-03-04T01:52:35+00:00,1
2026-03-04T01:57:55+00:00,1
2026-03-04T02:02:32+00:00,1
2026-03-04T02:07:30+00:00,1
2026-03-04T02:12:32+00:00,1
2026-03-04T02:17:51+00:00,1
2026-03-04T02:22:44+00:00,1
2026-03-04T02:27:59+00:00,1
2026-03-04T02:32:32+00:00,1
2026-03-04T02:38:00+00:00,1
2026-03-04T02:42:33+00:00,1
2026-03-04T02:48:06+00:00,1
2026-03-04T02:52:44+00:00,1
2026-03-04T02:58:04+00:00,1
2026-03-04T03:02:34+00:00,0
2026-03-04T03:07:43+00:00,0
2026-03-04T03:12:53+00:00,0
2026-03-04T03:17:56+00:00,0
2026-03-04T03:22:36+00:00,0
2026-03-04T03:27:59+00:00,0
2026-03-04T03:32:58+00:00,0
2026-03-04T03:37:36+00:00,0
2026-03-04T03:42:48+00:00,0
2026-03-04T03:47:40+00:00,0
2026-03-04T03:52:43+00:00,0
2026-03-04T03:57:43+00:00,0
2026-03-04T04:03:05+00:00,0
2026-03-04T04:07:56+00:00,0
2026-03-04T04:12:32+00:00,0
2026-03-04T04:18:07+00:00,0
2026-03-04T04:23:20+00:00,0
2026-03-04T04:27:32+00:00,0
2026-03-04T04:32:54+00:00,0
2026-03-04T04:37:32+00:00,0
2026-03-04T04:42:34+00:00,0
2026-03-04T04:52:44+00:00,0
2026-03-04T04:57:56+00:00,0
2026-03-04T05:02:37+00:00,0
2026-03-04T05:07:33+00:00,0
2026-03-04T05:12:33+00:00,0
2026-03-04T05:17:52+00:00,0
2026-03-04T05:22:59+00:00,0
2026-03-04T05:27:32+00:00,0
2026-03-04T05:32:32+00:00,0
2026-03-04T05:37:33+00:00,0
2026-03-04T05:42:33+00:00,0
2026-03-04T05:47:46+00:00,0
2026-03-04T05:52:52+00:00,0
2026-03-04T05:57:47+00:00,0
2026-03-04T06:02:52+00:00,0
2026-03-04T06:08:12+00:00,0
2026-03-04T06:17:41+00:00,0
2026-03-04T06:22:57+00:00,0
2026-03-04T06:27:48+00:00,0
2026-03-04T06:32:31+00:00,0
2026-03-04T06:37:32+00:00,0
2026-03-04T06:42:52+00:00,0
2026-03-04T06:52:51+00:00,0
2026-03-04T06:57:48+00:00,0
2026-03-04T07:02:33+00:00,0
2026-03-04T07:07:32+00:00,0
2026-03-04T07:12:38+00:00,0
2026-03-04T07:17:32+00:00,0
2026-03-04T07:22:31+00:00,0
2026-03-04T07:27:57+00:00,0
2026-03-04T07:32:43+00:00,0
2026-03-04T07:37:46+00:00,0
2026-03-04T07:42:33+00:00,0
2026-03-04T07:47:40+00:00,0
2026-03-04T07:52:35+00:00,0
2026-03-04T07:57:45+00:00,0
2026-03-04T08:02:33+00:00,0
2026-03-04T08:07:32+00:00,0
2026-03-04T08:12:32+00:00,0
2026-03-04T08:17:48+00:00,0
2026-03-04T08:22:33+00:00,0
2026-03-04T08:27:39+00:00,0
2026-03-04T08:32:34+00:00,0
2026-03-04T08:37:34+00:00,0
2026-03-04T08:42:52+00:00,0
2026-03-04T08:47:31+00:00,0
2026-03-04T08:53:04+00:00,0
2026-03-04T09:02:50+00:00,0
2026-03-04T09:12:58+00:00,0
2026-03-04T09:17:32+00:00,0
2026-03-04T09:22:33+00:00,0
2026-03-04T09:27:33+00:00,0
2026-03-04T09:37:56+00:00,0
2026-03-04T09:42:43+00:00,0
2026-03-04T09:47:34+00:00,0
2026-03-04T09:57:56+00:00,0
2026-03-04T10:13:05+00:00,0
2026-03-04T10:23:04+00:00,0
2026-03-04T10:27:58+00:00,0
2026-03-04T10:37:45+00:00,0
2026-03-04T10:42:42+00:00,0
2026-03-04T10:48:01+00:00,0
2026-03-04T10:52:46+00:00,0
2026-03-04T10:57:47+00:00,0
2026-03-04T11:02:46+00:00,1
2026-03-04T11:08:01+00:00,1
2026-03-04T11:12:33+00:00,1
2026-03-04T11:18:04+00:00,1
2026-03-04T11:22:52+00:00,1
2026-03-04T11:27:54+00:00,1
2026-03-04T11:32:44+00:00,1
2026-03-04T11:38:01+00:00,1
2026-03-04T11:42:53+00:00,1
2026-03-04T11:47:33+00:00,1
2026-03-04T11:52:58+00:00,1
2026-03-04T11:57:47+00:00,1
2026-03-04T12:02:41+00:00,1
2026-03-04T12:13:08+00:00,1
2026-03-04T12:17:40+00:00,1
2026-03-04T12:27:41+00:00,1
2026-03-04T12:32:36+00:00,1
2026-03-04T12:37:51+00:00,0
2026-03-04T12:42:39+00:00,0
2026-03-04T12:47:56+00:00,0
2026-03-04T12:52:34+00:00,0
2026-03-04T12:57:33+00:00,0
2026-03-04T13:02:53+00:00,0
2026-03-04T13:07:48+00:00,0
2026-03-04T13:12:33+00:00,0
2026-03-04T13:17:44+00:00,0
2026-03-04T13:22:33+00:00,0
2026-03-04T13:27:32+00:00,0
2026-03-04T13:32:45+00:00,1
2026-03-04T13:37:33+00:00,1
2026-03-04T13:42:34+00:00,1
2026-03-04T13:47:54+00:00,1
2026-03-04T13:52:46+00:00,1
2026-03-04T13:57:36+00:00,1
2026-03-04T14:02:51+00:00,1
2026-03-04T14:07:33+00:00,1
2026-03-04T14:12:33+00:00,1
2026-03-04T14:17:51+00:00,1
2026-03-04T14:22:39+00:00,1
2026-03-04T14:32:46+00:00,1
2026-03-04T14:37:38+00:00,1
2026-03-04T14:42:54+00:00,1
2026-03-04T14:47:30+00:00,1
2026-03-04T14:52:33+00:00,1
2026-03-04T14:57:33+00:00,1
2026-03-04T15:02:32+00:00,1
2026-03-04T15:12:51+00:00,1
2026-03-04T15:17:55+00:00,1
2026-03-04T15:22:48+00:00,1
2026-03-04T15:27:33+00:00,1
2026-03-04T15:32:54+00:00,1
2026-03-04T15:37:50+00:00,1
2026-03-04T15:42:33+00:00,1
2026-03-04T15:47:32+00:00,1
2026-03-04T15:52:36+00:00,1
2026-03-04T15:57:50+00:00,1
2026-03-04T16:02:44+00:00,1
2026-03-04T16:07:36+00:00,1
2026-03-04T16:12:39+00:00,1
2026-03-04T16:17:33+00:00,1
2026-03-04T16:22:34+00:00,0
2026-03-04T16:32:48+00:00,0
2026-03-04T16:37:32+00:00,0
2026-03-04T16:53:08+00:00,1
2026-03-04T16:57:42+00:00,1
2026-03-04T17:02:36+00:00,1
2026-03-04T17:07:34+00:00,1
2026-03-04T17:12:49+00:00,1
2026-03-04T17:17:52+00:00,0
2026-03-04T17:22:38+00:00,0
2026-03-04T17:27:55+00:00,0
2026-03-04T17:32:33+00:00,0
2026-03-04T17:42:53+00:00,0
2026-03-04T17:47:59+00:00,0
2026-03-04T17:52:32+00:00,0
2026-03-04T17:57:54+00:00,0
2026-03-04T18:08:05+00:00,0
2026-03-04T18:12:34+00:00,1
2026-03-04T18:17:30+00:00,1
2026-03-04T18:22:32+00:00,1
2026-03-04T18:27:49+00:00,1
2026-03-04T18:32:45+00:00,1
2026-03-04T18:37:30+00:00,1
2026-03-04T18:42:43+00:00,1
2026-03-04T18:47:31+00:00,1
2026-03-04T18:52:46+00:00,1
2026-03-04T18:57:57+00:00,1
2026-03-04T19:02:33+00:00,1
2026-03-04T19:07:54+00:00,1
2026-03-04T19:12:35+00:00,1
2026-03-04T19:17:32+00:00,1
2026-03-04T19:22:33+00:00,1
2026-03-04T19:27:45+00:00,1
2026-03-04T19:32:55+00:00,1
2026-03-04T19:37:42+00:00,1
2026-03-04T19:42:38+00:00,1
2026-03-04T19:47:48+00:00,1
2026-03-04T19:52:51+00:00,1
2026-03-04T19:58:01+00:00,1
2026-03-04T20:02:32+00:00,1
2026-03-04T20:07:51+00:00,1
2026-03-04T20:12:40+00:00,1
2026-03-04T20:17:47+00:00,1
2026-03-04T20:27:35+00:00,1
2026-03-04T20:32:34+00:00,1
2026-03-04T20:37:44+00:00,1
2026-03-04T20:42:33+00:00,1
2026-03-04T20:47:57+00:00,1
2026-03-04T20:52:48+00:00,1
2026-03-04T20:58:02+00:00,1
2026-03-04T21:02:45+00:00,1
2026-03-04T21:08:07+00:00,1
2026-03-04T21:12:55+00:00,1
2026-03-04T21:22:37+00:00,1
2026-03-04T21:27:33+00:00,1
2026-03-04T21:32:32+00:00,1
2026-03-04T21:37:42+00:00,1
2026-03-04T21:42:39+00:00,1
2026-03-04T21:47:36+00:00,1
2026-03-04T21:52:33+00:00,1
2026-03-04T22:02:55+00:00,1
2026-03-04T22:07:34+00:00,1
2026-03-04T22:13:08+00:00,1
2026-03-04T22:17:34+00:00,1
2026-03-04T22:22:31+00:00,1
2026-03-04T22:27:30+00:00,1
2026-03-04T22:32:32+00:00,1
2026-03-04T22:37:33+00:00,1
2026-03-04T22:42:32+00:00,1
2026-03-04T22:47:34+00:00,1
2026-03-04T22:52:44+00:00,1
2026-03-04T22:57:32+00:00,1
2026-03-04T23:02:33+00:00,1
2026-03-04T23:07:43+00:00,1
2026-03-04T23:12:44+00:00,1
2026-03-04T23:22:44+00:00,1
2026-03-04T23:27:44+00:00,1
2026-03-04T23:37:59+00:00,1
2026-03-04T23:42:35+00:00,1
2026-03-04T23:47:49+00:00,1
2026-03-04T23:52:32+00:00,1
2026-03-04T23:57:53+00:00,1
2026-03-05T00:02:33+00:00,0
2026-03-05T00:07:41+00:00,0
2026-03-05T00:12:34+00:00,0
2026-03-05T00:17:36+00:00,1
2026-03-05T00:22:34+00:00,0
2026-03-05T00:32:34+00:00,0
2026-03-05T00:37:33+00:00,0
2026-03-05T00:42:41+00:00,0
2026-03-05T00:47:34+00:00,0
2026-03-05T00:52:40+00:00,0
2026-03-05T00:57:32+00:00,0
2026-03-05T01:02:54+00:00,0
2026-03-05T01:07:32+00:00,0
2026-03-05T01:12:37+00:00,0
2026-03-05T01:17:31+00:00,0
2026-03-05T01:22:34+00:00,0
2026-03-05T01:27:52+00:00,0
2026-03-05T01:32:32+00:00,0
2026-03-05T01:38:00+00:00,0
2026-03-05T01:42:46+00:00,0
2026-03-05T01:53:00+00:00,0
2026-03-05T01:57:45+00:00,0
2026-03-05T02:02:53+00:00,0
2026-03-05T02:17:40+00:00,0
2026-03-05T02:22:47+00:00,0
2026-03-05T02:27:53+00:00,0
2026-03-05T02:32:35+00:00,0
2026-03-05T02:37:51+00:00,0
2026-03-05T02:42:33+00:00,0
2026-03-05T02:48:09+00:00,0
2026-03-05T02:57:50+00:00,0
2026-03-05T03:02:33+00:00,0
2026-03-05T03:07:50+00:00,0
2026-03-05T03:13:06+00:00,0
2026-03-05T03:18:10+00:00,0
2026-03-05T03:22:51+00:00,0
2026-03-05T03:27:54+00:00,0
2026-03-05T03:32:33+00:00,0
2026-03-05T03:38:12+00:00,0
2026-03-05T03:42:33+00:00,0
2026-03-05T03:52:49+00:00,0
2026-03-05T03:57:55+00:00,0
2026-03-05T04:02:57+00:00,0
2026-03-05T04:07:49+00:00,0
2026-03-05T04:12:53+00:00,0
2026-03-05T04:17:36+00:00,0
2026-03-05T04:28:08+00:00,0
2026-03-05T04:32:34+00:00,0
2026-03-05T04:37:34+00:00,0
2026-03-05T04:42:45+00:00,0
2026-03-05T04:47:54+00:00,0
2026-03-05T04:52:41+00:00,0
2026-03-05T04:57:48+00:00,0
2026-03-05T05:02:36+00:00,0
2026-03-05T05:07:55+00:00,0
2026-03-05T05:12:33+00:00,0
2026-03-05T05:17:33+00:00,0
2026-03-05T05:22:35+00:00,0
2026-03-05T05:27:33+00:00,0
2026-03-05T05:33:09+00:00,0
2026-03-05T05:37:33+00:00,0
2026-03-05T05:42:44+00:00,0
2026-03-05T05:47:31+00:00,0
2026-03-05T05:52:42+00:00,0
2026-03-05T05:57:58+00:00,0
2026-03-05T06:02:47+00:00,0
2026-03-05T06:08:02+00:00,0
2026-03-05T06:12:51+00:00,0
2026-03-05T06:22:41+00:00,0
2026-03-05T06:27:49+00:00,0
2026-03-05T06:32:33+00:00,0
2026-03-05T06:37:33+00:00,0
2026-03-05T06:42:33+00:00,0
2026-03-05T06:52:56+00:00,0
2026-03-05T06:57:50+00:00,0
2026-03-05T07:02:33+00:00,0
2026-03-05T07:07:38+00:00,0
2026-03-05T07:12:46+00:00,0
2026-03-05T07:17:34+00:00,0
2026-03-05T07:22:33+00:00,0
2026-03-05T07:27:46+00:00,0
2026-03-05T07:32:48+00:00,0
2026-03-05T07:37:40+00:00,0
2026-03-05T07:42:32+00:00,0
2026-03-05T07:47:33+00:00,0
2026-03-05T07:52:40+00:00,0
2026-03-05T07:58:10+00:00,0
2026-03-05T08:12:51+00:00,0
2026-03-05T08:17:57+00:00,0
2026-03-05T08:22:54+00:00,0
2026-03-05T08:27:56+00:00,0
2026-03-05T08:32:33+00:00,0
2026-03-05T08:37:56+00:00,0
2026-03-05T08:42:54+00:00,0
2026-03-05T08:47:48+00:00,0
2026-03-05T08:52:34+00:00,0
2026-03-05T08:57:54+00:00,0
2026-03-05T09:02:38+00:00,0
2026-03-05T09:07:38+00:00,0
2026-03-05T09:12:45+00:00,0
2026-03-05T09:18:00+00:00,0
2026-03-05T09:22:51+00:00,0
2026-03-05T09:27:57+00:00,0
2026-03-05T09:32:45+00:00,0
2026-03-05T09:47:56+00:00,0
2026-03-05T09:52:46+00:00,0
2026-03-05T09:57:38+00:00,0
2026-03-05T10:02:39+00:00,0
2026-03-05T10:07:32+00:00,1
2026-03-05T10:12:42+00:00,1
2026-03-05T10:17:37+00:00,1
2026-03-05T10:22:41+00:00,1
2026-03-05T10:27:46+00:00,1
2026-03-05T10:32:55+00:00,1
2026-03-05T10:38:03+00:00,1
2026-03-05T10:42:33+00:00,1
2026-03-05T10:58:00+00:00,0
2026-03-05T11:02:46+00:00,0
2026-03-05T11:08:19+00:00,0
2026-03-05T11:12:32+00:00,0
2026-03-05T11:22:41+00:00,1
2026-03-05T11:33:10+00:00,0
2026-03-05T11:42:32+00:00,0
2026-03-05T11:47:31+00:00,0
2026-03-05T11:52:45+00:00,0
2026-03-05T11:57:57+00:00,0
2026-03-05T12:02:32+00:00,0
2026-03-05T12:07:52+00:00,0
2026-03-05T12:12:32+00:00,0
2026-03-05T12:17:33+00:00,0
2026-03-05T12:22:34+00:00,0
2026-03-05T12:27:36+00:00,0
2026-03-05T12:38:17+00:00,0
2026-03-05T12:42:38+00:00,0
2026-03-05T12:47:45+00:00,0
2026-03-05T12:52:55+00:00,0
2026-03-05T12:57:32+00:00,0
2026-03-05T13:02:36+00:00,0
2026-03-05T13:07:35+00:00,0
2026-03-05T13:12:34+00:00,0
2026-03-05T13:17:35+00:00,0
2026-03-05T13:22:52+00:00,0
2026-03-05T13:27:32+00:00,0
2026-03-05T13:33:08+00:00,0
2026-03-05T13:38:00+00:00,0
2026-03-05T13:42:56+00:00,0
2026-03-05T13:47:56+00:00,0
2026-03-05T13:52:33+00:00,0
2026-03-05T13:58:05+00:00,0
2026-03-05T14:02:52+00:00,0
2026-03-05T14:07:34+00:00,0
2026-03-05T14:12:34+00:00,0
2026-03-05T14:17:53+00:00,0
2026-03-05T14:22:43+00:00,0
2026-03-05T14:27:33+00:00,0
2026-03-05T14:32:50+00:00,0
2026-03-05T14:37:59+00:00,0
2026-03-05T14:42:37+00:00,0
2026-03-05T14:48:02+00:00,0
2026-03-05T14:52:34+00:00,0
2026-03-05T14:57:31+00:00,0
2026-03-05T15:02:42+00:00,0
2026-03-05T15:07:33+00:00,0
2026-03-05T15:12:35+00:00,0
2026-03-05T15:17:54+00:00,0
2026-03-05T15:22:32+00:00,0
2026-03-05T15:27:36+00:00,0
2026-03-05T15:32:32+00:00,0
2026-03-05T15:37:41+00:00,0
2026-03-05T15:42:33+00:00,0
2026-03-05T15:47:32+00:00,0
2026-03-05T15:52:50+00:00,0
2026-03-05T15:57:45+00:00,0
2026-03-05T16:02:45+00:00,0
2026-03-05T16:07:31+00:00,0
2026-03-05T16:12:46+00:00,0
2026-03-05T16:17:51+00:00,0
2026-03-05T16:22:36+00:00,0
2026-03-05T16:27:33+00:00,0
2026-03-05T16:32:45+00:00,0
2026-03-05T16:37:32+00:00,0
2026-03-05T16:42:59+00:00,0
2026-03-05T16:52:32+00:00,0
2026-03-05T16:57:32+00:00,0
2026-03-05T17:03:19+00:00,0
2026-03-05T17:07:46+00:00,0
2026-03-05T17:12:33+00:00,0
2026-03-05T17:17:45+00:00,0
2026-03-05T17:22:34+00:00,0
2026-03-05T17:27:30+00:00,0
2026-03-05T17:32:33+00:00,0
2026-03-05T17:37:39+00:00,0
2026-03-05T17:42:47+00:00,0
2026-03-05T17:47:45+00:00,0
2026-03-05T17:52:33+00:00,0
2026-03-05T17:57:34+00:00,0
2026-03-05T18:02:32+00:00,0
2026-03-05T18:07:46+00:00,0
2026-03-05T18:12:46+00:00,0
2026-03-05T18:17:49+00:00,0
2026-03-05T18:22:45+00:00,0
2026-03-05T18:32:42+00:00,0
2026-03-05T18:37:38+00:00,0
2026-03-05T18:42:52+00:00,0
2026-03-05T18:47:33+00:00,0
2026-03-05T18:52:33+00:00,0
2026-03-05T18:57:37+00:00,0
2026-03-05T19:02:33+00:00,0
2026-03-05T19:12:33+00:00,0
2026-03-05T19:22:59+00:00,0
2026-03-05T19:27:53+00:00,0
2026-03-05T19:32:34+00:00,0
2026-03-05T19:37:43+00:00,0
2026-03-05T19:42:58+00:00,0
2026-03-05T19:48:08+00:00,0
2026-03-05T19:52:54+00:00,0
2026-03-05T19:57:33+00:00,0
2026-03-05T20:02:42+00:00,0
2026-03-05T20:07:47+00:00,0
2026-03-05T20:12:33+00:00,0
2026-03-05T20:17:58+00:00,0
2026-03-05T20:22:32+00:00,0
2026-03-05T20:27:59+00:00,0
2026-03-05T20:32:32+00:00,0
2026-03-05T20:42:33+00:00,0
2026-03-05T20:47:33+00:00,0
2026-03-05T20:52:33+00:00,0
2026-03-05T20:57:39+00:00,0
2026-03-05T21:02:40+00:00,0
2026-03-05T21:12:33+00:00,0
2026-03-05T21:17:51+00:00,0
2026-03-05T21:22:43+00:00,1
2026-03-05T21:27:35+00:00,1
2026-03-05T21:32:41+00:00,1
2026-03-05T21:37:41+00:00,1
2026-03-05T21:42:48+00:00,0
2026-03-05T21:52:51+00:00,1
2026-03-05T21:57:35+00:00,1
2026-03-05T22:02:31+00:00,1
2026-03-05T22:07:53+00:00,1
2026-03-05T22:12:39+00:00,1
2026-03-05T22:17:33+00:00,1
2026-03-05T22:22:33+00:00,1
2026-03-05T22:27:57+00:00,1
2026-03-05T22:32:30+00:00,1
2026-03-05T22:38:08+00:00,1
2026-03-05T22:42:37+00:00,1
2026-03-05T22:47:32+00:00,1
2026-03-05T22:52:33+00:00,1
2026-03-05T22:57:41+00:00,1
2026-03-05T23:02:41+00:00,1
2026-03-05T23:07:46+00:00,1
2026-03-05T23:13:27+00:00,1
2026-03-05T23:17:32+00:00,1
2026-03-05T23:22:33+00:00,1
2026-03-05T23:27:56+00:00,1
2026-03-05T23:42:37+00:00,1
2026-03-05T23:48:00+00:00,1
2026-03-05T23:52:33+00:00,1
2026-03-05T23:57:55+00:00,1
2026-03-06T00:02:47+00:00,1
2026-03-06T00:12:38+00:00,1
2026-03-06T00:22:35+00:00,1
2026-03-06T00:27:53+00:00,1
2026-03-06T00:32:52+00:00,1
2026-03-06T00:37:35+00:00,1
2026-03-06T00:42:46+00:00,1
2026-03-06T00:47:59+00:00,1
2026-03-06T00:52:52+00:00,1
2026-03-06T00:57:37+00:00,1
2026-03-06T01:03:10+00:00,1
2026-03-06T01:08:06+00:00,1
2026-03-06T01:12:34+00:00,1
2026-03-06T01:23:09+00:00,1
2026-03-06T01:33:00+00:00,1
2026-03-06T01:38:01+00:00,1
2026-03-06T01:42:32+00:00,1
2026-03-06T01:47:35+00:00,1
2026-03-06T01:52:31+00:00,1
2026-03-06T01:57:50+00:00,1
2026-03-06T02:03:02+00:00,1
2026-03-06T02:07:56+00:00,1
2026-03-06T02:13:07+00:00,1
2026-03-06T02:17:52+00:00,1
2026-03-06T02:22:41+00:00,1
2026-03-06T02:27:34+00:00,1
2026-03-06T02:33:05+00:00,1
2026-03-06T02:42:45+00:00,1
2026-03-06T02:52:32+00:00,1
2026-03-06T02:57:32+00:00,1
2026-03-06T03:02:33+00:00,1
2026-03-06T03:07:32+00:00,1
2026-03-06T03:12:33+00:00,0
2026-03-06T03:17:58+00:00,0
2026-03-06T03:22:54+00:00,1
2026-03-06T03:37:31+00:00,1
2026-03-06T03:43:08+00:00,1
2026-03-06T03:48:05+00:00,1
2026-03-06T03:52:33+00:00,1
2026-03-06T03:57:46+00:00,1
2026-03-06T04:02:43+00:00,0
2026-03-06T04:07:34+00:00,0
2026-03-06T04:12:44+00:00,1
2026-03-06T04:18:18+00:00,0
2026-03-06T04:22:32+00:00,0
2026-03-06T04:27:49+00:00,0
2026-03-06T04:32:48+00:00,0
2026-03-06T04:37:52+00:00,1
2026-03-06T04:42:46+00:00,0
2026-03-06T04:47:42+00:00,0
2026-03-06T04:52:56+00:00,0
2026-03-06T05:02:50+00:00,0
2026-03-06T05:07:39+00:00,0
2026-03-06T05:13:00+00:00,0
2026-03-06T05:17:45+00:00,0
2026-03-06T05:27:53+00:00,0
2026-03-06T05:32:33+00:00,0
2026-03-06T05:43:05+00:00,0
2026-03-06T05:48:02+00:00,0
2026-03-06T05:52:55+00:00,0
2026-03-06T06:03:04+00:00,0
2026-03-06T06:07:55+00:00,0
2026-03-06T06:12:46+00:00,0
2026-03-06T06:17:54+00:00,0
2026-03-06T06:27:46+00:00,0
2026-03-06T06:32:31+00:00,0
2026-03-06T06:37:30+00:00,0
2026-03-06T06:42:32+00:00,0
2026-03-06T06:47:31+00:00,0
2026-03-06T06:52:36+00:00,0
2026-03-06T06:57:31+00:00,0
2026-03-06T07:02:32+00:00,0
2026-03-06T07:07:31+00:00,0
2026-03-06T07:12:30+00:00,0
2026-03-06T07:17:30+00:00,0
2026-03-06T07:22:33+00:00,0
2026-03-06T07:27:30+00:00,0
2026-03-06T07:32:47+00:00,0
2026-03-06T07:37:30+00:00,0
2026-03-06T07:42:31+00:00,0
2026-03-06T07:47:31+00:00,0
2026-03-06T07:52:30+00:00,0
2026-03-06T07:57:30+00:00,0
2026-03-06T08:02:49+00:00,0
2026-03-06T08:07:30+00:00,0
2026-03-06T08:12:31+00:00,0
2026-03-06T08:17:31+00:00,0
2026-03-06T08:22:33+00:00,0
2026-03-06T08:27:31+00:00,0
2026-03-06T08:32:31+00:00,0
2026-03-06T08:37:31+00:00,0
2026-03-06T08:42:41+00:00,0
2026-03-06T08:47:32+00:00,0
2026-03-06T08:52:34+00:00,0
2026-03-06T08:57:30+00:00,0
2026-03-06T09:02:39+00:00,0
2026-03-06T09:07:30+00:00,0
2026-03-06T09:12:31+00:00,0
2026-03-06T09:17:31+00:00,0
2026-03-06T09:22:33+00:00,0
2026-03-06T09:27:31+00:00,0
2026-03-06T09:32:34+00:00,1
2026-03-06T09:37:31+00:00,1
2026-03-06T09:42:30+00:00,1
2026-03-06T09:47:30+00:00,1
2026-03-06T09:52:34+00:00,1
2026-03-06T09:57:31+00:00,1
2026-03-06T10:02:33+00:00,1
2026-03-06T10:07:30+00:00,1
2026-03-06T10:12:33+00:00,1
2026-03-06T10:17:31+00:00,1
2026-03-06T10:22:46+00:00,1
2026-03-06T10:27:33+00:00,1
2026-03-06T10:32:59+00:00,1
2026-03-06T10:37:31+00:00,1
2026-03-06T10:42:32+00:00,1
2026-03-06T10:47:31+00:00,1
2026-03-06T10:52:31+00:00,1
2026-03-06T10:57:30+00:00,1
2026-03-06T11:02:32+00:00,1
2026-03-06T11:07:30+00:00,1
2026-03-06T11:17:31+00:00,1
2026-03-06T11:22:31+00:00,1
2026-03-06T11:27:30+00:00,1
2026-03-06T11:32:30+00:00,1
2026-03-06T11:37:31+00:00,1
2026-03-06T11:42:31+00:00,1
2026-03-06T11:47:31+00:00,1
2026-03-06T11:52:45+00:00,1
2026-03-06T11:57:30+00:00,1
2026-03-06T12:02:47+00:00,1
2026-03-06T12:07:30+00:00,1
2026-03-06T12:12:30+00:00,1
2026-03-06T12:17:31+00:00,1
2026-03-06T12:22:31+00:00,1
2026-03-06T12:27:30+00:00,1
2026-03-06T12:32:32+00:00,1
2026-03-06T12:37:30+00:00,1
2026-03-06T12:42:30+00:00,1
2026-03-06T12:47:30+00:00,1
2026-03-06T12:52:31+00:00,1
2026-03-06T12:57:31+00:00,1
2026-03-06T13:02:33+00:00,1
2026-03-06T13:07:30+00:00,1
2026-03-06T13:12:33+00:00,1
2026-03-06T13:17:31+00:00,1
2026-03-06T13:22:35+00:00,1
2026-03-06T13:27:31+00:00,0
2026-03-06T13:32:34+00:00,0
2026-03-06T13:37:30+00:00,0
2026-03-06T13:42:30+00:00,0
2026-03-06T13:47:31+00:00,0
2026-03-06T13:52:32+00:00,0
2026-03-06T13:57:31+00:00,0
2026-03-06T14:02:51+00:00,0
2026-03-06T14:07:31+00:00,0
2026-03-06T14:17:31+00:00,0
2026-03-06T14:22:34+00:00,0
2026-03-06T14:27:30+00:00,0
2026-03-06T14:32:31+00:00,0
2026-03-06T14:37:31+00:00,0
2026-03-06T14:42:34+00:00,0
2026-03-06T14:47:30+00:00,0
2026-03-06T14:52:31+00:00,0
2026-03-06T14:57:31+00:00,0
2026-03-06T15:02:45+00:00,0
2026-03-06T15:07:31+00:00,0
2026-03-06T15:12:30+00:00,0
2026-03-06T15:17:30+00:00,0
2026-03-06T15:22:33+00:00,0
2026-03-06T15:27:31+00:00,0
2026-03-06T15:32:31+00:00,0
2026-03-06T15:37:30+00:00,0
2026-03-06T15:42:30+00:00,0
2026-03-06T15:47:31+00:00,0
2026-03-06T15:52:30+00:00,0
2026-03-06T15:57:31+00:00,0
2026-03-06T16:02:30+00:00,0
2026-03-06T16:07:30+00:00,0
2026-03-06T16:12:30+00:00,0
2026-03-06T16:17:30+00:00,0
2026-03-06T16:22:49+00:00,0
2026-03-06T16:27:30+00:00,0
2026-03-06T16:32:30+00:00,0
2026-03-06T16:37:31+00:00,0
2026-03-06T16:42:32+00:00,0
2026-03-06T16:47:30+00:00,0
2026-03-06T16:52:31+00:00,0
2026-03-06T16:57:30+00:00,0
2026-03-06T17:02:43+00:00,0
2026-03-06T17:07:30+00:00,0
2026-03-06T17:12:31+00:00,0
2026-03-06T17:17:30+00:00,0
2026-03-06T17:22:31+00:00,0
2026-03-06T17:27:31+00:00,0
2026-03-06T17:32:30+00:00,0
2026-03-06T17:37:30+00:00,0
2026-03-06T17:42:31+00:00,0
2026-03-06T17:47:31+00:00,0
2026-03-06T17:52:31+00:00,0
2026-03-06T17:57:30+00:00,0
2026-03-06T18:07:31+00:00,0
2026-03-06T18:12:31+00:00,0
2026-03-06T18:17:31+00:00,0
2026-03-06T18:22:31+00:00,0
2026-03-06T18:27:30+00:00,0
2026-03-06T18:37:31+00:00,0
2026-03-06T18:42:31+00:00,0
2026-03-06T18:47:30+00:00,0
2026-03-06T18:52:31+00:00,0
2026-03-06T18:57:31+00:00,0
2026-03-06T19:02:42+00:00,0
2026-03-06T19:07:30+00:00,0
2026-03-06T19:12:31+00:00,0
2026-03-06T19:17:31+00:00,0
2026-03-06T19:22:31+00:00,0
2026-03-06T19:27:30+00:00,0
2026-03-06T19:32:31+00:00,0
2026-03-06T19:37:31+00:00,0
2026-03-06T19:42:32+00:00,0
2026-03-06T19:47:30+00:00,0
2026-03-06T19:52:31+00:00,0
2026-03-06T19:57:31+00:00,0
2026-03-06T20:02:51+00:00,1
2026-03-06T20:07:31+00:00,1
2026-03-06T20:12:31+00:00,1
2026-03-06T20:17:31+00:00,1
2026-03-06T20:22:30+00:00,1
2026-03-06T20:27:31+00:00,1
2026-03-06T20:32:40+00:00,1
2026-03-06T20:37:31+00:00,1
2026-03-06T20:42:30+00:00,1
2026-03-06T20:47:31+00:00,1
2026-03-06T20:52:32+00:00,1
2026-03-06T20:57:31+00:00,1
2026-03-06T21:02:47+00:00,1
2026-03-06T21:07:30+00:00,1
2026-03-06T21:12:30+00:00,1
2026-03-06T21:17:31+00:00,1
2026-03-06T21:22:31+00:00,1
2026-03-06T21:27:31+00:00,1
2026-03-06T21:32:31+00:00,1
2026-03-06T21:37:30+00:00,1
2026-03-06T21:42:31+00:00,1
2026-03-06T21:47:31+00:00,1
2026-03-06T21:52:30+00:00,1
2026-03-06T21:57:31+00:00,1
2026-03-06T22:02:40+00:00,1
2026-03-06T22:07:31+00:00,1
2026-03-06T22:12:30+00:00,1
2026-03-06T22:17:30+00:00,1
2026-03-06T22:22:31+00:00,1
2026-03-06T22:27:30+00:00,1
2026-03-06T22:32:34+00:00,1
2026-03-06T22:37:30+00:00,1
2026-03-06T22:42:30+00:00,1
2026-03-06T22:47:31+00:00,1
2026-03-06T22:52:31+00:00,1
2026-03-06T22:57:30+00:00,1
2026-03-06T23:02:40+00:00,1
2026-03-06T23:07:30+00:00,1
2026-03-06T23:12:31+00:00,1
2026-03-06T23:17:31+00:00,1
2026-03-06T23:22:30+00:00,1
2026-03-06T23:27:31+00:00,1
2026-03-06T23:37:31+00:00,1
2026-03-06T23:42:30+00:00,1
2026-03-06T23:47:30+00:00,1
2026-03-06T23:52:31+00:00,1
2026-03-06T23:57:31+00:00,1
2026-03-07T00:02:53+00:00,1
2026-03-07T00:07:31+00:00,1
2026-03-07T00:12:31+00:00,1
2026-03-07T00:17:31+00:00,1
2026-03-07T00:22:31+00:00,1
2026-03-07T00:27:31+00:00,1
2026-03-07T00:37:30+00:00,1
2026-03-07T00:42:30+00:00,1
2026-03-07T00:47:31+00:00,1
2026-03-07T00:52:31+00:00,1
2026-03-07T00:57:30+00:00,1
2026-03-07T01:02:31+00:00,1
2026-03-07T01:07:31+00:00,1
2026-03-07T01:12:30+00:00,1
2026-03-07T01:17:30+00:00,1
2026-03-07T01:22:32+00:00,1
2026-03-07T01:27:31+00:00,1
2026-03-07T01:37:31+00:00,1
2026-03-07T01:42:31+00:00,1
2026-03-07T01:47:31+00:00,1
2026-03-07T01:52:31+00:00,1
2026-03-07T01:57:30+00:00,1
2026-03-07T02:02:33+00:00,1
2026-03-07T02:07:31+00:00,1
2026-03-07T02:12:31+00:00,1
2026-03-07T02:17:30+00:00,1
2026-03-07T02:22:30+00:00,1
2026-03-07T02:27:31+00:00,1
2026-03-07T02:32:31+00:00,1
2026-03-07T02:37:31+00:00,1
2026-03-07T02:42:31+00:00,1
2026-03-07T02:47:31+00:00,1
2026-03-07T02:52:30+00:00,1
2026-03-07T02:57:32+00:00,1
2026-03-07T03:02:33+00:00,1
2026-03-07T03:07:30+00:00,1
2026-03-07T03:17:30+00:00,1
2026-03-07T03:22:30+00:00,1
2026-03-07T03:27:31+00:00,1
2026-03-07T03:32:32+00:00,1
2026-03-07T03:37:31+00:00,1
2026-03-07T03:42:31+00:00,1
2026-03-07T03:47:31+00:00,1
2026-03-07T03:52:31+00:00,1
2026-03-07T03:57:30+00:00,1
2026-03-07T04:02:35+00:00,1
2026-03-07T04:07:30+00:00,1
2026-03-07T04:12:30+00:00,1
2026-03-07T04:17:30+00:00,1
2026-03-07T04:22:35+00:00,1
2026-03-07T04:27:30+00:00,1
2026-03-07T04:32:54+00:00,1
2026-03-07T04:37:31+00:00,1
2026-03-07T04:42:38+00:00,1
2026-03-07T04:47:31+00:00,0
2026-03-07T04:57:31+00:00,0
2026-03-07T05:02:40+00:00,0
2026-03-07T05:07:30+00:00,0
2026-03-07T05:12:33+00:00,0
2026-03-07T05:17:31+00:00,0
2026-03-07T05:22:31+00:00,0
2026-03-07T05:27:30+00:00,0
2026-03-07T05:32:37+00:00,0
2026-03-07T05:37:30+00:00,1
2026-03-07T05:42:33+00:00,1
2026-03-07T05:47:32+00:00,1
2026-03-07T05:52:34+00:00,1
2026-03-07T05:57:31+00:00,1
2026-03-07T06:02:33+00:00,1
2026-03-07T06:07:31+00:00,1
2026-03-07T06:12:44+00:00,1
2026-03-07T06:17:31+00:00,1
2026-03-07T06:22:36+00:00,1
2026-03-07T06:27:31+00:00,1
2026-03-07T06:32:41+00:00,1
2026-03-07T06:37:31+00:00,1
2026-03-07T06:42:34+00:00,0
2026-03-07T06:47:31+00:00,0
2026-03-07T06:52:31+00:00,0
2026-03-07T06:57:30+00:00,0
2026-03-07T07:02:46+00:00,0
2026-03-07T07:07:31+00:00,0
2026-03-07T07:12:31+00:00,0
2026-03-07T07:17:30+00:00,0
2026-03-07T07:27:30+00:00,0
2026-03-07T07:32:30+00:00,0
2026-03-07T07:37:30+00:00,0
2026-03-07T07:42:31+00:00,0
2026-03-07T07:47:31+00:00,0
2026-03-07T07:52:31+00:00,0
2026-03-07T07:57:30+00:00,0
2026-03-07T08:02:33+00:00,1
2026-03-07T08:07:31+00:00,1
2026-03-07T08:12:31+00:00,1
2026-03-07T08:17:31+00:00,1
2026-03-07T08:22:31+00:00,0
2026-03-07T08:27:30+00:00,1
2026-03-07T08:32:31+00:00,1
2026-03-07T08:37:31+00:00,0
2026-03-07T08:42:42+00:00,0
2026-03-07T08:47:30+00:00,0
2026-03-07T08:52:38+00:00,1
2026-03-07T08:57:30+00:00,0
2026-03-07T09:02:55+00:00,0
2026-03-07T09:07:30+00:00,0
2026-03-07T09:12:41+00:00,0
2026-03-07T09:17:30+00:00,0
2026-03-07T09:27:30+00:00,0
2026-03-07T09:32:30+00:00,0
2026-03-07T09:37:30+00:00,0
2026-03-07T09:47:30+00:00,0
2026-03-07T09:52:34+00:00,0
2026-03-07T09:57:30+00:00,1
2026-03-07T10:02:44+00:00,1
2026-03-07T10:07:30+00:00,1
2026-03-07T10:12:30+00:00,1
2026-03-07T10:17:38+00:00,1
2026-03-07T10:22:30+00:00,1
2026-03-07T10:27:30+00:00,1
2026-03-07T10:32:31+00:00,1
2026-03-07T10:37:31+00:00,0
2026-03-07T10:42:33+00:00,0
2026-03-07T10:47:30+00:00,0
2026-03-07T10:52:31+00:00,0
2026-03-07T10:57:30+00:00,0
2026-03-07T11:07:31+00:00,0
2026-03-07T11:12:30+00:00,0
2026-03-07T11:17:31+00:00,0
2026-03-07T11:22:32+00:00,0
2026-03-07T11:27:31+00:00,0
2026-03-07T11:32:36+00:00,0
2026-03-07T11:37:30+00:00,0
2026-03-07T11:42:31+00:00,1
2026-03-07T11:47:31+00:00,1
2026-03-07T11:52:30+00:00,1
2026-03-07T11:57:30+00:00,1
2026-03-07T12:07:30+00:00,1
2026-03-07T12:12:31+00:00,1
2026-03-07T12:17:30+00:00,1
2026-03-07T12:22:40+00:00,1
2026-03-07T12:27:31+00:00,1
2026-03-07T12:32:33+00:00,1
2026-03-07T12:37:30+00:00,1
2026-03-07T12:42:30+00:00,1
2026-03-07T12:47:31+00:00,1
2026-03-07T12:52:31+00:00,1
2026-03-07T12:57:31+00:00,1
2026-03-07T13:07:31+00:00,1
2026-03-07T13:12:31+00:00,1
2026-03-07T13:17:30+00:00,1
2026-03-07T13:22:33+00:00,1
2026-03-07T13:27:30+00:00,0
2026-03-07T13:32:30+00:00,0
2026-03-07T13:37:31+00:00,0
2026-03-07T13:42:31+00:00,0
2026-03-07T13:47:31+00:00,0
2026-03-07T13:52:31+00:00,0
2026-03-07T13:57:30+00:00,0
2026-03-07T14:02:35+00:00,0
2026-03-07T14:07:30+00:00,0
2026-03-07T14:12:31+00:00,0
2026-03-07T14:17:30+00:00,0
2026-03-07T14:22:34+00:00,0
2026-03-07T14:27:30+00:00,0
2026-03-07T14:32:33+00:00,0
2026-03-07T14:37:31+00:00,0
2026-03-07T14:42:31+00:00,0
2026-03-07T14:47:31+00:00,0
2026-03-07T14:52:32+00:00,0
2026-03-07T14:57:30+00:00,0
2026-03-07T15:02:38+00:00,0
2026-03-07T15:07:31+00:00,0
2026-03-07T15:12:32+00:00,0
2026-03-07T15:17:30+00:00,0
2026-03-07T15:22:31+00:00,0
2026-03-07T15:27:30+00:00,0
2026-03-07T15:32:39+00:00,0
2026-03-07T15:37:31+00:00,0
2026-03-07T15:42:31+00:00,0
2026-03-07T15:47:31+00:00,0
2026-03-07T15:52:30+00:00,0
2026-03-07T15:57:31+00:00,0
2026-03-07T16:02:33+00:00,0
2026-03-07T16:07:31+00:00,0
2026-03-07T16:12:30+00:00,0
2026-03-07T16:17:33+00:00,1
2026-03-07T16:22:30+00:00,0
2026-03-07T16:27:30+00:00,1
2026-03-07T16:32:31+00:00,1
2026-03-07T16:37:31+00:00,1
2026-03-07T16:42:30+00:00,1
2026-03-07T16:47:30+00:00,1
2026-03-07T16:52:31+00:00,1
2026-03-07T16:57:31+00:00,1
2026-03-07T17:02:48+00:00,1
2026-03-07T17:07:31+00:00,1
2026-03-07T17:12:31+00:00,1
2026-03-07T17:17:30+00:00,1
2026-03-07T17:22:31+00:00,1
2026-03-07T17:27:31+00:00,1
2026-03-07T17:32:37+00:00,1
2026-03-07T17:37:30+00:00,1
2026-03-07T17:42:31+00:00,1
2026-03-07T17:47:30+00:00,1
2026-03-07T17:52:30+00:00,1
2026-03-07T17:57:30+00:00,1
2026-03-07T18:02:37+00:00,1
2026-03-07T18:07:30+00:00,1
2026-03-07T18:12:31+00:00,1
2026-03-07T18:17:31+00:00,1
2026-03-07T18:22:31+00:00,1
2026-03-07T18:27:30+00:00,1
2026-03-07T18:32:37+00:00,1
2026-03-07T18:37:30+00:00,1
2026-03-07T18:42:31+00:00,1
2026-03-07T18:47:30+00:00,0
2026-03-07T18:52:31+00:00,1
2026-03-07T18:57:30+00:00,1
2026-03-07T19:02:30+00:00,1
2026-03-07T19:07:30+00:00,1
2026-03-07T19:12:31+00:00,1
2026-03-07T19:17:31+00:00,1
2026-03-07T19:22:30+00:00,1
2026-03-07T19:27:30+00:00,1
2026-03-07T19:32:41+00:00,1
2026-03-07T19:37:31+00:00,1
2026-03-07T19:42:31+00:00,1
2026-03-07T19:47:30+00:00,1
2026-03-07T19:52:31+00:00,1
2026-03-07T19:57:31+00:00,1
2026-03-07T20:02:33+00:00,1
2026-03-07T20:07:30+00:00,1
2026-03-07T20:12:30+00:00,1
2026-03-07T20:17:30+00:00,1
2026-03-07T20:22:31+00:00,1
2026-03-07T20:27:31+00:00,1
2026-03-07T20:32:30+00:00,1
2026-03-07T20:37:30+00:00,1
2026-03-07T20:42:30+00:00,1
2026-03-07T20:47:30+00:00,1
2026-03-07T20:52:30+00:00,1
2026-03-07T20:57:30+00:00,1
2026-03-07T21:02:38+00:00,1
2026-03-07T21:07:31+00:00,1
2026-03-07T21:12:31+00:00,1
2026-03-07T21:17:31+00:00,1
2026-03-07T21:22:31+00:00,1
2026-03-07T21:27:31+00:00,0
2026-03-07T21:32:30+00:00,0
2026-03-07T21:37:31+00:00,0
2026-03-07T21:42:30+00:00,0
2026-03-07T21:47:30+00:00,0
2026-03-07T21:52:33+00:00,1
2026-03-07T21:57:31+00:00,0
2026-03-07T22:02:30+00:00,0
2026-03-07T22:07:31+00:00,0
2026-03-07T22:12:30+00:00,0
2026-03-07T22:17:30+00:00,0
2026-03-07T22:22:30+00:00,0
2026-03-07T22:27:30+00:00,0
2026-03-07T22:32:30+00:00,0
2026-03-07T22:37:30+00:00,0
2026-03-07T22:42:30+00:00,0
2026-03-07T22:47:30+00:00,0
2026-03-07T22:52:31+00:00,0
2026-03-07T22:57:30+00:00,0
2026-03-07T23:02:30+00:00,1
2026-03-07T23:07:30+00:00,1
2026-03-07T23:12:30+00:00,1
2026-03-07T23:17:31+00:00,1
2026-03-07T23:22:31+00:00,1
2026-03-07T23:27:30+00:00,1
2026-03-07T23:32:30+00:00,1
2026-03-07T23:37:30+00:00,1
2026-03-07T23:42:31+00:00,1
2026-03-07T23:47:31+00:00,1
2026-03-07T23:52:32+00:00,1
2026-03-07T23:57:31+00:00,1
2026-03-08T00:02:53+00:00,1
2026-03-08T00:07:30+00:00,1
2026-03-08T00:12:31+00:00,1
2026-03-08T00:17:31+00:00,1
2026-03-08T00:22:31+00:00,1
2026-03-08T00:27:30+00:00,1
2026-03-08T00:32:32+00:00,1
2026-03-08T00:37:30+00:00,1
2026-03-08T00:42:30+00:00,1
2026-03-08T00:47:31+00:00,1
2026-03-08T00:52:31+00:00,1
2026-03-08T00:57:31+00:00,1
2026-03-08T01:02:33+00:00,1
2026-03-08T01:07:30+00:00,1
2026-03-08T01:12:31+00:00,1
2026-03-08T01:17:31+00:00,1
2026-03-08T01:22:31+00:00,1
2026-03-08T01:27:30+00:00,1
2026-03-08T01:32:34+00:00,1
2026-03-08T01:37:31+00:00,1
2026-03-08T01:42:31+00:00,1
2026-03-08T01:47:31+00:00,1
2026-03-08T01:52:30+00:00,1
2026-03-08T01:57:31+00:00,1
2026-03-08T02:02:33+00:00,1
2026-03-08T02:07:30+00:00,1
2026-03-08T02:12:31+00:00,1
2026-03-08T02:17:30+00:00,1
2026-03-08T02:22:31+00:00,1
2026-03-08T02:27:31+00:00,1
2026-03-08T02:32:32+00:00,1
2026-03-08T02:37:30+00:00,1
2026-03-08T02:42:30+00:00,1
2026-03-08T02:47:30+00:00,1
2026-03-08T02:52:31+00:00,1
2026-03-08T02:57:31+00:00,1
2026-03-08T03:02:48+00:00,1
2026-03-08T03:07:30+00:00,1
2026-03-08T03:12:30+00:00,1
2026-03-08T03:17:30+00:00,1
2026-03-08T03:22:33+00:00,1
2026-03-08T03:27:30+00:00,1
2026-03-08T03:32:33+00:00,1
2026-03-08T03:37:31+00:00,1
2026-03-08T03:42:30+00:00,1
2026-03-08T03:47:30+00:00,1
2026-03-08T03:52:30+00:00,1
2026-03-08T03:57:30+00:00,1
2026-03-08T04:02:45+00:00,1
2026-03-08T04:07:30+00:00,1
2026-03-08T04:12:32+00:00,1
2026-03-08T04:17:31+00:00,1
2026-03-08T04:22:31+00:00,1
2026-03-08T04:27:30+00:00,1
2026-03-08T04:37:31+00:00,1
2026-03-08T04:42:31+00:00,1
2026-03-08T04:47:30+00:00,1
2026-03-08T04:52:31+00:00,1
2026-03-08T04:57:30+00:00,1
2026-03-08T05:02:32+00:00,1
2026-03-08T05:07:31+00:00,1
2026-03-08T05:12:30+00:00,1
2026-03-08T05:17:31+00:00,1
2026-03-08T05:22:31+00:00,1
2026-03-08T05:27:31+00:00,1
2026-03-08T05:32:33+00:00,1
2026-03-08T05:37:32+00:00,1
2026-03-08T05:42:31+00:00,1
2026-03-08T05:47:30+00:00,1
2026-03-08T05:52:32+00:00,1
2026-03-08T05:57:30+00:00,1
2026-03-08T06:02:33+00:00,1
2026-03-08T06:07:31+00:00,1
2026-03-08T06:12:30+00:00,1
2026-03-08T06:17:30+00:00,1
2026-03-08T06:22:31+00:00,1
2026-03-08T06:27:30+00:00,1
2026-03-08T06:32:32+00:00,1
2026-03-08T06:37:30+00:00,1
2026-03-08T06:42:31+00:00,1
2026-03-08T06:47:30+00:00,1
2026-03-08T06:52:33+00:00,1
2026-03-08T06:57:30+00:00,1
2026-03-08T07:02:34+00:00,0
2026-03-08T07:07:31+00:00,0
2026-03-08T07:12:35+00:00,0
2026-03-08T07:17:31+00:00,0
2026-03-08T07:22:30+00:00,0
2026-03-08T07:27:30+00:00,0
2026-03-08T07:32:31+00:00,0
2026-03-08T07:37:31+00:00,0
2026-03-08T07:42:31+00:00,0
2026-03-08T07:47:31+00:00,0
2026-03-08T07:52:30+00:00,1
2026-03-08T07:57:31+00:00,0
2026-03-08T08:02:42+00:00,0
2026-03-08T08:07:30+00:00,0
2026-03-08T08:12:31+00:00,0
2026-03-08T08:17:30+00:00,0
2026-03-08T08:22:31+00:00,0
2026-03-08T08:27:30+00:00,0
2026-03-08T08:32:32+00:00,0
2026-03-08T08:37:30+00:00,0
2026-03-08T08:42:31+00:00,0
2026-03-08T08:47:31+00:00,0
2026-03-08T08:52:31+00:00,0
2026-03-08T08:57:31+00:00,0
2026-03-08T09:07:30+00:00,0
2026-03-08T09:12:31+00:00,0
2026-03-08T09:17:30+00:00,0
2026-03-08T09:22:31+00:00,1
2026-03-08T09:27:31+00:00,1
2026-03-08T09:37:30+00:00,1
2026-03-08T09:42:30+00:00,1
2026-03-08T09:47:31+00:00,1
2026-03-08T09:52:31+00:00,1
2026-03-08T09:57:31+00:00,1
2026-03-08T10:02:33+00:00,1
2026-03-08T10:07:31+00:00,1
2026-03-08T10:17:32+00:00,1
2026-03-08T10:22:30+00:00,1
2026-03-08T10:27:31+00:00,1
2026-03-08T10:32:31+00:00,1
2026-03-08T10:37:30+00:00,1
2026-03-08T10:42:33+00:00,1
2026-03-08T10:47:31+00:00,1
2026-03-08T10:57:30+00:00,1
2026-03-08T11:02:46+00:00,1
2026-03-08T11:07:31+00:00,1
2026-03-08T11:12:30+00:00,1
2026-03-08T11:17:30+00:00,1
2026-03-08T11:22:31+00:00,1
2026-03-08T11:27:31+00:00,1
2026-03-08T11:32:42+00:00,1
2026-03-08T11:37:31+00:00,1
2026-03-08T11:42:33+00:00,1
2026-03-08T11:47:33+00:00,1
2026-03-08T11:52:30+00:00,1
2026-03-08T11:57:30+00:00,1
2026-03-08T12:02:30+00:00,1
2026-03-08T12:07:30+00:00,1
2026-03-08T12:12:33+00:00,1
2026-03-08T12:17:31+00:00,1
2026-03-08T12:22:33+00:00,1
2026-03-08T12:27:31+00:00,1
2026-03-08T12:32:34+00:00,1
2026-03-08T12:37:30+00:00,1
2026-03-08T12:42:31+00:00,1
2026-03-08T12:47:30+00:00,1
2026-03-08T12:52:31+00:00,1
2026-03-08T12:57:31+00:00,1
2026-03-08T13:02:33+00:00,1
2026-03-08T13:07:31+00:00,1
2026-03-08T13:12:31+00:00,1
2026-03-08T13:17:30+00:00,1
2026-03-08T13:22:31+00:00,1
2026-03-08T13:27:31+00:00,1
2026-03-08T13:32:34+00:00,1
2026-03-08T13:37:31+00:00,1
2026-03-08T13:42:53+00:00,0
2026-03-08T13:47:30+00:00,1
2026-03-08T13:52:31+00:00,1
2026-03-08T13:57:30+00:00,1
2026-03-08T14:02:33+00:00,1
2026-03-08T14:07:31+00:00,1
2026-03-08T14:17:30+00:00,1
2026-03-08T14:22:52+00:00,1
2026-03-08T14:27:31+00:00,1
2026-03-08T14:32:37+00:00,1
2026-03-08T14:37:30+00:00,1
2026-03-08T14:42:30+00:00,1
2026-03-08T14:47:30+00:00,1
2026-03-08T14:52:31+00:00,1
2026-03-08T14:57:31+00:00,1
2026-03-08T15:02:32+00:00,1
2026-03-08T15:07:30+00:00,0
2026-03-08T15:12:31+00:00,1
2026-03-08T15:17:30+00:00,0
2026-03-08T15:22:30+00:00,0
2026-03-08T15:27:30+00:00,0
2026-03-08T15:37:31+00:00,0
2026-03-08T15:42:31+00:00,0
2026-03-08T15:47:31+00:00,0
2026-03-08T15:52:30+00:00,0
2026-03-08T15:57:30+00:00,0
2026-03-08T16:02:35+00:00,1
2026-03-08T16:07:31+00:00,1
2026-03-08T16:12:32+00:00,1
2026-03-08T16:17:31+00:00,1
2026-03-08T16:22:32+00:00,1
2026-03-08T16:27:31+00:00,0
2026-03-08T16:32:32+00:00,0
2026-03-08T16:37:31+00:00,0
2026-03-08T16:42:30+00:00,0
2026-03-08T16:47:31+00:00,0
2026-03-08T16:57:30+00:00,0
2026-03-08T17:02:32+00:00,0
2026-03-08T17:07:31+00:00,1
2026-03-08T17:12:30+00:00,1
2026-03-08T17:17:30+00:00,1
2026-03-08T17:22:31+00:00,1
2026-03-08T17:27:31+00:00,1
2026-03-08T17:32:32+00:00,1
2026-03-08T17:37:31+00:00,1
2026-03-08T17:42:31+00:00,0
2026-03-08T17:47:30+00:00,0
2026-03-08T17:52:33+00:00,0
2026-03-08T17:57:31+00:00,0
2026-03-08T18:02:37+00:00,0
2026-03-08T18:07:30+00:00,0
2026-03-08T18:12:31+00:00,0
2026-03-08T18:17:31+00:00,0
2026-03-08T18:22:34+00:00,0
2026-03-08T18:27:31+00:00,1
2026-03-08T18:32:40+00:00,1
2026-03-08T18:37:31+00:00,1
2026-03-08T18:42:33+00:00,1
2026-03-08T18:47:31+00:00,1
2026-03-08T18:52:32+00:00,1
2026-03-08T18:57:30+00:00,1
2026-03-08T19:02:49+00:00,1
2026-03-08T19:07:30+00:00,1
2026-03-08T19:12:31+00:00,1
2026-03-08T19:17:31+00:00,1
2026-03-08T19:22:31+00:00,1
2026-03-08T19:27:31+00:00,1
2026-03-08T19:32:31+00:00,1
2026-03-08T19:37:31+00:00,1
2026-03-08T19:42:31+00:00,1
2026-03-08T19:47:31+00:00,1
2026-03-08T19:52:30+00:00,1
2026-03-08T19:57:30+00:00,1
2026-03-08T20:02:52+00:00,1
2026-03-08T20:07:31+00:00,1
2026-03-08T20:12:31+00:00,1
2026-03-08T20:17:31+00:00,1
2026-03-08T20:22:30+00:00,1
2026-03-08T20:27:30+00:00,1
2026-03-08T20:32:31+00:00,1
2026-03-08T20:37:30+00:00,1
2026-03-08T20:42:31+00:00,1
2026-03-08T20:47:31+00:00,1
2026-03-08T20:52:31+00:00,1
2026-03-08T20:57:31+00:00,1
2026-03-08T21:02:51+00:00,1
2026-03-08T21:07:31+00:00,1
2026-03-08T21:12:31+00:00,1
2026-03-08T21:17:31+00:00,1
2026-03-08T21:22:30+00:00,1
2026-03-08T21:27:31+00:00,1
2026-03-08T21:32:30+00:00,1
2026-03-08T21:37:30+00:00,1
2026-03-08T21:42:31+00:00,1
2026-03-08T21:47:31+00:00,1
2026-03-08T21:52:31+00:00,1
2026-03-08T21:57:31+00:00,1
2026-03-08T22:02:41+00:00,1
2026-03-08T22:07:31+00:00,1
2026-03-08T22:12:31+00:00,1
2026-03-08T22:22:30+00:00,1
2026-03-08T22:27:30+00:00,1
2026-03-08T22:32:34+00:00,1
2026-03-08T22:37:31+00:00,1
2026-03-08T22:42:30+00:00,1
2026-03-08T22:47:31+00:00,1
2026-03-08T22:52:30+00:00,1
2026-03-08T22:57:31+00:00,1
2026-03-08T23:02:31+00:00,1
2026-03-08T23:07:30+00:00,1
2026-03-08T23:12:30+00:00,1
2026-03-08T23:17:31+00:00,1
2026-03-08T23:22:31+00:00,1
2026-03-08T23:27:30+00:00,1
2026-03-08T23:32:30+00:00,1
2026-03-08T23:37:30+00:00,1
2026-03-08T23:42:30+00:00,1
2026-03-08T23:47:31+00:00,1
2026-03-08T23:57:31+00:00,1
2026-03-09T00:02:46+00:00,1
2026-03-09T00:07:30+00:00,1
2026-03-09T00:12:32+00:00,1
2026-03-09T00:17:30+00:00,1
2026-03-09T00:22:33+00:00,1
2026-03-09T00:27:30+00:00,1
2026-03-09T00:32:34+00:00,1
2026-03-09T00:37:31+00:00,1
2026-03-09T00:42:30+00:00,1
2026-03-09T00:47:30+00:00,0
2026-03-09T00:52:30+00:00,1
2026-03-09T00:57:30+00:00,0
2026-03-09T01:02:58+00:00,0
2026-03-09T01:07:30+00:00,1
2026-03-09T01:12:30+00:00,0
2026-03-09T01:17:31+00:00,0
2026-03-09T01:22:30+00:00,0
2026-03-09T01:27:31+00:00,1
2026-03-09T01:32:32+00:00,1
2026-03-09T01:37:30+00:00,1
2026-03-09T01:42:30+00:00,1
2026-03-09T01:47:31+00:00,0
2026-03-09T01:52:31+00:00,0
2026-03-09T01:57:30+00:00,0
2026-03-09T02:02:31+00:00,0
2026-03-09T02:07:30+00:00,0
2026-03-09T02:12:31+00:00,0
2026-03-09T02:17:31+00:00,0
2026-03-09T02:22:30+00:00,0
2026-03-09T02:27:31+00:00,0
2026-03-09T02:37:31+00:00,0
2026-03-09T02:42:31+00:00,0
2026-03-09T02:47:31+00:00,0
2026-03-09T02:52:31+00:00,0
2026-03-09T02:57:32+00:00,0
2026-03-09T03:02:50+00:00,0
2026-03-09T03:07:30+00:00,0
2026-03-09T03:12:30+00:00,0
2026-03-09T03:17:31+00:00,0
2026-03-09T03:22:33+00:00,0
2026-03-09T03:27:30+00:00,0
2026-03-09T03:32:30+00:00,0
2026-03-09T03:37:31+00:00,0
2026-03-09T03:42:31+00:00,0
2026-03-09T03:47:30+00:00,0
2026-03-09T03:52:34+00:00,0
2026-03-09T03:57:30+00:00,0
2026-03-09T04:02:45+00:00,0
2026-03-09T04:07:31+00:00,0
2026-03-09T04:13:02+00:00,0
2026-03-09T04:17:30+00:00,0
2026-03-09T04:22:36+00:00,0
2026-03-09T04:27:31+00:00,0
2026-03-09T04:32:34+00:00,0
2026-03-09T04:37:31+00:00,0
2026-03-09T04:47:31+00:00,0
2026-03-09T04:52:35+00:00,0
2026-03-09T04:57:31+00:00,0
2026-03-09T05:02:41+00:00,0
2026-03-09T05:07:31+00:00,0
2026-03-09T05:12:34+00:00,0
2026-03-09T05:17:31+00:00,0
2026-03-09T05:22:33+00:00,0
2026-03-09T05:27:31+00:00,0
2026-03-09T05:32:41+00:00,0
2026-03-09T05:37:31+00:00,0
2026-03-09T05:42:31+00:00,0
2026-03-09T05:47:30+00:00,0
2026-03-09T05:52:33+00:00,0
2026-03-09T05:57:31+00:00,0
2026-03-09T06:02:59+00:00,0
2026-03-09T06:07:30+00:00,0
2026-03-09T06:12:44+00:00,0
2026-03-09T06:17:30+00:00,0
2026-03-09T06:22:32+00:00,0
2026-03-09T06:27:30+00:00,0
2026-03-09T06:32:41+00:00,0
2026-03-09T06:37:30+00:00,0
2026-03-09T06:42:32+00:00,0
2026-03-09T06:47:30+00:00,0
2026-03-09T06:52:48+00:00,0
2026-03-09T06:57:31+00:00,0
2026-03-09T07:02:35+00:00,0
2026-03-09T07:07:31+00:00,0
2026-03-09T07:12:38+00:00,0
2026-03-09T07:17:30+00:00,0
2026-03-09T07:22:45+00:00,0
2026-03-09T07:27:31+00:00,0
2026-03-09T07:32:39+00:00,0
2026-03-09T07:37:31+00:00,0
2026-03-09T07:42:31+00:00,0
2026-03-09T07:47:30+00:00,0
2026-03-09T07:52:33+00:00,0
2026-03-09T07:57:31+00:00,0
2026-03-09T08:03:01+00:00,0
2026-03-09T08:07:31+00:00,0
2026-03-09T08:12:31+00:00,0
2026-03-09T08:17:31+00:00,0
2026-03-09T08:22:34+00:00,0
2026-03-09T08:27:31+00:00,0
2026-03-09T08:32:49+00:00,0
2026-03-09T08:37:31+00:00,0
2026-03-09T08:42:39+00:00,1
2026-03-09T08:47:30+00:00,1
2026-03-09T08:52:46+00:00,0
2026-03-09T08:57:30+00:00,1
2026-03-09T09:07:38+00:00,1
2026-03-09T09:12:41+00:00,1
2026-03-09T09:17:31+00:00,1
2026-03-09T09:22:35+00:00,1
2026-03-09T09:27:31+00:00,1
2026-03-09T09:33:02+00:00,1
2026-03-09T09:37:30+00:00,1
2026-03-09T09:42:43+00:00,1
2026-03-09T09:47:31+00:00,1
2026-03-09T09:52:31+00:00,1
2026-03-09T09:57:30+00:00,1
2026-03-09T10:02:35+00:00,1
2026-03-09T10:07:31+00:00,1
2026-03-09T10:12:30+00:00,1
2026-03-09T10:17:31+00:00,1
2026-03-09T10:22:30+00:00,1
2026-03-09T10:27:31+00:00,1
2026-03-09T10:37:30+00:00,1
2026-03-09T10:47:30+00:00,1
2026-03-09T10:52:34+00:00,1
2026-03-09T10:57:31+00:00,1
2026-03-09T11:02:34+00:00,1
2026-03-09T11:07:31+00:00,1
2026-03-09T11:12:31+00:00,1
2026-03-09T11:17:30+00:00,1
2026-03-09T11:22:33+00:00,1
2026-03-09T11:27:31+00:00,0
2026-03-09T11:32:30+00:00,0
2026-03-09T11:37:30+00:00,0
2026-03-09T11:42:33+00:00,0
2026-03-09T11:47:30+00:00,0
2026-03-09T11:52:30+00:00,0
2026-03-09T11:57:31+00:00,0
2026-03-09T12:07:30+00:00,0
2026-03-09T12:12:53+00:00,0
2026-03-09T12:17:30+00:00,0
2026-03-09T12:22:31+00:00,0
2026-03-09T12:27:31+00:00,0
2026-03-09T12:32:35+00:00,0
2026-03-09T12:37:30+00:00,0
2026-03-09T12:42:34+00:00,0
2026-03-09T12:47:30+00:00,0
2026-03-09T12:52:31+00:00,0
2026-03-09T12:57:30+00:00,0
2026-03-09T13:07:30+00:00,0
2026-03-09T13:12:30+00:00,0
2026-03-09T13:17:31+00:00,0
2026-03-09T13:22:31+00:00,0
2026-03-09T13:29:25+00:00,0
2026-03-09T13:32:45+00:00,0
2026-03-09T13:37:35+00:00,0
2026-03-09T13:42:32+00:00,0
2026-03-09T13:47:43+00:00,0
2026-03-09T13:52:33+00:00,0
2026-03-09T13:57:50+00:00,0
2026-03-09T14:02:40+00:00,0
2026-03-09T14:07:53+00:00,0
2026-03-09T14:17:53+00:00,0
2026-03-09T14:22:54+00:00,0
2026-03-09T14:27:35+00:00,0
2026-03-09T14:32:36+00:00,0
2026-03-09T14:38:12+00:00,0
2026-03-09T14:47:54+00:00,0
2026-03-09T14:52:52+00:00,0
2026-03-09T14:57:58+00:00,0
2026-03-09T15:07:30+00:00,0
2026-03-09T15:12:31+00:00,0
2026-03-09T15:17:30+00:00,0
2026-03-09T15:22:45+00:00,0
2026-03-09T15:27:32+00:00,0
2026-03-09T15:32:37+00:00,0
2026-03-09T15:42:38+00:00,0
2026-03-09T15:47:36+00:00,0
2026-03-09T15:52:58+00:00,0
2026-03-09T15:57:32+00:00,0
2026-03-09T16:02:32+00:00,0
2026-03-09T16:07:48+00:00,0
2026-03-09T16:12:33+00:00,0
2026-03-09T16:17:47+00:00,0
2026-03-09T16:22:39+00:00,0
2026-03-09T16:27:48+00:00,0
2026-03-09T16:32:51+00:00,0
2026-03-09T16:37:34+00:00,0
2026-03-09T16:42:32+00:00,0
2026-03-09T16:47:41+00:00,0
2026-03-09T16:52:55+00:00,0
2026-03-09T16:57:31+00:00,0
2026-03-09T17:02:41+00:00,0
2026-03-09T17:07:30+00:00,0
2026-03-09T17:12:39+00:00,0
2026-03-09T17:17:51+00:00,0
2026-03-09T17:22:35+00:00,0
2026-03-09T17:27:42+00:00,0
2026-03-09T17:32:56+00:00,0
2026-03-09T17:37:35+00:00,0
2026-03-09T17:42:32+00:00,0
2026-03-09T17:47:38+00:00,0
2026-03-09T17:52:32+00:00,0
2026-03-09T17:57:37+00:00,0
2026-03-09T18:02:47+00:00,0
2026-03-09T18:07:33+00:00,0
2026-03-09T18:12:49+00:00,0
2026-03-09T18:17:51+00:00,0
2026-03-09T18:23:00+00:00,0
2026-03-09T18:27:39+00:00,0
2026-03-09T18:32:30+00:00,0
2026-03-09T18:37:30+00:00,0
2026-03-09T18:42:31+00:00,0
2026-03-09T18:47:30+00:00,0
2026-03-09T18:52:33+00:00,0
2026-03-09T18:57:59+00:00,0
2026-03-09T19:02:42+00:00,0
2026-03-09T19:07:47+00:00,0
2026-03-09T19:12:45+00:00,0
2026-03-09T19:17:35+00:00,0
2026-03-09T19:22:37+00:00,0
2026-03-09T19:27:48+00:00,0
2026-03-09T19:32:35+00:00,0
2026-03-09T19:37:57+00:00,0
2026-03-09T19:42:33+00:00,0
2026-03-09T19:48:01+00:00,0
2026-03-09T19:52:33+00:00,0
2026-03-09T19:57:32+00:00,0
2026-03-09T20:02:57+00:00,0
2026-03-09T20:07:37+00:00,0
2026-03-09T20:23:05+00:00,0
2026-03-09T20:27:42+00:00,1
2026-03-09T20:32:33+00:00,1
2026-03-09T20:37:52+00:00,0
2026-03-09T20:42:51+00:00,1
2026-03-09T20:47:30+00:00,1
2026-03-09T20:52:37+00:00,1
2026-03-09T20:57:31+00:00,1
2026-03-09T21:02:33+00:00,1
2026-03-09T21:07:31+00:00,1
2026-03-09T21:12:44+00:00,1
2026-03-09T21:17:34+00:00,1
2026-03-09T21:22:33+00:00,0
2026-03-09T21:27:33+00:00,0
2026-03-09T21:32:34+00:00,0
2026-03-09T21:37:38+00:00,0
2026-03-09T21:42:33+00:00,0
2026-03-09T21:47:46+00:00,0
2026-03-09T21:52:32+00:00,0
2026-03-09T21:57:44+00:00,1
2026-03-09T22:02:41+00:00,1
2026-03-09T22:07:44+00:00,1
2026-03-09T22:12:39+00:00,1
2026-03-09T22:18:02+00:00,1
2026-03-09T22:22:42+00:00,1
2026-03-09T22:27:58+00:00,1
2026-03-09T22:32:33+00:00,1
2026-03-09T22:37:53+00:00,1
2026-03-09T22:42:31+00:00,1
2026-03-09T22:47:31+00:00,1
2026-03-09T22:52:33+00:00,1
2026-03-09T22:57:31+00:00,1
2026-03-09T23:02:34+00:00,1
2026-03-09T23:07:48+00:00,1
2026-03-09T23:12:50+00:00,1
2026-03-09T23:17:45+00:00,1
2026-03-09T23:22:45+00:00,1
2026-03-09T23:27:33+00:00,1
2026-03-09T23:32:34+00:00,1
2026-03-09T23:37:36+00:00,1
2026-03-09T23:42:36+00:00,1
2026-03-09T23:47:44+00:00,1
2026-03-09T23:52:34+00:00,1
2026-03-09T23:57:32+00:00,1
2026-03-10T00:02:56+00:00,1
2026-03-10T00:07:37+00:00,1
2026-03-10T00:18:05+00:00,1
2026-03-10T00:27:31+00:00,1
2026-03-10T00:32:33+00:00,1
2026-03-10T00:37:31+00:00,1
2026-03-10T00:42:48+00:00,1
2026-03-10T00:47:30+00:00,1
2026-03-10T00:52:33+00:00,1
2026-03-10T00:57:33+00:00,1
2026-03-10T01:02:45+00:00,1
2026-03-10T01:07:55+00:00,1
2026-03-10T01:12:33+00:00,1
2026-03-10T01:17:45+00:00,1
2026-03-10T01:22:33+00:00,1
2026-03-10T01:27:40+00:00,1
2026-03-10T01:32:33+00:00,1
2026-03-10T01:37:48+00:00,1
2026-03-10T01:42:54+00:00,1
2026-03-10T01:47:39+00:00,1
2026-03-10T01:53:01+00:00,1
2026-03-10T01:58:00+00:00,1
2026-03-10T02:02:49+00:00,1
2026-03-10T02:12:34+00:00,1
2026-03-10T02:17:30+00:00,1
2026-03-10T02:22:30+00:00,1
2026-03-10T02:27:32+00:00,1
2026-03-10T02:37:31+00:00,1
2026-03-10T02:42:32+00:00,1
2026-03-10T02:47:55+00:00,0
2026-03-10T02:52:38+00:00,1
2026-03-10T02:57:35+00:00,0
2026-03-10T03:02:33+00:00,0
2026-03-10T03:07:44+00:00,0
2026-03-10T03:12:50+00:00,0
2026-03-10T03:17:32+00:00,0
2026-03-10T03:22:34+00:00,0
2026-03-10T03:27:32+00:00,0
2026-03-10T03:33:01+00:00,0
2026-03-10T03:37:34+00:00,0
2026-03-10T03:42:32+00:00,0
2026-03-10T03:47:32+00:00,1
2026-03-10T03:52:34+00:00,1
2026-03-10T03:57:32+00:00,1
2026-03-10T04:02:33+00:00,1
2026-03-10T04:07:56+00:00,0
2026-03-10T04:12:32+00:00,0
2026-03-10T04:22:30+00:00,0
2026-03-10T04:27:31+00:00,0
2026-03-10T04:32:46+00:00,0
2026-03-10T04:37:33+00:00,0
2026-03-10T04:42:38+00:00,0
2026-03-10T04:47:36+00:00,0
2026-03-10T04:52:39+00:00,0
2026-03-10T04:57:42+00:00,0
2026-03-10T05:02:31+00:00,0
2026-03-10T05:07:59+00:00,0
2026-03-10T05:12:42+00:00,0
2026-03-10T05:17:32+00:00,0
2026-03-10T05:22:33+00:00,0
2026-03-10T05:27:36+00:00,0
2026-03-10T05:32:32+00:00,0
2026-03-10T05:37:49+00:00,0
2026-03-10T05:42:39+00:00,0
2026-03-10T05:47:41+00:00,0
2026-03-10T05:52:56+00:00,0
2026-03-10T05:57:49+00:00,0
2026-03-10T06:02:33+00:00,0
2026-03-10T06:07:37+00:00,0
2026-03-10T06:12:32+00:00,0
2026-03-10T06:17:33+00:00,0
2026-03-10T06:22:56+00:00,0
2026-03-10T06:28:08+00:00,0
2026-03-10T06:32:36+00:00,0
2026-03-10T06:38:11+00:00,0
2026-03-10T06:52:44+00:00,0
2026-03-10T06:57:35+00:00,0
2026-03-10T07:02:42+00:00,0
2026-03-10T07:07:38+00:00,0
2026-03-10T07:12:48+00:00,0
2026-03-10T07:17:34+00:00,0
2026-03-10T07:22:38+00:00,0
2026-03-10T07:27:47+00:00,0
2026-03-10T07:32:52+00:00,0
2026-03-10T07:37:58+00:00,0
2026-03-10T07:42:51+00:00,0
2026-03-10T07:47:43+00:00,0
2026-03-10T07:52:33+00:00,0
2026-03-10T07:57:37+00:00,0
2026-03-10T08:02:34+00:00,0
2026-03-10T08:07:45+00:00,0
2026-03-10T08:12:51+00:00,0
2026-03-10T08:17:33+00:00,0
2026-03-10T08:22:32+00:00,0
2026-03-10T08:27:52+00:00,0
2026-03-10T08:32:34+00:00,0
2026-03-10T08:37:32+00:00,0
2026-03-10T08:42:57+00:00,0
2026-03-10T08:47:52+00:00,0
2026-03-10T08:52:33+00:00,0
2026-03-10T09:03:02+00:00,0
2026-03-10T09:17:35+00:00,0
2026-03-10T09:23:05+00:00,0
2026-03-10T09:27:32+00:00,0
2026-03-10T09:33:01+00:00,0
2026-03-10T09:37:58+00:00,0
2026-03-10T09:43:08+00:00,0
2026-03-10T09:52:33+00:00,0
2026-03-10T09:57:33+00:00,0
2026-03-10T10:03:07+00:00,0
2026-03-10T10:13:24+00:00,1
2026-03-10T10:18:07+00:00,1
2026-03-10T10:22:31+00:00,1
2026-03-10T10:32:42+00:00,1
2026-03-10T10:37:33+00:00,1
2026-03-10T10:42:42+00:00,1
2026-03-10T10:47:31+00:00,1
2026-03-10T10:52:48+00:00,1
2026-03-10T10:57:31+00:00,0
2026-03-10T11:02:47+00:00,0
2026-03-10T11:08:00+00:00,0
2026-03-10T11:12:33+00:00,0
2026-03-10T11:18:02+00:00,0
2026-03-10T11:22:42+00:00,0
2026-03-10T11:27:54+00:00,0
2026-03-10T11:32:46+00:00,0
2026-03-10T11:37:31+00:00,0
2026-03-10T11:42:43+00:00,0
2026-03-10T11:47:35+00:00,0
2026-03-10T11:52:41+00:00,0
2026-03-10T11:57:56+00:00,0
2026-03-10T12:02:39+00:00,0
2026-03-10T12:07:47+00:00,0
2026-03-10T12:12:44+00:00,0
2026-03-10T12:17:52+00:00,0
2026-03-10T12:22:42+00:00,0
2026-03-10T12:27:38+00:00,0
2026-03-10T12:32:33+00:00,0
2026-03-10T12:37:39+00:00,0
2026-03-10T12:42:32+00:00,0
2026-03-10T12:47:55+00:00,0
2026-03-10T12:52:32+00:00,0
2026-03-10T12:57:51+00:00,0
2026-03-10T13:02:32+00:00,0
2026-03-10T13:07:54+00:00,0
2026-03-10T13:12:36+00:00,0
2026-03-10T13:18:03+00:00,0
2026-03-10T13:22:33+00:00,0
2026-03-10T13:27:40+00:00,0
2026-03-10T13:32:53+00:00,0
2026-03-10T13:37:44+00:00,0
2026-03-10T13:42:38+00:00,0
2026-03-10T13:52:34+00:00,0
2026-03-10T13:58:07+00:00,0
2026-03-10T14:03:08+00:00,0
2026-03-10T14:07:50+00:00,0
2026-03-10T14:12:34+00:00,0
2026-03-10T14:17:41+00:00,0
2026-03-10T14:22:50+00:00,0
2026-03-10T14:27:30+00:00,0
2026-03-10T14:32:37+00:00,0
2026-03-10T14:37:31+00:00,0
2026-03-10T14:42:33+00:00,0
2026-03-10T14:47:30+00:00,0
2026-03-10T14:52:39+00:00,0
2026-03-10T14:57:57+00:00,0
2026-03-10T15:02:40+00:00,0
2026-03-10T15:07:33+00:00,0
2026-03-10T15:12:33+00:00,0
2026-03-10T15:17:50+00:00,0
2026-03-10T15:22:44+00:00,0
2026-03-10T15:27:33+00:00,0
2026-03-10T15:32:39+00:00,0
2026-03-10T15:37:32+00:00,0
2026-03-10T15:42:34+00:00,0
2026-03-10T15:52:40+00:00,0
2026-03-10T15:57:37+00:00,0
2026-03-10T16:02:35+00:00,0
2026-03-10T16:07:46+00:00,0
2026-03-10T16:12:33+00:00,0
2026-03-10T16:17:52+00:00,0
2026-03-10T16:22:32+00:00,0
2026-03-10T16:32:50+00:00,0
2026-03-10T16:37:55+00:00,0
2026-03-10T16:42:31+00:00,0
2026-03-10T16:47:33+00:00,0
2026-03-10T16:52:42+00:00,0
2026-03-10T16:57:58+00:00,0
2026-03-10T17:02:59+00:00,0
2026-03-10T17:07:56+00:00,0
2026-03-10T17:12:33+00:00,0
2026-03-10T17:17:33+00:00,0
2026-03-10T17:22:40+00:00,0
2026-03-10T17:27:58+00:00,0
2026-03-10T17:32:59+00:00,0
2026-03-10T17:37:38+00:00,0
2026-03-10T17:42:41+00:00,0
2026-03-10T17:47:54+00:00,0
2026-03-10T17:52:34+00:00,0
2026-03-10T17:57:45+00:00,0
2026-03-10T18:02:50+00:00,0
2026-03-10T18:12:46+00:00,0
2026-03-10T18:17:49+00:00,0
2026-03-10T18:23:05+00:00,0
2026-03-10T18:27:33+00:00,0
2026-03-10T18:34:44+00:00,0
2026-03-10T18:37:43+00:00,0
2026-03-10T18:42:50+00:00,0
2026-03-10T18:47:31+00:00,0
2026-03-10T18:52:52+00:00,0
2026-03-10T18:57:45+00:00,0
2026-03-10T19:02:48+00:00,0
2026-03-10T19:07:33+00:00,0
2026-03-10T19:12:47+00:00,0
2026-03-10T19:17:54+00:00,0
2026-03-10T19:22:58+00:00,0
2026-03-10T19:32:59+00:00,0
2026-03-10T19:37:34+00:00,0
2026-03-10T19:42:45+00:00,0
2026-03-10T19:52:53+00:00,0
2026-03-10T19:57:31+00:00,0
2026-03-10T20:02:54+00:00,0
2026-03-10T20:07:31+00:00,0
2026-03-10T20:12:32+00:00,0
2026-03-10T20:17:30+00:00,0
2026-03-10T20:27:30+00:00,0
2026-03-10T20:32:45+00:00,0
2026-03-10T20:37:47+00:00,0
2026-03-10T20:42:41+00:00,0
2026-03-10T20:47:32+00:00,0
2026-03-10T20:52:44+00:00,0
2026-03-10T20:57:43+00:00,0
2026-03-10T21:07:34+00:00,0
2026-03-10T21:12:51+00:00,0
2026-03-10T21:18:05+00:00,0
2026-03-10T21:22:39+00:00,0
2026-03-10T21:27:54+00:00,0
2026-03-10T21:32:32+00:00,0
2026-03-10T21:38:02+00:00,0
2026-03-10T21:42:33+00:00,0
2026-03-10T21:48:01+00:00,0
2026-03-10T21:53:03+00:00,0
2026-03-10T21:57:33+00:00,0
2026-03-10T22:02:47+00:00,0
2026-03-10T22:07:30+00:00,0
2026-03-10T22:12:38+00:00,0
2026-03-10T22:17:30+00:00,0
2026-03-10T22:22:38+00:00,0
2026-03-10T22:27:31+00:00,0
2026-03-10T22:32:32+00:00,0
2026-03-10T22:37:57+00:00,0
2026-03-10T22:42:49+00:00,0
2026-03-10T22:48:02+00:00,0
2026-03-10T22:52:50+00:00,0
2026-03-10T22:57:31+00:00,0
2026-03-10T23:02:47+00:00,0
2026-03-10T23:07:31+00:00,0
2026-03-10T23:12:33+00:00,0
2026-03-10T23:17:32+00:00,0
2026-03-10T23:22:44+00:00,0
2026-03-10T23:27:47+00:00,0
2026-03-10T23:32:54+00:00,0
2026-03-10T23:37:34+00:00,0
2026-03-10T23:47:31+00:00,0
2026-03-10T23:52:32+00:00,0
2026-03-10T23:57:31+00:00,0
2026-03-11T00:02:56+00:00,0
2026-03-11T00:07:53+00:00,0
2026-03-11T00:17:33+00:00,0
2026-03-11T00:22:41+00:00,0
2026-03-11T00:27:31+00:00,0
2026-03-11T00:32:48+00:00,0
2026-03-11T00:37:37+00:00,0
2026-03-11T00:42:33+00:00,0
2026-03-11T00:47:39+00:00,0
2026-03-11T00:57:31+00:00,0
2026-03-11T01:02:43+00:00,0
2026-03-11T01:07:42+00:00,0
2026-03-11T01:12:49+00:00,0
2026-03-11T01:17:36+00:00,0
2026-03-11T01:22:34+00:00,0
2026-03-11T01:27:30+00:00,0
2026-03-11T01:32:30+00:00,0
2026-03-11T01:37:31+00:00,0
2026-03-11T01:42:33+00:00,0
2026-03-11T01:47:56+00:00,0
2026-03-11T01:52:48+00:00,0
2026-03-11T01:57:31+00:00,0
2026-03-11T02:07:32+00:00,0
2026-03-11T02:12:37+00:00,0
2026-03-11T02:18:04+00:00,0
2026-03-11T02:22:32+00:00,0
2026-03-11T02:27:33+00:00,0
2026-03-11T02:37:33+00:00,0
2026-03-11T02:47:31+00:00,0
2026-03-11T02:52:41+00:00,0
2026-03-11T02:57:31+00:00,0
2026-03-11T03:02:47+00:00,0
2026-03-11T03:07:32+00:00,0
2026-03-11T03:12:50+00:00,0
2026-03-11T03:17:44+00:00,0
2026-03-11T03:22:32+00:00,0
2026-03-11T03:27:31+00:00,0
2026-03-11T03:32:52+00:00,0
2026-03-11T03:37:59+00:00,0
2026-03-11T03:42:40+00:00,0
2026-03-11T03:48:00+00:00,0
2026-03-11T03:52:45+00:00,0
2026-03-11T03:57:33+00:00,0
2026-03-11T04:02:33+00:00,0
2026-03-11T04:12:54+00:00,0
2026-03-11T04:18:25+00:00,0
2026-03-11T04:22:48+00:00,0
2026-03-11T04:27:33+00:00,0
2026-03-11T04:37:30+00:00,0
2026-03-11T04:42:46+00:00,0
2026-03-11T04:47:31+00:00,0
2026-03-11T04:52:34+00:00,0
2026-03-11T04:57:30+00:00,0
2026-03-11T05:02:47+00:00,0
2026-03-11T05:07:31+00:00,0
2026-03-11T05:12:39+00:00,0
2026-03-11T05:17:49+00:00,0
2026-03-11T05:22:33+00:00,0
2026-03-11T05:27:31+00:00,0
2026-03-11T05:32:52+00:00,0
2026-03-11T05:37:41+00:00,0
2026-03-11T05:42:54+00:00,0
2026-03-11T05:47:47+00:00,0
2026-03-11T05:52:57+00:00,0
2026-03-11T05:57:31+00:00,0
2026-03-11T06:02:35+00:00,0
2026-03-11T06:07:50+00:00,0
2026-03-11T06:12:44+00:00,0
2026-03-11T06:17:39+00:00,0
2026-03-11T06:22:32+00:00,0
2026-03-11T06:27:45+00:00,0
2026-03-11T06:33:04+00:00,0
2026-03-11T06:37:54+00:00,0
2026-03-11T06:42:32+00:00,0
2026-03-11T06:47:38+00:00,0
2026-03-11T06:52:46+00:00,0
2026-03-11T06:58:02+00:00,0
2026-03-11T07:08:05+00:00,0
2026-03-11T07:13:06+00:00,0
2026-03-11T07:17:31+00:00,0
2026-03-11T07:22:32+00:00,0
2026-03-11T07:27:31+00:00,0
2026-03-11T07:32:33+00:00,0
2026-03-11T07:37:30+00:00,0
2026-03-11T07:43:01+00:00,0
2026-03-11T07:47:31+00:00,0
2026-03-11T07:52:48+00:00,0
2026-03-11T07:57:32+00:00,0
2026-03-11T08:02:42+00:00,0
2026-03-11T08:07:53+00:00,0
2026-03-11T08:12:35+00:00,0
2026-03-11T08:17:42+00:00,0
2026-03-11T08:22:56+00:00,0
2026-03-11T08:27:42+00:00,0
2026-03-11T08:32:34+00:00,0
2026-03-11T08:37:33+00:00,0
2026-03-11T08:42:47+00:00,0
2026-03-11T08:47:41+00:00,0
2026-03-11T08:52:54+00:00,0
2026-03-11T08:57:49+00:00,0
2026-03-11T09:02:48+00:00,0
2026-03-11T09:12:43+00:00,0
2026-03-11T09:17:33+00:00,0
2026-03-11T09:22:54+00:00,1
2026-03-11T09:28:03+00:00,1
2026-03-11T09:32:45+00:00,1
2026-03-11T09:37:33+00:00,0
2026-03-11T09:42:48+00:00,0
2026-03-11T09:47:30+00:00,0
2026-03-11T09:52:31+00:00,0
2026-03-11T09:57:31+00:00,0
2026-03-11T10:02:32+00:00,0
2026-03-11T10:12:30+00:00,0
2026-03-11T10:17:31+00:00,0
2026-03-11T10:22:42+00:00,0
2026-03-11T10:27:31+00:00,0
2026-03-11T10:33:09+00:00,0
2026-03-11T10:37:31+00:00,0
2026-03-11T10:42:36+00:00,0
2026-03-11T10:47:31+00:00,0
2026-03-11T10:52:58+00:00,0
2026-03-11T11:02:33+00:00,0
2026-03-11T11:12:36+00:00,1
2026-03-11T11:17:43+00:00,1
2026-03-11T11:22:53+00:00,0
2026-03-11T11:27:45+00:00,0
2026-03-11T11:32:34+00:00,0
2026-03-11T11:37:39+00:00,0
2026-03-11T11:42:50+00:00,0
2026-03-11T11:52:58+00:00,0
2026-03-11T11:57:31+00:00,0
2026-03-11T12:02:35+00:00,0
2026-03-11T12:07:44+00:00,0
2026-03-11T12:12:47+00:00,0
2026-03-11T12:17:37+00:00,0
2026-03-11T12:22:36+00:00,0
2026-03-11T12:32:56+00:00,0
2026-03-11T12:37:31+00:00,0
2026-03-11T12:42:36+00:00,0
2026-03-11T12:47:31+00:00,0
2026-03-11T12:52:43+00:00,0
2026-03-11T12:57:50+00:00,0
2026-03-11T13:02:33+00:00,0
2026-03-11T13:07:44+00:00,0
2026-03-11T13:12:32+00:00,0
2026-03-11T13:17:34+00:00,0
2026-03-11T13:22:33+00:00,0
2026-03-11T13:27:40+00:00,0
2026-03-11T13:32:59+00:00,0
2026-03-11T13:38:02+00:00,0
2026-03-11T13:42:43+00:00,0
2026-03-11T13:47:56+00:00,0
2026-03-11T13:52:43+00:00,0
2026-03-11T13:58:06+00:00,0
2026-03-11T14:02:43+00:00,0
2026-03-11T14:07:35+00:00,0
2026-03-11T14:12:44+00:00,0
2026-03-11T14:17:57+00:00,0
2026-03-11T14:22:50+00:00,0
2026-03-11T14:27:33+00:00,0
2026-03-11T14:32:31+00:00,0
2026-03-11T14:37:31+00:00,0
2026-03-11T14:42:46+00:00,0
2026-03-11T14:47:30+00:00,0
2026-03-11T14:52:33+00:00,0
2026-03-11T14:57:44+00:00,0
2026-03-11T15:07:30+00:00,0
2026-03-11T15:12:48+00:00,0
2026-03-11T15:22:53+00:00,0
2026-03-11T15:27:45+00:00,0
2026-03-11T15:33:01+00:00,0
2026-03-11T15:37:53+00:00,0
2026-03-11T15:42:31+00:00,0
2026-03-11T15:47:42+00:00,0
2026-03-11T15:57:48+00:00,0
2026-03-11T16:02:46+00:00,0
2026-03-11T16:08:21+00:00,0
2026-03-11T16:12:32+00:00,1
2026-03-11T16:17:40+00:00,1
2026-03-11T16:22:40+00:00,1
2026-03-11T16:32:37+00:00,0
2026-03-11T16:37:56+00:00,0
2026-03-11T16:42:33+00:00,0
2026-03-11T16:47:31+00:00,0
2026-03-11T16:52:33+00:00,0
2026-03-11T16:57:32+00:00,0
2026-03-11T17:02:44+00:00,0
2026-03-11T17:07:31+00:00,0
2026-03-11T17:12:38+00:00,0
2026-03-11T17:17:31+00:00,0
2026-03-11T17:22:33+00:00,0
2026-03-11T17:27:31+00:00,0
2026-03-11T17:32:40+00:00,0
2026-03-11T17:37:31+00:00,0
2026-03-11T17:42:41+00:00,0
2026-03-11T17:47:32+00:00,0
2026-03-11T17:52:44+00:00,0
2026-03-11T17:57:37+00:00,0
2026-03-11T18:02:52+00:00,0
2026-03-11T18:07:54+00:00,0
2026-03-11T18:12:38+00:00,0
2026-03-11T18:17:53+00:00,0
2026-03-11T18:22:33+00:00,0
2026-03-11T18:27:32+00:00,0
2026-03-11T18:32:35+00:00,0
2026-03-11T18:37:33+00:00,0
2026-03-11T18:42:50+00:00,0
2026-03-11T18:47:52+00:00,0
2026-03-11T18:52:35+00:00,0
2026-03-11T18:57:48+00:00,0
2026-03-11T19:03:00+00:00,0
2026-03-11T19:07:30+00:00,0
2026-03-11T19:12:31+00:00,0
2026-03-11T19:17:31+00:00,0
2026-03-11T19:22:40+00:00,0
2026-03-11T19:27:31+00:00,0
2026-03-11T19:32:54+00:00,0
2026-03-11T19:37:31+00:00,0
2026-03-11T19:42:43+00:00,0
2026-03-11T19:47:31+00:00,1
2026-03-11T19:52:53+00:00,1
2026-03-11T19:57:31+00:00,0
2026-03-11T20:03:02+00:00,1
2026-03-11T20:07:35+00:00,1
2026-03-11T20:12:32+00:00,1
2026-03-11T20:17:31+00:00,1
2026-03-11T20:22:53+00:00,1
2026-03-11T20:27:31+00:00,1
2026-03-11T20:32:53+00:00,1
2026-03-11T20:37:43+00:00,1
2026-03-11T20:42:41+00:00,1
2026-03-11T20:47:33+00:00,1
2026-03-11T20:52:54+00:00,1
2026-03-11T20:57:31+00:00,1
2026-03-11T21:03:00+00:00,1
2026-03-11T21:07:51+00:00,0
2026-03-11T21:12:32+00:00,0
2026-03-11T21:17:34+00:00,0
2026-03-11T21:22:35+00:00,0
2026-03-11T21:27:54+00:00,0
2026-03-11T21:32:33+00:00,0
2026-03-11T21:38:05+00:00,0
2026-03-11T21:42:48+00:00,0
2026-03-11T21:47:34+00:00,0
2026-03-11T21:52:32+00:00,1
2026-03-11T21:57:31+00:00,0
2026-03-11T22:02:51+00:00,0
2026-03-11T22:07:41+00:00,0
2026-03-11T22:12:34+00:00,0
2026-03-11T22:17:55+00:00,0
2026-03-11T22:22:45+00:00,1
2026-03-11T22:27:35+00:00,1
2026-03-11T22:32:52+00:00,1
2026-03-11T22:37:44+00:00,1
2026-03-11T22:42:31+00:00,0
2026-03-11T22:47:31+00:00,0
2026-03-11T22:52:33+00:00,1
2026-03-11T22:57:31+00:00,0
2026-03-11T23:02:33+00:00,0
2026-03-11T23:07:31+00:00,0
2026-03-11T23:12:49+00:00,0
2026-03-11T23:17:31+00:00,0
2026-03-11T23:22:33+00:00,0
2026-03-11T23:27:33+00:00,0
2026-03-11T23:32:32+00:00,0
2026-03-11T23:37:57+00:00,0
2026-03-11T23:42:34+00:00,0
2026-03-11T23:53:06+00:00,0
2026-03-11T23:57:31+00:00,0
2026-03-12T00:02:58+00:00,0
2026-03-12T00:07:42+00:00,0
2026-03-12T00:13:09+00:00,0
2026-03-12T00:17:36+00:00,0
2026-03-12T00:22:34+00:00,0
2026-03-12T00:27:32+00:00,0
2026-03-12T00:32:39+00:00,0
2026-03-12T00:37:45+00:00,0
2026-03-12T00:42:40+00:00,0
2026-03-12T00:47:33+00:00,0
2026-03-12T00:52:33+00:00,0
2026-03-12T00:57:48+00:00,0
2026-03-12T01:02:34+00:00,0
2026-03-12T01:07:52+00:00,0
2026-03-12T01:12:39+00:00,0
2026-03-12T01:17:53+00:00,0
2026-03-12T01:22:49+00:00,0
2026-03-12T01:27:34+00:00,0
2026-03-12T01:32:32+00:00,0
2026-03-12T01:37:31+00:00,0
2026-03-12T01:42:49+00:00,0
2026-03-12T01:47:30+00:00,0
2026-03-12T01:52:49+00:00,0
2026-03-12T01:57:47+00:00,0
2026-03-12T02:02:58+00:00,0
2026-03-12T02:07:41+00:00,0
2026-03-12T02:12:33+00:00,0
2026-03-12T02:17:41+00:00,0
2026-03-12T02:22:48+00:00,0
2026-03-12T02:27:56+00:00,0
2026-03-12T02:32:32+00:00,0
2026-03-12T02:37:31+00:00,0
2026-03-12T02:42:35+00:00,0
2026-03-12T02:47:45+00:00,0
2026-03-12T02:52:34+00:00,0
2026-03-12T02:57:49+00:00,0
2026-03-12T03:02:32+00:00,0
2026-03-12T03:07:32+00:00,0
2026-03-12T03:12:35+00:00,0
2026-03-12T03:17:45+00:00,0
2026-03-12T03:22:45+00:00,0
2026-03-12T03:27:56+00:00,0
2026-03-12T03:32:51+00:00,0
2026-03-12T03:37:36+00:00,0
2026-03-12T03:42:54+00:00,0
2026-03-12T03:52:50+00:00,0
2026-03-12T03:57:31+00:00,0
2026-03-12T04:02:33+00:00,0
2026-03-12T04:07:54+00:00,0
2026-03-12T04:13:04+00:00,0
2026-03-12T04:17:34+00:00,0
2026-03-12T04:22:51+00:00,0
2026-03-12T04:28:02+00:00,0
2026-03-12T04:32:39+00:00,0
2026-03-12T04:37:41+00:00,0
2026-03-12T04:42:35+00:00,0
2026-03-12T04:47:31+00:00,0
2026-03-12T04:52:41+00:00,0
2026-03-12T04:57:46+00:00,0
2026-03-12T05:02:35+00:00,0
2026-03-12T05:07:33+00:00,0
2026-03-12T05:13:01+00:00,0
2026-03-12T05:18:07+00:00,0
2026-03-12T05:22:54+00:00,0
2026-03-12T05:27:32+00:00,0
2026-03-12T05:32:37+00:00,0
2026-03-12T05:37:34+00:00,0
2026-03-12T05:42:33+00:00,0
2026-03-12T05:47:38+00:00,0
2026-03-12T05:52:31+00:00,0
2026-03-12T05:57:38+00:00,0
2026-03-12T06:02:33+00:00,0
2026-03-12T06:07:32+00:00,0
2026-03-12T06:12:33+00:00,0
2026-03-12T06:18:01+00:00,0
2026-03-12T06:22:32+00:00,0
2026-03-12T06:27:45+00:00,0
2026-03-12T06:32:35+00:00,0
2026-03-12T06:37:41+00:00,0
2026-03-12T06:42:34+00:00,0
2026-03-12T06:47:32+00:00,0
2026-03-12T06:53:00+00:00,0
2026-03-12T07:02:53+00:00,0
2026-03-12T07:07:33+00:00,0
2026-03-12T07:12:52+00:00,0
2026-03-12T07:17:36+00:00,0
2026-03-12T07:22:49+00:00,0
2026-03-12T07:28:06+00:00,0
2026-03-12T07:32:44+00:00,0
2026-03-12T07:47:50+00:00,0
2026-03-12T07:53:16+00:00,0
2026-03-12T07:58:15+00:00,0
2026-03-12T08:02:50+00:00,0
2026-03-12T08:07:42+00:00,0
2026-03-12T08:12:56+00:00,0
2026-03-12T08:17:41+00:00,0
2026-03-12T08:27:56+00:00,0
2026-03-12T08:33:01+00:00,0
2026-03-12T08:37:32+00:00,0
2026-03-12T08:42:35+00:00,0
2026-03-12T08:47:32+00:00,0
2026-03-12T08:52:58+00:00,0
2026-03-12T08:58:11+00:00,0
2026-03-12T09:02:32+00:00,0
2026-03-12T09:12:53+00:00,0
2026-03-12T09:22:33+00:00,0
2026-03-12T09:33:02+00:00,0
2026-03-12T09:37:35+00:00,0
2026-03-12T09:42:43+00:00,0
2026-03-12T09:47:53+00:00,0
2026-03-12T10:03:04+00:00,0
2026-03-12T10:08:02+00:00,0
2026-03-12T10:12:32+00:00,0
2026-03-12T10:17:31+00:00,0
2026-03-12T10:22:52+00:00,0
2026-03-12T10:27:32+00:00,0
2026-03-12T10:32:49+00:00,1
2026-03-12T10:37:44+00:00,1
2026-03-12T10:42:52+00:00,1
2026-03-12T10:47:31+00:00,0
2026-03-12T10:52:33+00:00,0
2026-03-12T10:57:31+00:00,0
2026-03-12T11:02:38+00:00,0
2026-03-12T11:07:33+00:00,0
2026-03-12T11:12:41+00:00,0
2026-03-12T11:17:31+00:00,0
2026-03-12T11:22:33+00:00,0
2026-03-12T11:27:31+00:00,0
2026-03-12T11:33:03+00:00,0
2026-03-12T11:37:31+00:00,0
2026-03-12T11:42:32+00:00,0
2026-03-12T11:47:31+00:00,0
2026-03-12T11:52:50+00:00,0
2026-03-12T11:57:33+00:00,0
2026-03-12T12:08:09+00:00,0
2026-03-12T12:12:53+00:00,0
2026-03-12T12:17:56+00:00,0
2026-03-12T12:22:32+00:00,0
2026-03-12T12:27:43+00:00,0
2026-03-12T12:32:59+00:00,0
2026-03-12T12:37:32+00:00,0
2026-03-12T12:42:56+00:00,0
2026-03-12T12:47:50+00:00,0
2026-03-12T12:53:10+00:00,0
2026-03-12T12:57:49+00:00,0
2026-03-12T13:07:33+00:00,0
2026-03-12T13:12:36+00:00,0
2026-03-12T13:17:50+00:00,0
2026-03-12T13:22:34+00:00,1
2026-03-12T13:27:51+00:00,1
2026-03-12T13:32:30+00:00,1
2026-03-12T13:37:31+00:00,0
2026-03-12T13:42:30+00:00,0
2026-03-12T13:47:31+00:00,0
2026-03-12T13:52:32+00:00,0
2026-03-12T13:57:31+00:00,0
2026-03-12T14:02:33+00:00,0
2026-03-12T14:07:30+00:00,0
2026-03-12T14:12:43+00:00,0
2026-03-12T14:17:31+00:00,0
2026-03-12T14:22:44+00:00,0
2026-03-12T14:27:31+00:00,1
2026-03-12T14:32:56+00:00,1
2026-03-12T14:37:31+00:00,0
2026-03-12T14:42:39+00:00,0
2026-03-12T14:47:31+00:00,1
2026-03-12T14:52:33+00:00,0
2026-03-12T14:57:32+00:00,0
2026-03-12T15:02:53+00:00,0
2026-03-12T15:07:31+00:00,0
2026-03-12T15:12:34+00:00,0
2026-03-12T15:17:32+00:00,1
2026-03-12T15:27:32+00:00,0
2026-03-12T15:32:57+00:00,0
2026-03-12T15:37:43+00:00,1
2026-03-12T15:42:45+00:00,1
2026-03-12T15:47:31+00:00,1
2026-03-12T15:57:33+00:00,0
2026-03-12T16:02:42+00:00,1
2026-03-12T16:07:49+00:00,1
2026-03-12T16:12:33+00:00,1
2026-03-12T16:18:05+00:00,0
2026-03-12T16:27:31+00:00,0
2026-03-12T16:32:48+00:00,0
2026-03-12T16:37:31+00:00,0
2026-03-12T16:42:32+00:00,0
2026-03-12T16:47:31+00:00,1
2026-03-12T16:52:56+00:00,1
2026-03-12T16:57:33+00:00,0
2026-03-12T17:02:34+00:00,0
2026-03-12T17:07:42+00:00,1
2026-03-12T17:12:54+00:00,0
2026-03-12T17:17:33+00:00,1
2026-03-12T17:22:33+00:00,1
2026-03-12T17:27:51+00:00,1
2026-03-12T17:32:48+00:00,0
2026-03-12T17:37:33+00:00,1
2026-03-12T17:42:37+00:00,1
2026-03-12T17:52:35+00:00,0
2026-03-12T17:57:30+00:00,0
2026-03-12T18:02:38+00:00,0
2026-03-12T18:07:31+00:00,0
2026-03-12T18:12:44+00:00,0
2026-03-12T18:17:30+00:00,0
2026-03-12T18:22:34+00:00,0
2026-03-12T18:27:32+00:00,0
2026-03-12T18:32:33+00:00,0
2026-03-12T18:37:36+00:00,0
2026-03-12T18:42:32+00:00,0
2026-03-12T18:47:30+00:00,0
2026-03-12T18:53:03+00:00,0
2026-03-12T18:57:33+00:00,0
2026-03-12T19:02:49+00:00,0
2026-03-12T19:07:43+00:00,0
2026-03-12T19:12:50+00:00,0
2026-03-12T19:17:53+00:00,0
2026-03-12T19:22:35+00:00,0
2026-03-12T19:27:48+00:00,0
2026-03-12T19:32:46+00:00,0
2026-03-12T19:37:59+00:00,0
2026-03-12T19:42:39+00:00,0
2026-03-12T19:47:56+00:00,0
2026-03-12T19:52:39+00:00,0
2026-03-12T19:57:31+00:00,0
2026-03-12T20:02:39+00:00,0
2026-03-12T20:07:30+00:00,0
2026-03-12T20:12:33+00:00,0
2026-03-12T20:17:46+00:00,0
2026-03-12T20:27:32+00:00,0
2026-03-12T20:32:46+00:00,0
2026-03-12T20:37:33+00:00,0
2026-03-12T20:42:54+00:00,0
2026-03-12T20:47:31+00:00,0
2026-03-12T20:52:54+00:00,0
2026-03-12T20:57:47+00:00,0
2026-03-12T21:02:33+00:00,0
2026-03-12T21:07:50+00:00,0
2026-03-12T21:12:38+00:00,0
2026-03-12T21:22:33+00:00,0
2026-03-12T21:27:30+00:00,0
2026-03-12T21:32:36+00:00,0
2026-03-12T21:37:31+00:00,0
2026-03-12T21:42:36+00:00,0
2026-03-12T21:47:30+00:00,1
2026-03-12T21:52:36+00:00,0
2026-03-12T21:57:32+00:00,0
2026-03-12T22:07:44+00:00,0
2026-03-12T22:12:33+00:00,0
2026-03-12T22:17:52+00:00,0
2026-03-12T22:27:31+00:00,0
2026-03-12T22:37:31+00:00,0
2026-03-12T22:42:46+00:00,0
2026-03-12T22:47:31+00:00,0
2026-03-12T22:52:35+00:00,0
2026-03-12T22:57:31+00:00,0
2026-03-12T23:02:32+00:00,0
2026-03-12T23:07:35+00:00,0
2026-03-12T23:12:58+00:00,0
2026-03-12T23:22:38+00:00,0
2026-03-12T23:27:30+00:00,0
2026-03-12T23:32:47+00:00,0
2026-03-12T23:37:33+00:00,0
2026-03-12T23:47:30+00:00,0
2026-03-12T23:52:33+00:00,0
2026-03-12T23:57:31+00:00,0
2026-03-13T00:02:37+00:00,0
2026-03-13T00:07:56+00:00,0
2026-03-13T00:12:32+00:00,0
2026-03-13T00:22:38+00:00,0
2026-03-13T00:27:30+00:00,0
2026-03-13T00:32:48+00:00,0
2026-03-13T00:37:33+00:00,0
2026-03-13T00:42:33+00:00,0
2026-03-13T00:47:34+00:00,0
2026-03-13T00:52:34+00:00,0
2026-03-13T00:57:46+00:00,0
2026-03-13T01:02:42+00:00,0
2026-03-13T01:07:31+00:00,0
2026-03-13T01:12:33+00:00,0
2026-03-13T01:17:34+00:00,0
2026-03-13T01:22:50+00:00,0
2026-03-13T01:27:31+00:00,0
2026-03-13T01:32:39+00:00,0
2026-03-13T01:37:31+00:00,0
2026-03-13T01:42:30+00:00,0
2026-03-13T01:47:31+00:00,0
2026-03-13T01:52:49+00:00,0
2026-03-13T01:57:31+00:00,0
2026-03-13T02:02:47+00:00,0
2026-03-13T02:07:51+00:00,0
2026-03-13T02:12:56+00:00,0
2026-03-13T02:17:33+00:00,0
2026-03-13T02:22:37+00:00,0
2026-03-13T02:28:06+00:00,0
2026-03-13T02:32:50+00:00,0
2026-03-13T02:38:13+00:00,0
2026-03-13T02:42:39+00:00,0
2026-03-13T02:47:34+00:00,0
2026-03-13T02:52:33+00:00,0
2026-03-13T02:57:42+00:00,0
2026-03-13T03:02:33+00:00,0
2026-03-13T03:07:56+00:00,0
2026-03-13T03:12:44+00:00,0
2026-03-13T03:17:30+00:00,0
2026-03-13T03:22:31+00:00,0
2026-03-13T03:27:31+00:00,0
2026-03-13T03:32:50+00:00,0
2026-03-13T03:37:38+00:00,0
2026-03-13T03:42:34+00:00,0
2026-03-13T03:47:42+00:00,0
2026-03-13T03:52:54+00:00,0
2026-03-13T03:57:50+00:00,0
2026-03-13T04:02:45+00:00,0
2026-03-13T04:12:41+00:00,0
2026-03-13T04:17:33+00:00,0
2026-03-13T04:27:32+00:00,0
2026-03-13T04:32:34+00:00,0
2026-03-13T04:37:30+00:00,0
2026-03-13T04:42:33+00:00,0
2026-03-13T04:47:50+00:00,0
2026-03-13T04:52:36+00:00,0
2026-03-13T04:58:13+00:00,0
2026-03-13T05:02:39+00:00,0
2026-03-13T05:07:36+00:00,0
2026-03-13T05:12:33+00:00,0
2026-03-13T05:18:11+00:00,0
2026-03-13T05:32:33+00:00,0
2026-03-13T05:37:33+00:00,0
2026-03-13T05:42:54+00:00,0
2026-03-13T05:47:31+00:00,0
2026-03-13T05:52:38+00:00,0
2026-03-13T05:57:31+00:00,0
2026-03-13T06:02:59+00:00,0
2026-03-13T06:07:43+00:00,0
2026-03-13T06:12:39+00:00,0
2026-03-13T06:17:45+00:00,0
2026-03-13T06:22:31+00:00,0
2026-03-13T06:27:30+00:00,0
2026-03-13T06:32:37+00:00,0
2026-03-13T06:37:31+00:00,0
2026-03-13T06:42:46+00:00,0
2026-03-13T06:47:31+00:00,0
2026-03-13T06:52:48+00:00,0
2026-03-13T06:58:00+00:00,0
2026-03-13T07:02:52+00:00,0
2026-03-13T07:07:53+00:00,0
2026-03-13T07:12:46+00:00,0
2026-03-13T07:17:56+00:00,0
2026-03-13T07:22:40+00:00,0
2026-03-13T07:27:59+00:00,0
2026-03-13T07:32:44+00:00,0
2026-03-13T07:37:38+00:00,0
2026-03-13T07:42:38+00:00,0
2026-03-13T07:47:54+00:00,0
2026-03-13T07:52:34+00:00,0
2026-03-13T07:58:04+00:00,0
2026-03-13T08:02:40+00:00,0
2026-03-13T08:07:41+00:00,0
2026-03-13T08:17:32+00:00,0
2026-03-13T08:22:44+00:00,0
2026-03-13T08:27:50+00:00,0
2026-03-13T08:32:33+00:00,0
2026-03-13T08:37:43+00:00,0
2026-03-13T08:42:39+00:00,0
2026-03-13T08:47:58+00:00,0
2026-03-13T08:52:47+00:00,0
2026-03-13T09:03:14+00:00,0
2026-03-13T09:12:30+00:00,0
2026-03-13T09:17:30+00:00,0
2026-03-13T09:22:30+00:00,1
2026-03-13T09:27:31+00:00,1
2026-03-13T09:37:34+00:00,0
2026-03-13T09:42:51+00:00,0
2026-03-13T09:47:58+00:00,0
2026-03-13T09:52:33+00:00,0
2026-03-13T09:57:31+00:00,0
2026-03-13T10:07:31+00:00,1
2026-03-13T10:12:47+00:00,1
2026-03-13T10:17:31+00:00,1
2026-03-13T10:22:51+00:00,1
2026-03-13T10:27:31+00:00,1
2026-03-13T10:32:33+00:00,1
2026-03-13T10:37:32+00:00,0
2026-03-13T10:47:33+00:00,0
2026-03-13T10:57:34+00:00,0
2026-03-13T11:07:37+00:00,0
2026-03-13T11:12:40+00:00,0
2026-03-13T11:17:35+00:00,0
2026-03-13T11:22:43+00:00,0
2026-03-13T11:27:49+00:00,0
2026-03-13T11:32:55+00:00,0
2026-03-13T11:38:01+00:00,0
2026-03-13T11:42:32+00:00,0
2026-03-13T11:52:57+00:00,0
2026-03-13T11:57:32+00:00,0
2026-03-13T12:07:30+00:00,0
2026-03-13T12:17:31+00:00,0
2026-03-13T12:22:52+00:00,0
2026-03-13T12:27:38+00:00,0
2026-03-13T12:32:48+00:00,0
2026-03-13T12:37:33+00:00,0
2026-03-13T12:42:42+00:00,0
2026-03-13T12:47:43+00:00,0
2026-03-13T12:52:31+00:00,0
2026-03-13T12:57:32+00:00,0
2026-03-13T13:02:42+00:00,0
2026-03-13T13:07:37+00:00,0
2026-03-13T13:12:32+00:00,0
2026-03-13T13:17:55+00:00,0
2026-03-13T13:22:33+00:00,0
2026-03-13T13:27:33+00:00,0
2026-03-13T13:33:01+00:00,0
2026-03-13T13:37:40+00:00,0
2026-03-13T13:42:44+00:00,0
2026-03-13T13:52:31+00:00,0
2026-03-13T13:57:33+00:00,0
2026-03-13T14:07:36+00:00,0
2026-03-13T14:12:34+00:00,0
2026-03-13T14:17:32+00:00,0
2026-03-13T14:22:32+00:00,0
2026-03-13T14:27:47+00:00,0
2026-03-13T14:32:44+00:00,0
2026-03-13T14:42:34+00:00,0
2026-03-13T14:47:35+00:00,0
2026-03-13T14:52:34+00:00,0
2026-03-13T14:58:02+00:00,0
2026-03-13T15:02:33+00:00,0
2026-03-13T15:07:57+00:00,0
2026-03-13T15:12:34+00:00,0
2026-03-13T15:17:51+00:00,0
2026-03-13T15:22:58+00:00,0
2026-03-13T15:27:31+00:00,0
2026-03-13T15:32:46+00:00,0
2026-03-13T15:37:32+00:00,0
2026-03-13T15:42:40+00:00,0
2026-03-13T15:47:34+00:00,0
2026-03-13T15:52:53+00:00,0
2026-03-13T15:57:33+00:00,0
2026-03-13T16:02:32+00:00,0
2026-03-13T16:08:00+00:00,0
2026-03-13T16:12:32+00:00,0
2026-03-13T16:17:32+00:00,0
2026-03-13T16:23:02+00:00,0
2026-03-13T16:27:54+00:00,0
2026-03-13T16:32:48+00:00,0
2026-03-13T16:42:33+00:00,0
2026-03-13T16:47:37+00:00,0
2026-03-13T16:52:36+00:00,0
2026-03-13T16:57:37+00:00,0
2026-03-13T17:02:33+00:00,0
2026-03-13T17:07:32+00:00,0
2026-03-13T17:12:33+00:00,0
2026-03-13T17:17:32+00:00,0
2026-03-13T17:22:33+00:00,0
2026-03-13T17:27:32+00:00,0
2026-03-13T17:32:31+00:00,0
2026-03-13T17:37:33+00:00,0
2026-03-13T17:42:33+00:00,0
2026-03-13T17:47:48+00:00,0
2026-03-13T17:57:33+00:00,0
2026-03-13T18:02:43+00:00,0
2026-03-13T18:07:48+00:00,0
2026-03-13T18:12:33+00:00,0
2026-03-13T18:17:34+00:00,0
2026-03-13T18:22:32+00:00,0
2026-03-13T18:27:35+00:00,0
2026-03-13T18:32:39+00:00,0
2026-03-13T18:37:43+00:00,0
2026-03-13T18:42:33+00:00,0
2026-03-13T18:47:54+00:00,0
2026-03-13T18:52:52+00:00,0
2026-03-13T18:57:37+00:00,0
2026-03-13T19:02:32+00:00,0
2026-03-13T19:08:10+00:00,0
2026-03-13T19:13:03+00:00,0
2026-03-13T19:17:47+00:00,0
2026-03-13T19:22:56+00:00,0
2026-03-13T19:27:43+00:00,0
2026-03-13T19:32:38+00:00,0
2026-03-13T19:37:42+00:00,0
2026-03-13T19:42:49+00:00,0
2026-03-13T19:47:45+00:00,0
2026-03-13T19:52:38+00:00,0
2026-03-13T19:57:51+00:00,0
2026-03-13T20:02:54+00:00,0
2026-03-13T20:07:42+00:00,0
2026-03-13T20:12:33+00:00,0
2026-03-13T20:17:43+00:00,0
2026-03-13T20:22:35+00:00,0
2026-03-13T20:27:46+00:00,0
2026-03-13T20:32:33+00:00,0
2026-03-13T20:37:32+00:00,0
2026-03-13T20:42:47+00:00,0
2026-03-13T20:47:41+00:00,0
2026-03-13T20:52:31+00:00,0
2026-03-13T20:57:42+00:00,0
2026-03-13T21:02:39+00:00,0
2026-03-13T21:07:39+00:00,0
2026-03-13T21:12:58+00:00,0
2026-03-13T21:17:53+00:00,0
2026-03-13T21:22:33+00:00,0
2026-03-13T21:27:54+00:00,0
2026-03-13T21:32:33+00:00,0
2026-03-13T21:37:47+00:00,0
2026-03-13T21:42:32+00:00,0
2026-03-13T21:47:33+00:00,0
2026-03-13T21:52:46+00:00,0
2026-03-13T21:57:38+00:00,0
2026-03-13T22:02:33+00:00,0
2026-03-13T22:07:53+00:00,0
2026-03-13T22:12:54+00:00,0
2026-03-13T22:17:34+00:00,0
2026-03-13T22:22:51+00:00,0
2026-03-13T22:28:09+00:00,0
2026-03-13T22:32:46+00:00,0
2026-03-13T22:37:58+00:00,0
2026-03-13T22:42:36+00:00,0
2026-03-13T22:52:41+00:00,0
2026-03-13T22:58:05+00:00,0
2026-03-13T23:02:35+00:00,0
2026-03-13T23:07:32+00:00,0
2026-03-13T23:12:40+00:00,0
2026-03-13T23:17:33+00:00,0
2026-03-13T23:32:30+00:00,0
2026-03-13T23:37:38+00:00,0
2026-03-13T23:42:43+00:00,0
2026-03-13T23:47:33+00:00,0
2026-03-13T23:53:14+00:00,0
2026-03-13T23:57:41+00:00,0
2026-03-14T00:02:32+00:00,0
2026-03-14T00:07:58+00:00,0
2026-03-14T00:12:51+00:00,0
2026-03-14T00:17:56+00:00,0
2026-03-14T00:27:33+00:00,0
2026-03-14T00:32:52+00:00,0
2026-03-14T00:42:46+00:00,0
2026-03-14T00:48:00+00:00,0
2026-03-14T00:52:34+00:00,0
2026-03-14T00:57:49+00:00,0
2026-03-14T01:02:35+00:00,0
2026-03-14T01:07:55+00:00,0
2026-03-14T01:12:38+00:00,0
2026-03-14T01:17:33+00:00,0
2026-03-14T01:22:44+00:00,0
2026-03-14T01:27:44+00:00,0
2026-03-14T01:32:57+00:00,0
2026-03-14T01:42:40+00:00,0
2026-03-14T01:53:00+00:00,0
2026-03-14T01:57:52+00:00,0
2026-03-14T02:02:32+00:00,0
2026-03-14T02:08:03+00:00,0
2026-03-14T02:12:32+00:00,0
2026-03-14T02:17:44+00:00,0
2026-03-14T02:22:33+00:00,0
2026-03-14T02:27:38+00:00,0
2026-03-14T02:32:33+00:00,0
2026-03-14T02:37:45+00:00,0
2026-03-14T02:42:51+00:00,0
2026-03-14T02:48:05+00:00,0
2026-03-14T02:57:33+00:00,0
2026-03-14T03:07:53+00:00,0
2026-03-14T03:18:04+00:00,0
2026-03-14T03:22:56+00:00,0
2026-03-14T03:33:12+00:00,0
2026-03-14T03:37:31+00:00,0
2026-03-14T03:42:31+00:00,0
2026-03-14T03:47:30+00:00,0
2026-03-14T03:52:34+00:00,0
2026-03-14T03:57:30+00:00,0
2026-03-14T04:02:31+00:00,0
2026-03-14T04:07:36+00:00,0
2026-03-14T04:17:32+00:00,0
2026-03-14T04:23:04+00:00,0
2026-03-14T04:27:31+00:00,0
2026-03-14T04:32:31+00:00,0
2026-03-14T04:37:31+00:00,0
2026-03-14T04:47:30+00:00,0
2026-03-14T04:52:38+00:00,0
2026-03-14T04:57:31+00:00,0
2026-03-14T05:02:43+00:00,0
2026-03-14T05:12:33+00:00,0
2026-03-14T05:18:00+00:00,0
2026-03-14T05:27:33+00:00,0
2026-03-14T05:37:31+00:00,0
2026-03-14T05:42:34+00:00,0
2026-03-14T05:47:35+00:00,0
2026-03-14T05:52:33+00:00,0
2026-03-14T05:57:34+00:00,0
2026-03-14T06:02:32+00:00,0
2026-03-14T06:07:32+00:00,0
2026-03-14T06:12:46+00:00,0
2026-03-14T06:17:31+00:00,0
2026-03-14T06:23:02+00:00,0
2026-03-14T06:27:32+00:00,0
2026-03-14T06:32:34+00:00,0
2026-03-14T06:37:34+00:00,0
2026-03-14T06:42:42+00:00,0
2026-03-14T06:47:52+00:00,0
2026-03-14T06:52:33+00:00,0
2026-03-14T06:57:49+00:00,0
2026-03-14T07:02:35+00:00,0
2026-03-14T07:08:00+00:00,0
2026-03-14T07:12:34+00:00,0
2026-03-14T07:17:46+00:00,0
2026-03-14T07:22:55+00:00,0
2026-03-14T07:27:56+00:00,0
2026-03-14T07:37:31+00:00,0
2026-03-14T07:42:31+00:00,0
2026-03-14T07:47:31+00:00,0
2026-03-14T07:52:37+00:00,0
2026-03-14T07:57:30+00:00,0
2026-03-14T08:02:44+00:00,0
2026-03-14T08:07:36+00:00,0
2026-03-14T08:13:11+00:00,0
2026-03-14T08:17:34+00:00,0
2026-03-14T08:22:33+00:00,0
2026-03-14T08:27:33+00:00,0
2026-03-14T08:32:38+00:00,0
2026-03-14T08:37:33+00:00,0
2026-03-14T08:42:34+00:00,0
2026-03-14T08:47:52+00:00,0
2026-03-14T08:57:52+00:00,0
2026-03-14T09:02:33+00:00,0
2026-03-14T09:07:56+00:00,0
2026-03-14T09:13:06+00:00,0
2026-03-14T09:28:06+00:00,0
2026-03-14T09:32:32+00:00,0
2026-03-14T09:37:30+00:00,0
2026-03-14T09:47:30+00:00,0
2026-03-14T09:52:46+00:00,0
2026-03-14T09:57:30+00:00,0
2026-03-14T10:02:36+00:00,0
2026-03-14T10:07:30+00:00,0
2026-03-14T10:12:31+00:00,0
2026-03-14T10:17:31+00:00,1
2026-03-14T10:22:49+00:00,1
2026-03-14T10:27:30+00:00,1
2026-03-14T10:32:47+00:00,1
2026-03-14T10:37:31+00:00,1
2026-03-14T10:42:36+00:00,1
2026-03-14T10:47:31+00:00,1
2026-03-14T10:52:50+00:00,0
2026-03-14T10:57:39+00:00,0
2026-03-14T11:02:37+00:00,0
2026-03-14T11:08:11+00:00,0
2026-03-14T11:12:32+00:00,0
2026-03-14T11:17:48+00:00,0
2026-03-14T11:22:49+00:00,0
2026-03-14T11:27:46+00:00,0
