created_at,number_of_occupants
2026-02-26T09:40:23+00:00,2
2026-02-26T09:41:08+00:00,2
2026-02-26T09:41:48+00:00,2
2026-02-26T09:43:32+00:00,2
2026-02-26T09:44:20+00:00,2
2026-02-26T09:44:52+00:00,2
2026-02-26T09:45:21+00:00,2
2026-02-26T09:45:53+00:00,2
2026-02-26T10:49:50+00:00,0
2026-02-26T10:51:14+00:00,1
2026-02-26T11:01:59+00:00,1
2026-02-26T11:02:14+00:00,1
2026-02-26T11:02:29+00:00,1
2026-02-26T11:02:45+00:00,1
2026-02-26T11:03:00+00:00,1
2026-02-26T11:03:49+00:00,1
2026-02-26T11:09:55+00:00,1
2026-02-26T11:16:08+00:00,1
2026-02-26T11:16:23+00:00,1
2026-02-26T11:16:38+00:00,1
2026-02-26T11:19:09+00:00,1
2026-02-26T11:31:37+00:00,1
2026-02-26T11:36:51+00:00,1
2026-02-26T11:55:42+00:00,1
2026-02-26T11:57:07+00:00,1
2026-02-26T11:57:22+00:00,1
2026-02-26T11:59:04+00:00,1
2026-02-26T11:59:19+00:00,1
2026-02-26T11:59:34+00:00,1
2026-02-26T12:00:30+00:00,1
2026-02-26T12:29:08+00:00,1
2026-02-26T12:42:56+00:00,2
2026-02-26T12:43:48+00:00,2
2026-02-26T12:55:11+00:00,2
2026-02-26T12:55:26+00:00,2
2026-02-26T12:55:41+00:00,2
2026-02-26T12:55:56+00:00,2
2026-02-26T12:58:15+00:00,2
2026-02-26T12:58:58+00:00,2
2026-02-26T12:59:13+00:00,2
2026-02-26T13:14:13+00:00,2
2026-02-26T13:15:33+00:00,2
2026-02-26T13:16:28+00:00,2
2026-02-26T13:20:21+00:00,1
2026-02-26T13:20:36+00:00,1
2026-02-26T13:21:17+00:00,1
2026-02-26T13:21:32+00:00,1
2026-02-26T13:53:50+00:00,1
2026-02-26T13:54:29+00:00,1
2026-02-26T13:54:53+00:00,1
2026-02-26T13:59:06+00:00,1
2026-02-26T13:59:21+00:00,1
2026-02-26T14:16:13+00:00,0
2026-02-26T14:17:40+00:00,0
2026-02-26T14:18:04+00:00,0
2026-02-26T14:18:19+00:00,0
2026-02-26T14:38:32+00:00,0
2026-02-26T14:41:40+00:00,0
2026-02-26T14:41:55+00:00,0
2026-02-26T14:48:49+00:00,0
2026-02-26T14:49:40+00:00,0
2026-02-26T14:49:55+00:00,0
2026-02-26T14:53:15+00:00,0
2026-02-26T14:53:54+00:00,0
2026-02-26T14:55:13+00:00,0
2026-02-26T14:55:28+00:00,0
2026-02-26T15:44:02+00:00,0
2026-02-26T15:44:17+00:00,0
2026-02-26T15:44:41+00:00,0
2026-02-26T16:07:21+00:00,0
2026-02-26T16:14:03+00:00,0
2026-02-26T17:22:49+00:00,1
2026-02-26T17:23:04+00:00,1
2026-02-26T17:27:55+00:00,1
2026-02-26T17:32:13+00:00,0
2026-02-26T17:57:18+00:00,0
2026-02-26T17:58:18+00:00,0
2026-02-26T18:25:37+00:00,0
2026-02-26T18:25:52+00:00,0
2026-02-26T18:33:17+00:00,0
2026-02-26T18:33:32+00:00,0
2026-02-26T18:33:49+00:00,0
2026-02-26T18:34:04+00:00,0
2026-02-26T18:34:19+00:00,0
2026-02-26T18:34:38+00:00,0
2026-02-26T18:34:53+00:00,0
2026-02-26T18:35:08+00:00,0
2026-02-26T18:35:57+00:00,0
2026-02-26T18:36:12+00:00,0
2026-02-26T18:36:52+00:00,0
2026-02-26T18:37:41+00:00,0
2026-02-26T18:41:56+00:00,0
2026-02-26T18:46:08+00:00,0
2026-02-26T18:55:12+00:00,2
2026-02-26T18:55:27+00:00,2
2026-02-26T19:03:16+00:00,2
2026-02-26T19:03:31+00:00,2
2026-02-26T19:04:12+00:00,2
2026-02-26T19:37:49+00:00,0
2026-02-26T19:38:05+00:00,0
2026-02-26T19:50:08+00:00,0
2026-02-26T19:50:23+00:00,0
2026-02-26T19:50:38+00:00,0
2026-02-26T19:51:30+00:00,0
2026-02-26T19:51:45+00:00,0
2026-02-26T19:52:19+00:00,0
2026-02-26T19:53:10+00:00,0
2026-02-26T19:53:45+00:00,0
2026-02-26T19:55:27+00:00,0
2026-02-26T19:55:42+00:00,0
2026-02-26T19:56:04+00:00,0
2026-02-26T19:58:36+00:00,0
2026-02-26T19:58:51+00:00,0
2026-02-26T19:59:44+00:00,0
2026-02-26T19:59:59+00:00,0
2026-02-26T20:00:32+00:00,0
2026-02-26T20:01:10+00:00,0
2026-02-26T20:09:05+00:00,0
2026-02-26T20:09:20+00:00,0
2026-02-26T20:10:17+00:00,0
2026-02-26T20:11:34+00:00,0
2026-02-26T20:25:26+00:00,0
2026-02-26T20:26:03+00:00,0
2026-02-26T20:26:18+00:00,0
2026-02-26T21:13:27+00:00,0
2026-02-26T21:13:42+00:00,0
2026-02-26T21:14:15+00:00,0
2026-02-26T21:14:38+00:00,0
2026-02-26T21:14:53+00:00,0
2026-02-26T21:15:09+00:00,0
2026-02-26T21:15:24+00:00,0
2026-02-26T21:20:53+00:00,0
2026-02-26T21:21:51+00:00,0
2026-02-26T21:32:37+00:00,1
2026-02-26T21:32:52+00:00,1
2026-02-26T21:44:48+00:00,1
2026-02-26T21:53:26+00:00,1
2026-02-26T22:03:08+00:00,0
2026-02-26T22:05:02+00:00,0
2026-02-26T22:05:53+00:00,0
2026-02-26T22:07:45+00:00,0
2026-02-26T22:08:08+00:00,0
2026-02-26T22:10:52+00:00,0
2026-02-26T22:12:44+00:00,0
2026-02-26T22:14:48+00:00,0
2026-02-26T22:21:53+00:00,0
2026-02-26T22:22:08+00:00,0
2026-02-26T22:22:24+00:00,0
2026-02-26T23:15:36+00:00,0
2026-02-26T23:17:13+00:00,0
2026-02-26T23:17:39+00:00,0
2026-02-26T23:35:49+00:00,0
2026-02-26T23:36:04+00:00,0
2026-02-26T23:37:25+00:00,0
2026-02-26T23:37:40+00:00,0
2026-02-26T23:37:55+00:00,0
2026-02-26T23:38:12+00:00,0
2026-02-26T23:38:27+00:00,0
2026-02-26T23:38:48+00:00,0
2026-02-26T23:39:03+00:00,0
2026-02-26T23:39:18+00:00,0
2026-02-26T23:39:34+00:00,0
2026-02-26T23:39:49+00:00,0
2026-02-26T23:40:04+00:00,1
2026-02-26T23:40:59+00:00,1
2026-02-26T23:41:54+00:00,1
2026-02-26T23:42:09+00:00,1
2026-02-26T23:42:24+00:00,1
2026-02-26T23:42:40+00:00,1
2026-02-26T23:42:55+00:00,1
2026-02-26T23:43:10+00:00,1
2026-02-26T23:43:28+00:00,1
2026-02-26T23:43:43+00:00,1
2026-02-27T00:13:23+00:00,0
2026-02-27T00:14:43+00:00,0
2026-02-28T01:59:49+00:00,0
2026-02-28T02:00:06+00:00,0
2026-02-28T02:00:31+00:00,0
2026-02-28T02:00:47+00:00,0
2026-02-28T02:01:07+00:00,0
2026-02-28T02:01:21+00:00,0
2026-02-28T02:01:50+00:00,0
2026-02-28T02:02:04+00:00,0
2026-02-28T02:04:13+00:00,0
2026-02-28T02:10:30+00:00,1
2026-02-28T02:12:50+00:00,1
2026-02-28T02:13:06+00:00,1
2026-02-28T02:13:21+00:00,1
2026-02-28T02:13:36+00:00,1
2026-02-28T02:13:51+00:00,1
2026-02-28T02:14:13+00:00,1
2026-02-28T02:14:29+00:00,1
2026-02-28T02:21:40+00:00,1
2026-02-28T02:22:08+00:00,1
2026-02-28T02:22:23+00:00,1
2026-02-28T02:22:39+00:00,1
2026-02-28T02:22:53+00:00,1
2026-02-28T02:23:45+00:00,1
2026-02-28T02:24:00+00:00,1
2026-02-28T02:24:15+00:00,1
2026-02-28T02:24:36+00:00,1
2026-02-28T02:25:32+00:00,1
2026-02-28T02:25:47+00:00,1
2026-02-28T02:26:07+00:00,1
2026-02-28T02:26:22+00:00,1
2026-02-28T02:26:51+00:00,1
2026-02-28T02:27:06+00:00,1
2026-02-28T02:27:25+00:00,1
2026-02-28T02:27:40+00:00,1
2026-02-28T02:27:55+00:00,1
2026-02-28T02:28:45+00:00,1
2026-02-28T02:29:00+00:00,1
2026-02-28T02:29:15+00:00,1
2026-02-28T02:29:30+00:00,1
2026-02-28T02:31:33+00:00,1
2026-02-28T02:32:00+00:00,1
2026-02-28T02:32:15+00:00,1
2026-02-28T02:32:31+00:00,1
2026-02-28T02:33:04+00:00,1
2026-02-28T02:33:19+00:00,1
2026-02-28T02:33:34+00:00,1
2026-02-28T02:33:49+00:00,1
2026-02-28T02:34:33+00:00,1
2026-02-28T02:34:48+00:00,1
2026-02-28T02:35:03+00:00,1
2026-02-28T02:35:45+00:00,1
2026-02-28T02:36:12+00:00,1
2026-02-28T02:36:27+00:00,1
2026-02-28T02:36:42+00:00,1
2026-02-28T02:36:57+00:00,1
2026-02-28T02:37:12+00:00,1
2026-02-28T02:37:28+00:00,1
2026-02-28T02:37:43+00:00,1
2026-02-28T02:38:12+00:00,1
2026-02-28T02:38:27+00:00,1
2026-02-28T02:38:42+00:00,1
2026-02-28T02:38:57+00:00,1
2026-02-28T02:40:47+00:00,0
2026-02-28T02:41:02+00:00,0
2026-02-28T02:42:27+00:00,0
2026-02-28T02:42:44+00:00,0
2026-02-28T02:44:52+00:00,0
2026-02-28T02:51:23+00:00,0
2026-02-28T02:51:38+00:00,0
2026-02-28T02:51:53+00:00,0
2026-02-28T02:52:09+00:00,0
2026-02-28T02:53:01+00:00,0
2026-02-28T02:53:15+00:00,0
2026-02-28T02:56:04+00:00,0
2026-02-28T02:56:20+00:00,0
2026-02-28T02:56:34+00:00,0
2026-02-28T02:56:49+00:00,0
2026-02-28T02:57:04+00:00,0
2026-02-28T02:57:19+00:00,0
2026-02-28T02:57:34+00:00,0
2026-02-28T02:57:49+00:00,0
2026-02-28T02:58:07+00:00,0
2026-02-28T02:58:22+00:00,0
2026-02-28T02:58:37+00:00,0
2026-02-28T02:58:52+00:00,0
2026-02-28T02:59:07+00:00,0
2026-02-28T03:01:28+00:00,0
2026-02-28T03:01:43+00:00,0
2026-02-28T03:01:58+00:00,0
2026-02-28T03:02:13+00:00,0
2026-02-28T03:02:28+00:00,0
2026-02-28T03:02:43+00:00,0
2026-02-28T03:05:44+00:00,0
2026-02-28T03:05:59+00:00,0
2026-02-28T03:06:27+00:00,0
2026-02-28T03:06:42+00:00,0
2026-02-28T03:06:57+00:00,0
2026-02-28T03:07:13+00:00,0
2026-02-28T03:07:45+00:00,0
2026-02-28T03:08:01+00:00,0
2026-02-28T03:08:27+00:00,0
2026-02-28T03:08:35+00:00,0
2026-02-28T03:10:02+00:00,0
2026-02-28T03:10:34+00:00,0
2026-02-28T03:10:49+00:00,0
2026-02-28T03:11:41+00:00,0
2026-02-28T03:11:56+00:00,0
2026-02-28T03:12:11+00:00,0
2026-02-28T04:00:00+00:00,1
2026-02-28T11:22:36+00:00,1
2026-02-28T11:22:51+00:00,1
2026-02-28T11:23:06+00:00,1
2026-02-28T11:23:21+00:00,1
2026-02-28T11:23:36+00:00,1
2026-02-28T11:23:51+00:00,1
2026-02-28T11:28:15+00:00,1
2026-02-28T11:28:49+00:00,1
2026-02-28T11:29:22+00:00,1
2026-02-28T11:29:37+00:00,1
2026-02-28T11:30:01+00:00,1
2026-02-28T11:30:16+00:00,1
2026-02-28T11:30:31+00:00,1
2026-02-28T11:30:46+00:00,1
2026-02-28T11:33:44+00:00,1
2026-02-28T11:33:59+00:00,1
2026-02-28T11:34:28+00:00,1
2026-02-28T11:34:43+00:00,1
2026-02-28T11:35:21+00:00,1
2026-02-28T11:37:23+00:00,1
2026-02-28T11:37:38+00:00,1
2026-02-28T11:39:48+00:00,1
2026-02-28T11:40:03+00:00,1
2026-02-28T11:40:33+00:00,1
2026-02-28T11:40:49+00:00,1
2026-02-28T11:42:03+00:00,1
2026-02-28T11:42:21+00:00,1
2026-02-28T11:42:36+00:00,1
2026-02-28T11:43:44+00:00,1
2026-02-28T11:46:19+00:00,1
2026-02-28T11:46:42+00:00,1
2026-02-28T11:46:58+00:00,1
2026-02-28T11:47:46+00:00,1
2026-02-28T11:48:21+00:00,1
2026-02-28T11:48:36+00:00,1
2026-02-28T11:48:58+00:00,1
2026-02-28T11:52:54+00:00,1
2026-02-28T11:53:09+00:00,1
2026-02-28T11:53:24+00:00,1
2026-02-28T11:53:39+00:00,1
2026-02-28T12:09:03+00:00,1
2026-02-28T12:09:23+00:00,1
2026-02-28T12:10:18+00:00,1
2026-02-28T12:10:33+00:00,1
2026-02-28T12:11:29+00:00,1
2026-02-28T12:11:43+00:00,1
2026-02-28T12:21:56+00:00,1
2026-02-28T12:47:35+00:00,0
2026-02-28T13:10:46+00:00,2
2026-02-28T13:24:18+00:00,2
2026-02-28T13:24:38+00:00,2
2026-02-28T13:26:01+00:00,2
2026-02-28T13:32:22+00:00,2
2026-02-28T13:32:37+00:00,2
2026-02-28T13:34:21+00:00,2
2026-02-28T13:41:58+00:00,1
2026-02-28T13:42:45+00:00,1
2026-02-28T14:02:49+00:00,0
2026-02-28T14:08:13+00:00,0
2026-02-28T14:08:28+00:00,0
2026-02-28T14:31:41+00:00,0
2026-02-28T14:32:08+00:00,0
2026-02-28T14:32:23+00:00,0
2026-02-28T15:18:13+00:00,0
2026-02-28T15:18:28+00:00,0
2026-02-28T15:18:43+00:00,0
2026-02-28T15:19:05+00:00,0
2026-02-28T15:19:20+00:00,0
2026-02-28T15:19:35+00:00,0
2026-02-28T15:21:08+00:00,2
2026-02-28T15:21:28+00:00,2
2026-02-28T15:26:59+00:00,2
2026-02-28T15:28:02+00:00,2
2026-02-28T15:28:17+00:00,2
2026-02-28T15:28:46+00:00,2
2026-02-28T15:29:01+00:00,2
2026-02-28T15:29:39+00:00,2
2026-02-28T15:30:12+00:00,2
2026-02-28T15:35:55+00:00,2
2026-02-28T15:36:19+00:00,2
2026-02-28T15:36:34+00:00,2
2026-02-28T15:36:49+00:00,2
2026-02-28T15:37:04+00:00,2
2026-02-28T15:37:19+00:00,2
2026-02-28T15:39:05+00:00,2
2026-02-28T16:29:40+00:00,1
2026-02-28T16:31:21+00:00,0
2026-02-28T16:34:05+00:00,0
2026-02-28T16:34:38+00:00,0
2026-02-28T16:34:53+00:00,0
2026-02-28T16:35:08+00:00,0
2026-02-28T16:36:46+00:00,0
2026-02-28T16:37:01+00:00,0
2026-02-28T16:38:24+00:00,0
2026-02-28T16:38:39+00:00,0
2026-02-28T16:38:54+00:00,0
2026-02-28T16:39:35+00:00,0
2026-02-28T16:39:50+00:00,0
2026-02-28T16:40:05+00:00,1
2026-02-28T16:40:20+00:00,1
2026-02-28T16:40:36+00:00,1
2026-02-28T16:40:51+00:00,1
2026-02-28T16:41:05+00:00,1
2026-02-28T16:41:20+00:00,1
2026-02-28T16:41:36+00:00,1
2026-02-28T16:41:51+00:00,1
2026-02-28T16:42:39+00:00,1
2026-02-28T16:42:54+00:00,1
2026-02-28T16:43:37+00:00,1
2026-02-28T16:43:53+00:00,1
2026-02-28T16:44:07+00:00,1
2026-02-28T16:45:14+00:00,1
2026-02-28T16:45:29+00:00,1
2026-02-28T19:36:29+00:00,0
2026-02-28T19:36:44+00:00,0
2026-02-28T19:36:59+00:00,0
2026-02-28T19:37:14+00:00,0
2026-02-28T19:38:10+00:00,0
2026-02-28T19:48:09+00:00,0
2026-02-28T19:48:30+00:00,0
2026-02-28T20:03:04+00:00,1
2026-02-28T20:03:45+00:00,1
2026-02-28T20:04:00+00:00,1
2026-02-28T20:04:43+00:00,1
2026-02-28T20:04:58+00:00,1
2026-02-28T20:06:03+00:00,1
2026-02-28T20:26:03+00:00,2
2026-02-28T20:26:37+00:00,2
2026-02-28T20:27:04+00:00,2
2026-02-28T20:27:19+00:00,2
2026-02-28T20:28:14+00:00,2
2026-02-28T20:48:42+00:00,1
2026-02-28T21:14:36+00:00,2
2026-02-28T21:14:51+00:00,2
2026-02-28T21:31:16+00:00,2
2026-02-28T21:32:03+00:00,2
2026-02-28T22:15:02+00:00,0
2026-02-28T22:16:00+00:00,0
2026-02-28T22:47:54+00:00,0
2026-02-28T22:48:18+00:00,0
2026-02-28T22:48:33+00:00,0
2026-02-28T22:48:48+00:00,0
2026-02-28T22:49:03+00:00,0
2026-02-28T23:16:59+00:00,1
2026-02-28T23:17:14+00:00,1
2026-02-28T23:17:29+00:00,1
2026-02-28T23:17:44+00:00,1
2026-02-28T23:17:59+00:00,1
2026-02-28T23:18:46+00:00,1
2026-03-01T11:09:49+00:00,3
2026-03-01T11:10:04+00:00,3
2026-03-01T11:10:19+00:00,3
2026-03-01T11:12:06+00:00,3
2026-03-01T11:14:32+00:00,3
2026-03-01T11:15:43+00:00,3
2026-03-01T11:16:05+00:00,3
2026-03-01T11:29:38+00:00,3
2026-03-01T11:29:53+00:00,3
2026-03-01T11:30:08+00:00,3
2026-03-01T11:39:46+00:00,3
2026-03-01T11:40:01+00:00,3
2026-03-01T11:48:58+00:00,3
2026-03-01T12:02:39+00:00,2
2026-03-01T12:36:32+00:00,2
2026-03-01T12:36:47+00:00,2
2026-03-01T12:37:19+00:00,2
2026-03-01T12:37:38+00:00,2
2026-03-01T12:37:53+00:00,2
2026-03-01T12:45:18+00:00,2
2026-03-01T12:45:58+00:00,2
2026-03-01T12:46:13+00:00,2
2026-03-01T12:46:37+00:00,2
2026-03-01T12:50:08+00:00,2
2026-03-01T12:57:41+00:00,2
2026-03-01T13:08:38+00:00,2
2026-03-01T13:09:58+00:00,2
2026-03-01T13:10:13+00:00,2
2026-03-01T14:36:45+00:00,1
2026-03-01T14:37:27+00:00,1
2026-03-01T14:37:42+00:00,1
2026-03-01T17:18:52+00:00,1
2026-03-01T17:24:15+00:00,1
2026-03-01T18:17:11+00:00,1
2026-03-01T18:18:17+00:00,1
2026-03-01T18:18:36+00:00,1
2026-03-01T18:25:41+00:00,1
2026-03-01T18:25:56+00:00,1
2026-03-01T18:26:11+00:00,1
2026-03-01T18:26:40+00:00,1
2026-03-01T19:43:41+00:00,1
2026-03-01T19:43:56+00:00,1
2026-03-01T19:44:15+00:00,1
2026-03-01T19:44:30+00:00,1
2026-03-01T19:44:45+00:00,1
2026-03-01T19:56:17+00:00,0
2026-03-01T19:56:32+00:00,0
2026-03-01T19:57:35+00:00,0
2026-03-01T19:57:49+00:00,0
2026-03-01T20:05:33+00:00,0
2026-03-01T20:05:48+00:00,0
2026-03-01T20:22:06+00:00,0
2026-03-01T21:02:24+00:00,2
2026-03-01T21:03:33+00:00,2
2026-03-01T21:03:48+00:00,2
2026-03-01T21:27:30+00:00,1
2026-03-01T21:27:45+00:00,1
2026-03-01T21:31:07+00:00,1
2026-03-01T21:41:44+00:00,2
2026-03-01T21:49:22+00:00,2
2026-03-01T21:49:48+00:00,2
2026-03-01T22:04:03+00:00,2
2026-03-01T22:08:29+00:00,2
2026-03-01T22:08:44+00:00,2
2026-03-01T22:09:04+00:00,2
2026-03-01T22:16:58+00:00,2
2026-03-01T22:17:13+00:00,2
2026-03-01T22:17:35+00:00,2
2026-03-01T22:21:43+00:00,2
2026-03-01T22:22:38+00:00,2
2026-03-01T22:23:06+00:00,2
2026-03-01T22:23:21+00:00,2
2026-03-01T22:23:36+00:00,2
2026-03-01T22:24:47+00:00,2
2026-03-01T22:26:23+00:00,2
2026-03-01T22:27:48+00:00,2
2026-03-01T22:28:03+00:00,2
2026-03-01T22:28:46+00:00,2
2026-03-01T22:30:12+00:00,2
2026-03-01T22:31:08+00:00,2
2026-03-01T22:32:03+00:00,2
2026-03-01T22:39:15+00:00,2
2026-03-01T22:39:30+00:00,2
2026-03-01T22:39:45+00:00,2
2026-03-01T22:40:03+00:00,1
2026-03-01T22:40:18+00:00,1
2026-03-01T22:40:43+00:00,1
2026-03-01T22:41:55+00:00,1
2026-03-01T22:42:27+00:00,1
2026-03-01T22:43:33+00:00,1
2026-03-01T22:45:43+00:00,1
2026-03-01T23:17:37+00:00,1
2026-03-01T23:18:07+00:00,1
2026-03-01T23:34:02+00:00,1
2026-03-01T23:34:20+00:00,1
2026-03-02T00:04:46+00:00,0
2026-03-02T00:05:21+00:00,0
2026-03-02T00:05:36+00:00,0
2026-03-02T00:05:51+00:00,0
2026-03-02T00:06:57+00:00,0
2026-03-02T00:08:52+00:00,0
2026-03-02T00:13:17+00:00,2
2026-03-02T00:13:40+00:00,2
2026-03-02T00:18:04+00:00,2
2026-03-02T00:19:27+00:00,2
2026-03-02T00:21:36+00:00,2
2026-03-02T00:22:31+00:00,2
2026-03-02T00:22:59+00:00,2
2026-03-02T00:23:14+00:00,2
2026-03-02T00:23:29+00:00,2
2026-03-02T00:24:26+00:00,2
2026-03-02T04:00:02+00:00,0
2026-03-02T09:11:26+00:00,2
2026-03-02T09:11:43+00:00,2
2026-03-02T09:12:10+00:00,2
2026-03-02T09:12:32+00:00,2
2026-03-02T09:12:48+00:00,2
2026-03-02T09:13:16+00:00,2
2026-03-02T09:18:12+00:00,2
2026-03-02T09:18:40+00:00,2
2026-03-02T09:19:09+00:00,2
2026-03-02T09:30:25+00:00,2
2026-03-02T09:30:58+00:00,2
2026-03-02T09:31:22+00:00,2
2026-03-02T09:31:37+00:00,2
2026-03-02T09:35:01+00:00,2
2026-03-02T10:20:01+00:00,0
2026-03-02T10:20:17+00:00,0
2026-03-02T10:21:27+00:00,0
2026-03-02T10:46:35+00:00,0
2026-03-02T10:46:54+00:00,0
2026-03-02T10:48:28+00:00,0
2026-03-02T10:48:43+00:00,0
2026-03-02T11:54:07+00:00,0
2026-03-02T11:54:25+00:00,0
2026-03-02T11:54:40+00:00,0
2026-03-02T11:54:59+00:00,0
2026-03-02T11:55:15+00:00,0
2026-03-02T11:55:32+00:00,0
2026-03-02T11:55:47+00:00,0
2026-03-02T11:56:02+00:00,0
2026-03-02T11:56:46+00:00,0
2026-03-02T11:57:01+00:00,0
2026-03-02T11:57:16+00:00,0
2026-03-02T11:57:31+00:00,0
2026-03-02T11:58:22+00:00,0
2026-03-02T11:58:54+00:00,0
2026-03-02T11:59:09+00:00,0
2026-03-02T11:59:24+00:00,0
2026-03-02T11:59:39+00:00,0
2026-03-02T12:00:14+00:00,0
2026-03-02T12:00:48+00:00,0
2026-03-02T12:01:03+00:00,0
2026-03-02T12:01:18+00:00,0
2026-03-02T12:01:33+00:00,0
2026-03-02T12:01:51+00:00,0
2026-03-02T12:02:10+00:00,0
2026-03-02T12:02:25+00:00,0
2026-03-02T12:02:40+00:00,0
2026-03-02T12:02:55+00:00,0
2026-03-02T12:03:10+00:00,0
2026-03-02T12:03:25+00:00,0
2026-03-02T12:03:40+00:00,0
2026-03-02T12:03:55+00:00,0
2026-03-02T12:04:12+00:00,0
2026-03-02T12:04:42+00:00,0
2026-03-02T12:04:58+00:00,0
2026-03-02T12:05:13+00:00,0
2026-03-02T12:05:29+00:00,0
2026-03-02T12:06:37+00:00,0
2026-03-02T12:06:53+00:00,0
2026-03-02T12:07:26+00:00,0
2026-03-02T12:07:41+00:00,0
2026-03-02T12:07:56+00:00,0
2026-03-02T12:08:11+00:00,0
2026-03-02T12:08:30+00:00,0
2026-03-02T12:09:47+00:00,0
2026-03-02T12:10:02+00:00,0
2026-03-02T12:10:20+00:00,0
2026-03-02T12:10:35+00:00,0
2026-03-02T12:10:58+00:00,0
2026-03-02T12:11:43+00:00,0
2026-03-02T12:11:58+00:00,0
2026-03-02T12:12:13+00:00,0
2026-03-02T12:12:42+00:00,0
2026-03-02T12:12:57+00:00,0
2026-03-02T12:13:12+00:00,0
2026-03-02T12:13:27+00:00,0
2026-03-02T12:14:35+00:00,0
2026-03-02T12:15:22+00:00,0
2026-03-02T12:16:53+00:00,0
2026-03-02T12:17:08+00:00,0
2026-03-02T12:17:23+00:00,0
2026-03-02T12:18:17+00:00,0
2026-03-02T12:18:33+00:00,0
2026-03-02T12:19:10+00:00,0
2026-03-02T12:19:25+00:00,0
2026-03-02T12:19:43+00:00,0
2026-03-02T12:20:00+00:00,0
2026-03-02T12:20:15+00:00,0
2026-03-02T12:20:58+00:00,0
2026-03-02T12:21:13+00:00,0
2026-03-02T12:21:28+00:00,0
2026-03-02T12:21:43+00:00,0
2026-03-02T12:21:58+00:00,0
2026-03-02T12:22:13+00:00,0
2026-03-02T12:22:53+00:00,0
2026-03-02T12:23:08+00:00,0
2026-03-02T12:23:58+00:00,0
2026-03-02T12:24:30+00:00,0
2026-03-02T12:25:46+00:00,0
2026-03-02T12:26:05+00:00,0
2026-03-02T12:26:54+00:00,0
2026-03-02T12:27:09+00:00,0
2026-03-02T12:27:32+00:00,0
2026-03-02T12:28:02+00:00,0
2026-03-02T12:28:17+00:00,0
2026-03-02T12:29:15+00:00,0
2026-03-02T12:29:31+00:00,0
2026-03-02T12:30:58+00:00,0
2026-03-02T12:31:23+00:00,0
2026-03-02T12:31:38+00:00,0
2026-03-02T12:31:55+00:00,0
2026-03-02T12:32:12+00:00,0
2026-03-02T12:32:29+00:00,0
2026-03-02T12:32:43+00:00,0
2026-03-02T12:33:11+00:00,0
2026-03-02T12:33:26+00:00,0
2026-03-02T12:33:47+00:00,0
2026-03-02T12:34:03+00:00,0
2026-03-02T12:35:21+00:00,0
2026-03-02T12:35:36+00:00,0
2026-03-02T12:35:58+00:00,0
2026-03-02T12:36:13+00:00,0
2026-03-02T12:36:28+00:00,0
2026-03-02T12:36:57+00:00,0
2026-03-02T12:37:12+00:00,0
2026-03-02T12:37:27+00:00,0
2026-03-02T12:38:13+00:00,0
2026-03-02T12:38:28+00:00,0
2026-03-02T12:38:54+00:00,0
2026-03-02T12:39:31+00:00,0
2026-03-02T12:39:46+00:00,0
2026-03-02T12:40:01+00:00,0
2026-03-02T12:40:46+00:00,0
2026-03-02T12:41:05+00:00,0
2026-03-02T12:41:21+00:00,0
2026-03-02T12:42:10+00:00,0
2026-03-02T12:42:30+00:00,0
2026-03-02T12:42:46+00:00,0
2026-03-02T12:43:01+00:00,0
2026-03-02T12:43:16+00:00,0
2026-03-02T12:43:31+00:00,0
2026-03-02T12:43:47+00:00,0
2026-03-02T12:44:01+00:00,0
2026-03-02T12:44:21+00:00,0
2026-03-02T12:44:40+00:00,0
2026-03-02T12:44:55+00:00,0
2026-03-02T12:45:10+00:00,0
2026-03-02T12:45:25+00:00,0
2026-03-02T12:45:40+00:00,0
2026-03-02T12:45:55+00:00,0
2026-03-02T12:46:10+00:00,0
2026-03-02T12:46:25+00:00,0
2026-03-02T12:46:40+00:00,0
2026-03-02T12:46:55+00:00,0
2026-03-02T12:47:10+00:00,0
2026-03-02T12:47:25+00:00,0
2026-03-02T12:47:59+00:00,0
2026-03-02T12:48:51+00:00,0
2026-03-02T12:49:06+00:00,0
2026-03-02T12:49:21+00:00,0
2026-03-02T12:49:36+00:00,0
2026-03-02T12:49:56+00:00,0
2026-03-02T12:50:36+00:00,0
2026-03-02T12:50:51+00:00,0
2026-03-02T12:51:07+00:00,0
2026-03-02T12:51:40+00:00,0
2026-03-02T12:51:55+00:00,0
2026-03-02T12:52:28+00:00,0
2026-03-02T12:52:42+00:00,0
2026-03-02T12:54:18+00:00,0
2026-03-02T12:55:15+00:00,0
2026-03-02T12:56:51+00:00,0
2026-03-02T12:57:06+00:00,0
2026-03-02T12:58:00+00:00,0
2026-03-02T12:58:52+00:00,0
2026-03-02T13:00:14+00:00,0
2026-03-02T13:01:21+00:00,0
2026-03-02T13:02:01+00:00,0
2026-03-02T13:02:17+00:00,0
2026-03-02T13:02:54+00:00,0
2026-03-02T13:03:09+00:00,0
2026-03-02T13:03:41+00:00,0
2026-03-02T13:04:29+00:00,0
2026-03-02T13:05:10+00:00,0
2026-03-02T13:05:54+00:00,0
2026-03-02T13:06:09+00:00,0
2026-03-02T13:06:24+00:00,0
2026-03-02T13:06:39+00:00,0
2026-03-02T13:06:54+00:00,0
2026-03-02T13:07:09+00:00,0
2026-03-02T13:07:25+00:00,0
2026-03-02T13:07:43+00:00,0
2026-03-02T13:07:58+00:00,0
2026-03-02T13:08:13+00:00,0
2026-03-02T13:08:33+00:00,0
2026-03-02T13:08:48+00:00,0
2026-03-02T13:09:09+00:00,0
2026-03-02T13:09:29+00:00,0
2026-03-02T13:09:44+00:00,0
2026-03-02T13:10:09+00:00,2
2026-03-02T13:10:24+00:00,2
2026-03-02T13:10:39+00:00,2
2026-03-02T13:10:54+00:00,2
2026-03-02T13:11:09+00:00,2
2026-03-02T13:11:24+00:00,2
2026-03-02T13:11:39+00:00,2
2026-03-02T13:11:54+00:00,2
2026-03-02T13:12:09+00:00,2
2026-03-02T13:12:24+00:00,2
2026-03-02T13:12:39+00:00,2
2026-03-02T13:12:54+00:00,2
2026-03-02T13:13:09+00:00,2
2026-03-02T13:13:25+00:00,2
2026-03-02T13:13:55+00:00,2
2026-03-02T13:14:10+00:00,2
2026-03-02T13:14:25+00:00,2
2026-03-02T13:14:40+00:00,2
2026-03-02T13:14:55+00:00,2
2026-03-02T13:15:10+00:00,2
2026-03-02T13:15:25+00:00,2
2026-03-02T13:15:59+00:00,2
2026-03-02T13:16:14+00:00,2
2026-03-02T13:16:29+00:00,2
2026-03-02T13:16:46+00:00,2
2026-03-02T13:17:05+00:00,2
2026-03-02T13:17:20+00:00,2
2026-03-02T13:17:35+00:00,2
2026-03-02T13:17:50+00:00,2
2026-03-02T13:18:05+00:00,2
2026-03-02T13:18:20+00:00,2
2026-03-02T13:18:35+00:00,2
2026-03-02T13:18:50+00:00,2
2026-03-02T13:19:05+00:00,2
2026-03-02T13:19:20+00:00,2
2026-03-02T13:19:56+00:00,2
2026-03-02T13:20:11+00:00,2
2026-03-02T13:20:43+00:00,2
2026-03-02T13:20:58+00:00,2
2026-03-02T13:21:13+00:00,2
2026-03-02T13:22:15+00:00,2
2026-03-02T13:22:38+00:00,2
2026-03-02T13:22:53+00:00,2
2026-03-02T13:23:08+00:00,2
2026-03-02T13:23:23+00:00,2
2026-03-02T13:23:38+00:00,2
2026-03-02T13:23:53+00:00,2
2026-03-02T13:24:10+00:00,2
2026-03-02T13:24:25+00:00,2
2026-03-02T13:24:40+00:00,2
2026-03-02T13:24:56+00:00,2
2026-03-02T13:25:12+00:00,2
2026-03-02T13:25:41+00:00,2
2026-03-02T13:25:56+00:00,2
2026-03-02T13:26:23+00:00,2
2026-03-02T13:27:29+00:00,2
2026-03-02T13:27:44+00:00,2
2026-03-02T13:28:37+00:00,2
2026-03-02T13:29:01+00:00,2
2026-03-02T13:33:30+00:00,2
2026-03-02T13:34:19+00:00,2
2026-03-02T13:34:34+00:00,2
2026-03-02T13:37:38+00:00,2
2026-03-02T13:39:21+00:00,2
2026-03-02T13:39:36+00:00,2
2026-03-02T13:39:51+00:00,2
2026-03-02T13:40:21+00:00,2
2026-03-02T13:40:37+00:00,2
2026-03-02T13:40:51+00:00,2
2026-03-02T13:41:13+00:00,2
2026-03-02T13:41:33+00:00,2
2026-03-02T13:41:47+00:00,2
2026-03-02T13:42:03+00:00,2
2026-03-02T13:42:18+00:00,2
2026-03-02T13:42:38+00:00,2
2026-03-02T13:42:53+00:00,2
2026-03-02T13:43:08+00:00,2
2026-03-02T13:43:23+00:00,2
2026-03-02T13:43:38+00:00,2
2026-03-02T13:43:53+00:00,2
2026-03-02T13:44:08+00:00,2
2026-03-02T13:44:23+00:00,2
2026-03-02T13:44:39+00:00,2
2026-03-02T13:44:55+00:00,2
2026-03-02T13:45:09+00:00,2
2026-03-02T13:45:24+00:00,2
2026-03-02T13:45:39+00:00,2
2026-03-02T13:45:54+00:00,2
2026-03-02T13:46:09+00:00,2
2026-03-02T13:46:24+00:00,2
2026-03-02T13:46:39+00:00,2
2026-03-02T13:46:54+00:00,2
2026-03-02T13:47:09+00:00,2
2026-03-02T13:47:24+00:00,2
2026-03-02T13:47:39+00:00,2
2026-03-02T13:47:54+00:00,2
2026-03-02T13:48:09+00:00,2
2026-03-02T13:48:24+00:00,2
2026-03-02T13:48:47+00:00,2
2026-03-02T13:49:02+00:00,2
2026-03-02T13:49:17+00:00,2
2026-03-02T13:49:32+00:00,2
2026-03-02T13:49:47+00:00,2
2026-03-02T13:50:02+00:00,2
2026-03-02T13:50:17+00:00,2
2026-03-02T13:50:32+00:00,2
2026-03-02T13:50:47+00:00,2
2026-03-02T13:51:02+00:00,2
2026-03-02T13:51:17+00:00,2
2026-03-02T13:51:33+00:00,2
2026-03-02T13:51:49+00:00,2
2026-03-02T13:52:21+00:00,2
2026-03-02T13:52:36+00:00,2
2026-03-02T13:52:53+00:00,2
2026-03-02T13:53:08+00:00,2
2026-03-02T13:53:24+00:00,2
2026-03-02T13:53:40+00:00,2
2026-03-02T13:53:56+00:00,2
2026-03-02T13:54:10+00:00,2
2026-03-02T13:54:25+00:00,2
2026-03-02T13:54:49+00:00,2
2026-03-02T13:55:04+00:00,2
2026-03-02T13:55:19+00:00,2
2026-03-02T13:55:34+00:00,2
2026-03-02T13:55:49+00:00,2
2026-03-02T13:56:04+00:00,2
2026-03-02T13:57:01+00:00,2
2026-03-02T13:57:18+00:00,2
2026-03-02T13:57:33+00:00,2
2026-03-02T13:57:48+00:00,2
2026-03-02T13:58:48+00:00,2
2026-03-02T13:59:31+00:00,2
2026-03-02T13:59:50+00:00,2
2026-03-02T14:00:05+00:00,1
2026-03-02T14:01:35+00:00,1
2026-03-02T14:01:50+00:00,1
2026-03-02T14:02:05+00:00,1
2026-03-02T14:02:20+00:00,1
2026-03-02T14:02:36+00:00,1
2026-03-02T14:03:09+00:00,1
2026-03-02T14:03:29+00:00,1
2026-03-02T14:03:47+00:00,1
2026-03-02T14:04:02+00:00,1
2026-03-02T14:04:17+00:00,1
2026-03-02T14:04:33+00:00,1
2026-03-02T14:04:48+00:00,1
2026-03-02T14:05:05+00:00,1
2026-03-02T14:05:27+00:00,1
2026-03-02T14:05:42+00:00,1
2026-03-02T14:05:57+00:00,1
2026-03-02T14:06:12+00:00,1
2026-03-02T14:06:28+00:00,1
2026-03-02T14:06:43+00:00,1
2026-03-02T14:06:58+00:00,1
2026-03-02T14:07:13+00:00,1
2026-03-02T14:07:37+00:00,1
2026-03-02T14:07:52+00:00,1
2026-03-02T14:08:07+00:00,1
2026-03-02T14:08:22+00:00,1
2026-03-02T14:08:37+00:00,1
2026-03-02T14:08:52+00:00,1
2026-03-02T14:09:07+00:00,1
2026-03-02T14:09:25+00:00,1
2026-03-02T14:09:40+00:00,1
2026-03-02T14:11:19+00:00,1
2026-03-02T14:12:30+00:00,1
2026-03-02T14:12:45+00:00,1
2026-03-02T14:13:42+00:00,1
2026-03-02T14:14:05+00:00,1
2026-03-02T14:15:58+00:00,1
2026-03-02T14:16:13+00:00,1
2026-03-02T14:16:41+00:00,1
2026-03-02T14:16:56+00:00,1
2026-03-02T14:17:31+00:00,1
2026-03-02T14:18:03+00:00,1
2026-03-02T14:18:24+00:00,1
2026-03-02T14:18:39+00:00,1
2026-03-02T14:19:05+00:00,1
2026-03-02T14:20:12+00:00,2
2026-03-02T14:20:27+00:00,2
2026-03-02T14:20:44+00:00,2
2026-03-02T14:21:18+00:00,2
2026-03-02T14:22:28+00:00,2
2026-03-02T14:24:24+00:00,2
2026-03-02T14:24:58+00:00,2
2026-03-02T14:25:14+00:00,2
2026-03-02T14:25:52+00:00,2
2026-03-02T14:26:07+00:00,2
2026-03-02T14:26:22+00:00,2
2026-03-02T14:26:40+00:00,2
2026-03-02T14:27:17+00:00,2
2026-03-02T14:27:36+00:00,2
2026-03-02T14:27:49+00:00,2
2026-03-02T14:28:04+00:00,2
2026-03-02T14:28:31+00:00,2
2026-03-02T14:29:12+00:00,2
2026-03-02T14:29:27+00:00,2
2026-03-02T14:29:42+00:00,2
2026-03-02T14:29:57+00:00,2
2026-03-02T14:30:13+00:00,2
2026-03-02T14:31:01+00:00,2
2026-03-02T14:31:36+00:00,2
2026-03-02T14:31:53+00:00,2
2026-03-02T14:32:40+00:00,2
2026-03-02T14:32:55+00:00,2
2026-03-02T14:33:10+00:00,2
2026-03-02T14:33:26+00:00,2
2026-03-02T14:34:04+00:00,2
2026-03-02T14:34:19+00:00,2
2026-03-02T14:34:38+00:00,2
2026-03-02T14:34:53+00:00,2
2026-03-02T14:35:08+00:00,2
2026-03-02T14:35:23+00:00,2
2026-03-02T14:35:38+00:00,2
2026-03-02T14:36:00+00:00,2
2026-03-02T14:36:15+00:00,2
2026-03-02T14:36:30+00:00,2
2026-03-02T14:36:45+00:00,2
2026-03-02T14:37:00+00:00,2
2026-03-02T14:37:18+00:00,2
2026-03-02T14:37:33+00:00,2
2026-03-02T14:37:48+00:00,2
2026-03-02T14:38:03+00:00,2
2026-03-02T14:38:56+00:00,2
2026-03-02T14:39:11+00:00,2
2026-03-02T14:39:26+00:00,2
2026-03-02T14:39:41+00:00,2
2026-03-02T14:39:56+00:00,2
2026-03-02T14:40:11+00:00,2
2026-03-02T14:40:26+00:00,2
2026-03-02T14:40:41+00:00,2
2026-03-02T14:40:56+00:00,2
2026-03-02T14:41:11+00:00,2
2026-03-02T14:41:26+00:00,2
2026-03-02T14:41:41+00:00,2
2026-03-02T14:41:56+00:00,2
2026-03-02T14:42:12+00:00,2
2026-03-02T14:42:28+00:00,2
2026-03-02T14:42:44+00:00,2
2026-03-02T14:42:57+00:00,2
2026-03-02T14:43:12+00:00,2
2026-03-02T14:43:27+00:00,2
2026-03-02T14:43:42+00:00,2
2026-03-02T14:43:57+00:00,2
2026-03-02T14:44:12+00:00,2
2026-03-02T14:44:27+00:00,2
2026-03-02T14:44:42+00:00,2
2026-03-02T14:44:57+00:00,2
2026-03-02T14:45:12+00:00,2
2026-03-02T14:45:27+00:00,2
2026-03-02T14:45:58+00:00,2
2026-03-02T14:47:24+00:00,2
2026-03-02T14:48:18+00:00,2
2026-03-02T14:48:40+00:00,2
2026-03-02T14:48:55+00:00,2
2026-03-02T14:49:23+00:00,2
2026-03-02T14:49:38+00:00,2
2026-03-02T14:49:54+00:00,2
2026-03-02T14:50:24+00:00,2
2026-03-02T14:50:39+00:00,2
2026-03-02T14:50:54+00:00,2
2026-03-02T14:51:09+00:00,2
2026-03-02T14:51:24+00:00,2
2026-03-02T14:51:39+00:00,2
2026-03-02T14:52:11+00:00,2
2026-03-02T14:52:26+00:00,2
2026-03-02T14:52:41+00:00,2
2026-03-02T14:52:56+00:00,2
2026-03-02T14:53:17+00:00,2
2026-03-02T14:53:32+00:00,2
2026-03-02T14:54:09+00:00,2
2026-03-02T14:55:14+00:00,2
2026-03-02T14:55:48+00:00,2
2026-03-02T14:56:03+00:00,2
2026-03-02T14:56:18+00:00,2
2026-03-02T14:56:34+00:00,2
2026-03-02T14:56:50+00:00,2
2026-03-02T14:57:37+00:00,2
2026-03-02T14:58:08+00:00,2
2026-03-02T14:58:23+00:00,2
2026-03-02T14:58:38+00:00,2
2026-03-02T14:58:53+00:00,2
2026-03-02T14:59:13+00:00,2
2026-03-02T14:59:29+00:00,2
2026-03-02T14:59:45+00:00,2
2026-03-02T14:59:58+00:00,2
2026-03-02T15:00:13+00:00,2
2026-03-02T15:00:29+00:00,2
2026-03-02T15:00:44+00:00,2
2026-03-02T15:00:59+00:00,2
2026-03-02T15:01:14+00:00,2
2026-03-02T15:01:29+00:00,2
2026-03-02T15:01:57+00:00,2
2026-03-02T15:02:12+00:00,2
2026-03-02T15:02:27+00:00,2
2026-03-02T15:02:42+00:00,2
2026-03-02T15:02:57+00:00,2
2026-03-02T15:03:12+00:00,2
2026-03-02T15:03:29+00:00,2
2026-03-02T15:03:44+00:00,2
2026-03-02T15:03:59+00:00,2
2026-03-02T15:04:15+00:00,2
2026-03-02T15:04:31+00:00,2
2026-03-02T15:04:45+00:00,2
2026-03-02T15:05:00+00:00,2
2026-03-02T15:05:15+00:00,2
2026-03-02T15:05:30+00:00,2
2026-03-02T15:05:45+00:00,2
2026-03-02T15:06:00+00:00,2
2026-03-02T15:06:15+00:00,2
2026-03-02T15:06:30+00:00,2
2026-03-02T15:06:45+00:00,2
2026-03-02T15:07:00+00:00,2
2026-03-02T15:07:15+00:00,2
2026-03-02T15:07:30+00:00,2
2026-03-02T15:07:45+00:00,2
2026-03-02T15:08:00+00:00,2
2026-03-02T15:08:15+00:00,2
2026-03-02T15:08:30+00:00,2
2026-03-02T15:08:45+00:00,2
2026-03-02T15:09:01+00:00,2
2026-03-02T15:09:15+00:00,2
2026-03-02T15:09:30+00:00,2
2026-03-02T15:09:45+00:00,2
2026-03-02T15:10:00+00:00,1
2026-03-02T15:10:15+00:00,1
2026-03-02T15:10:30+00:00,1
2026-03-02T15:10:45+00:00,1
2026-03-02T15:11:00+00:00,1
2026-03-02T15:11:15+00:00,1
2026-03-02T15:11:30+00:00,1
2026-03-02T15:11:45+00:00,1
2026-03-02T15:12:00+00:00,1
2026-03-02T15:12:15+00:00,1
2026-03-02T15:12:30+00:00,1
2026-03-02T15:12:45+00:00,1
2026-03-02T15:13:00+00:00,1
2026-03-02T15:13:15+00:00,1
2026-03-02T15:13:32+00:00,1
2026-03-02T15:13:47+00:00,1
2026-03-02T15:14:17+00:00,1
2026-03-02T15:14:32+00:00,1
2026-03-02T15:14:47+00:00,1
2026-03-02T15:15:02+00:00,1
2026-03-02T15:15:17+00:00,1
2026-03-02T15:15:32+00:00,1
2026-03-02T15:15:47+00:00,1
2026-03-02T15:16:02+00:00,1
2026-03-02T15:16:17+00:00,1
2026-03-02T15:16:32+00:00,1
2026-03-02T15:16:47+00:00,1
2026-03-02T15:17:02+00:00,1
2026-03-02T15:17:17+00:00,1
2026-03-02T15:17:32+00:00,1
2026-03-02T15:17:47+00:00,1
2026-03-02T15:18:04+00:00,1
2026-03-02T15:18:19+00:00,1
2026-03-02T15:18:49+00:00,1
2026-03-02T15:19:04+00:00,1
2026-03-02T15:19:19+00:00,1
2026-03-02T15:19:34+00:00,1
2026-03-02T15:19:49+00:00,1
2026-03-02T15:20:04+00:00,0
2026-03-02T15:20:19+00:00,0
2026-03-02T15:20:34+00:00,0
2026-03-02T15:20:49+00:00,0
2026-03-02T15:21:04+00:00,0
2026-03-02T15:21:19+00:00,0
2026-03-02T15:21:34+00:00,0
2026-03-02T15:21:49+00:00,0
2026-03-02T15:22:04+00:00,0
2026-03-02T15:22:20+00:00,0
2026-03-02T15:22:35+00:00,0
2026-03-02T15:22:51+00:00,0
2026-03-02T15:23:21+00:00,0
2026-03-02T15:23:36+00:00,0
2026-03-02T15:23:51+00:00,0
2026-03-02T15:24:06+00:00,0
2026-03-02T15:24:21+00:00,0
2026-03-02T15:24:36+00:00,0
2026-03-02T15:24:51+00:00,0
2026-03-02T15:25:06+00:00,0
2026-03-02T15:25:21+00:00,0
2026-03-02T15:25:36+00:00,0
2026-03-02T15:25:51+00:00,0
2026-03-02T15:26:06+00:00,0
2026-03-02T15:26:21+00:00,0
2026-03-02T15:26:36+00:00,0
2026-03-02T15:26:51+00:00,0
2026-03-02T15:27:06+00:00,0
2026-03-02T15:27:22+00:00,0
2026-03-02T15:27:38+00:00,0
2026-03-02T15:28:07+00:00,0
2026-03-02T15:28:22+00:00,0
2026-03-02T15:28:37+00:00,0
2026-03-02T15:28:52+00:00,0
2026-03-02T15:29:08+00:00,0
2026-03-02T15:29:22+00:00,0
2026-03-02T15:29:38+00:00,0
2026-03-02T15:29:53+00:00,0
2026-03-02T15:30:08+00:00,0
2026-03-02T15:30:23+00:00,0
2026-03-02T15:30:38+00:00,0
2026-03-02T15:30:53+00:00,0
2026-03-02T15:31:08+00:00,0
2026-03-02T15:31:23+00:00,0
2026-03-02T15:31:38+00:00,0
2026-03-02T15:31:54+00:00,0
2026-03-02T15:32:10+00:00,0
2026-03-02T15:32:24+00:00,0
2026-03-02T15:32:39+00:00,0
2026-03-02T15:32:54+00:00,0
2026-03-02T15:33:09+00:00,0
2026-03-02T15:33:24+00:00,0
2026-03-02T15:33:39+00:00,0
2026-03-02T15:33:54+00:00,0
2026-03-02T15:34:09+00:00,0
2026-03-02T15:34:24+00:00,0
2026-03-02T15:34:39+00:00,0
2026-03-02T15:34:54+00:00,0
2026-03-02T15:35:09+00:00,0
2026-03-02T15:35:24+00:00,0
2026-03-02T15:36:09+00:00,0
2026-03-02T15:36:24+00:00,0
2026-03-02T15:36:39+00:00,0
2026-03-02T15:37:51+00:00,0
2026-03-02T15:38:06+00:00,0
2026-03-02T15:38:21+00:00,0
2026-03-02T15:38:36+00:00,0
2026-03-02T15:38:51+00:00,0
2026-03-02T15:39:07+00:00,0
2026-03-02T15:39:23+00:00,0
2026-03-02T15:39:38+00:00,0
2026-03-02T15:39:53+00:00,0
2026-03-02T15:40:09+00:00,1
2026-03-02T15:40:23+00:00,1
2026-03-02T15:40:38+00:00,1
2026-03-02T15:40:53+00:00,1
2026-03-02T15:41:10+00:00,1
2026-03-02T15:41:40+00:00,1
2026-03-02T15:41:55+00:00,1
2026-03-02T15:42:10+00:00,1
2026-03-02T15:42:25+00:00,1
2026-03-02T15:42:45+00:00,1
2026-03-02T15:43:21+00:00,1
2026-03-02T15:43:36+00:00,1
2026-03-02T15:43:51+00:00,1
2026-03-02T15:44:06+00:00,1
2026-03-02T15:44:41+00:00,1
2026-03-02T15:45:08+00:00,1
2026-03-02T15:45:47+00:00,1
2026-03-02T15:48:03+00:00,1
2026-03-02T15:48:18+00:00,1
2026-03-02T15:48:41+00:00,1
2026-03-02T15:48:56+00:00,1
2026-03-02T15:49:12+00:00,1
2026-03-02T15:49:28+00:00,1
2026-03-02T15:50:01+00:00,0
2026-03-02T15:50:16+00:00,0
2026-03-02T15:51:02+00:00,0
2026-03-02T15:51:16+00:00,0
2026-03-02T15:51:31+00:00,0
2026-03-02T15:51:46+00:00,0
2026-03-02T15:52:01+00:00,0
2026-03-02T15:52:16+00:00,0
2026-03-02T15:52:53+00:00,0
2026-03-02T15:53:27+00:00,0
2026-03-02T15:53:42+00:00,0
2026-03-02T15:53:57+00:00,0
2026-03-02T15:54:12+00:00,0
2026-03-02T15:54:29+00:00,0
2026-03-02T15:54:50+00:00,0
2026-03-02T15:55:05+00:00,0
2026-03-02T15:56:31+00:00,0
2026-03-02T15:56:46+00:00,0
2026-03-02T15:57:45+00:00,0
2026-03-02T15:58:01+00:00,0
2026-03-02T15:58:23+00:00,0
2026-03-02T15:58:38+00:00,0
2026-03-02T15:58:53+00:00,0
2026-03-02T15:59:15+00:00,0
2026-03-02T15:59:36+00:00,0
2026-03-02T15:59:51+00:00,0
2026-03-02T16:00:10+00:00,1
2026-03-02T16:00:27+00:00,1
2026-03-02T16:00:42+00:00,1
2026-03-02T16:01:12+00:00,1
2026-03-02T16:01:28+00:00,1
2026-03-02T16:01:44+00:00,1
2026-03-02T16:02:01+00:00,1
2026-03-02T16:02:23+00:00,1
2026-03-02T16:02:38+00:00,1
2026-03-02T16:02:53+00:00,1
2026-03-02T16:03:08+00:00,1
2026-03-02T16:03:31+00:00,1
2026-03-02T16:03:46+00:00,1
2026-03-02T16:04:01+00:00,1
2026-03-02T16:04:16+00:00,1
2026-03-02T16:04:31+00:00,1
2026-03-02T16:04:46+00:00,1
2026-03-02T16:05:24+00:00,1
2026-03-02T16:05:52+00:00,1
2026-03-02T16:06:05+00:00,1
2026-03-02T16:06:36+00:00,1
2026-03-02T16:06:51+00:00,1
2026-03-02T16:07:06+00:00,1
2026-03-02T16:07:21+00:00,1
2026-03-02T16:07:36+00:00,1
2026-03-02T16:07:52+00:00,1
2026-03-02T16:08:07+00:00,1
2026-03-02T16:08:37+00:00,1
2026-03-02T16:08:53+00:00,1
2026-03-02T16:09:08+00:00,1
2026-03-02T16:09:23+00:00,1
2026-03-02T16:09:38+00:00,1
2026-03-02T16:10:01+00:00,1
2026-03-02T16:10:16+00:00,1
2026-03-02T16:10:31+00:00,1
2026-03-02T16:10:46+00:00,1
2026-03-02T16:11:02+00:00,1
2026-03-02T16:11:18+00:00,1
2026-03-02T16:11:32+00:00,1
2026-03-02T16:11:47+00:00,1
2026-03-02T16:12:02+00:00,1
2026-03-02T16:12:17+00:00,1
2026-03-02T16:12:32+00:00,1
2026-03-02T16:12:48+00:00,1
2026-03-02T16:13:05+00:00,1
2026-03-02T16:13:26+00:00,1
2026-03-02T16:13:41+00:00,1
2026-03-02T16:13:56+00:00,1
2026-03-02T16:14:26+00:00,1
2026-03-02T16:14:41+00:00,1
2026-03-02T16:14:56+00:00,1
2026-03-02T16:15:11+00:00,1
2026-03-02T16:15:26+00:00,1
2026-03-02T16:15:41+00:00,1
2026-03-02T16:15:56+00:00,1
2026-03-02T16:16:11+00:00,1
2026-03-02T16:16:26+00:00,1
2026-03-02T16:16:45+00:00,1
2026-03-02T16:17:00+00:00,1
2026-03-02T16:17:15+00:00,1
2026-03-02T16:17:30+00:00,1
2026-03-02T16:17:45+00:00,1
2026-03-02T16:18:00+00:00,1
2026-03-02T16:18:15+00:00,1
2026-03-02T16:18:30+00:00,1
2026-03-02T16:18:45+00:00,1
2026-03-02T16:19:00+00:00,1
2026-03-02T16:19:15+00:00,1
2026-03-02T16:19:32+00:00,1
2026-03-02T16:19:47+00:00,1
2026-03-02T16:20:03+00:00,0
2026-03-02T16:20:19+00:00,0
2026-03-02T16:20:33+00:00,0
2026-03-02T16:20:48+00:00,0
2026-03-02T16:21:03+00:00,0
2026-03-02T16:21:32+00:00,0
2026-03-02T16:21:47+00:00,0
2026-03-02T16:22:02+00:00,0
2026-03-02T16:22:17+00:00,0
2026-03-02T16:22:32+00:00,0
2026-03-02T16:22:47+00:00,0
2026-03-02T16:23:02+00:00,0
2026-03-02T16:23:20+00:00,0
2026-03-02T16:23:35+00:00,0
2026-03-02T16:23:50+00:00,0
2026-03-02T16:24:05+00:00,0
2026-03-02T16:24:21+00:00,0
2026-03-02T16:24:35+00:00,0
2026-03-02T16:24:50+00:00,0
2026-03-02T16:25:05+00:00,0
2026-03-02T16:25:21+00:00,0
2026-03-02T16:25:36+00:00,0
2026-03-02T16:26:06+00:00,0
2026-03-02T16:26:21+00:00,0
2026-03-02T16:26:36+00:00,0
2026-03-02T16:26:51+00:00,0
2026-03-02T16:27:06+00:00,0
2026-03-02T16:27:21+00:00,0
2026-03-02T16:27:36+00:00,0
2026-03-02T16:27:51+00:00,0
2026-03-02T16:28:06+00:00,0
2026-03-02T16:28:21+00:00,0
2026-03-02T16:28:36+00:00,0
2026-03-02T16:28:51+00:00,0
2026-03-02T16:29:06+00:00,0
2026-03-02T16:29:21+00:00,0
2026-03-02T16:29:36+00:00,0
2026-03-02T16:29:51+00:00,0
2026-03-02T16:30:06+00:00,0
2026-03-02T16:30:21+00:00,0
2026-03-02T16:30:36+00:00,0
2026-03-02T16:30:51+00:00,0
2026-03-02T16:31:06+00:00,0
2026-03-02T16:31:21+00:00,0
2026-03-02T16:31:38+00:00,0
2026-03-02T16:31:53+00:00,0
2026-03-02T16:32:08+00:00,0
2026-03-02T16:32:23+00:00,0
2026-03-02T16:32:38+00:00,0
2026-03-02T16:32:53+00:00,0
2026-03-02T16:33:42+00:00,0
2026-03-02T16:33:57+00:00,0
2026-03-02T16:34:12+00:00,0
2026-03-02T16:34:27+00:00,0
2026-03-02T16:34:47+00:00,0
2026-03-02T16:35:02+00:00,0
2026-03-02T16:35:18+00:00,0
2026-03-02T16:35:33+00:00,0
2026-03-02T16:35:48+00:00,0
2026-03-02T16:36:03+00:00,0
2026-03-02T16:36:18+00:00,0
2026-03-02T16:36:33+00:00,0
2026-03-02T16:36:48+00:00,0
2026-03-02T16:37:32+00:00,0
2026-03-02T16:37:47+00:00,0
2026-03-02T16:38:02+00:00,0
2026-03-02T16:38:25+00:00,0
2026-03-02T16:38:41+00:00,0
2026-03-02T16:38:56+00:00,0
2026-03-02T16:39:11+00:00,0
2026-03-02T16:40:36+00:00,0
2026-03-02T16:40:51+00:00,0
2026-03-02T16:41:06+00:00,0
2026-03-02T16:41:21+00:00,0
2026-03-02T16:41:36+00:00,0
2026-03-02T16:41:55+00:00,0
2026-03-02T16:42:40+00:00,0
2026-03-02T16:42:58+00:00,0
2026-03-02T16:43:29+00:00,0
2026-03-02T16:43:44+00:00,0
2026-03-02T16:43:59+00:00,0
2026-03-02T16:44:29+00:00,0
2026-03-02T16:44:44+00:00,0
2026-03-02T16:45:00+00:00,0
2026-03-02T16:45:16+00:00,0
2026-03-02T16:45:30+00:00,0
2026-03-02T16:45:54+00:00,0
2026-03-02T16:46:09+00:00,0
2026-03-02T16:46:24+00:00,0
2026-03-02T16:46:39+00:00,0
2026-03-02T16:46:59+00:00,0
2026-03-02T16:47:33+00:00,0
2026-03-02T16:47:48+00:00,0
2026-03-02T16:48:03+00:00,0
2026-03-02T16:48:18+00:00,0
2026-03-02T16:48:33+00:00,0
2026-03-02T16:48:48+00:00,0
2026-03-02T16:49:03+00:00,0
2026-03-02T16:49:18+00:00,0
2026-03-02T16:49:33+00:00,0
2026-03-02T16:49:48+00:00,0
2026-03-02T16:50:04+00:00,0
2026-03-02T16:50:19+00:00,0
2026-03-02T16:50:34+00:00,0
2026-03-02T16:50:49+00:00,0
2026-03-02T16:51:35+00:00,0
2026-03-02T16:51:50+00:00,0
2026-03-02T16:52:07+00:00,0
2026-03-02T16:52:22+00:00,0
2026-03-02T16:52:37+00:00,0
2026-03-02T16:52:52+00:00,0
2026-03-02T16:53:07+00:00,0
2026-03-02T16:53:22+00:00,0
2026-03-02T16:53:51+00:00,0
2026-03-02T16:54:08+00:00,0
2026-03-02T16:54:23+00:00,0
2026-03-02T16:54:38+00:00,0
2026-03-02T16:55:29+00:00,0
2026-03-02T16:55:44+00:00,0
2026-03-02T16:56:16+00:00,0
2026-03-02T16:56:31+00:00,0
2026-03-02T16:56:46+00:00,0
2026-03-02T16:57:01+00:00,0
2026-03-02T16:57:16+00:00,0
2026-03-02T16:57:31+00:00,0
2026-03-02T16:57:46+00:00,0
2026-03-02T16:58:01+00:00,0
2026-03-02T16:58:25+00:00,0
2026-03-02T16:58:40+00:00,0
2026-03-02T16:58:55+00:00,0
2026-03-02T16:59:10+00:00,0
2026-03-02T16:59:25+00:00,0
2026-03-02T16:59:40+00:00,0
2026-03-02T16:59:55+00:00,0
2026-03-02T17:00:10+00:00,0
2026-03-02T17:00:25+00:00,0
2026-03-02T17:00:53+00:00,0
2026-03-02T17:01:09+00:00,0
2026-03-02T17:01:24+00:00,0
2026-03-02T17:01:40+00:00,0
2026-03-02T17:02:20+00:00,0
2026-03-02T17:02:54+00:00,0
2026-03-02T17:03:09+00:00,0
2026-03-02T17:03:24+00:00,0
2026-03-02T17:03:50+00:00,0
2026-03-02T17:04:38+00:00,0
2026-03-02T17:04:53+00:00,0
2026-03-02T17:05:11+00:00,0
2026-03-02T17:05:44+00:00,0
2026-03-02T17:06:11+00:00,0
2026-03-02T17:06:57+00:00,0
2026-03-02T17:07:18+00:00,0
2026-03-02T17:07:33+00:00,0
2026-03-02T17:07:48+00:00,0
2026-03-02T17:08:03+00:00,0
2026-03-02T17:08:19+00:00,0
2026-03-02T17:08:54+00:00,0
2026-03-02T17:09:41+00:00,0
2026-03-02T17:09:58+00:00,0
2026-03-02T17:10:16+00:00,0
2026-03-02T17:11:38+00:00,0
2026-03-02T17:11:53+00:00,0
2026-03-02T17:12:11+00:00,0
2026-03-02T17:12:26+00:00,0
2026-03-02T17:12:41+00:00,0
2026-03-02T17:12:56+00:00,0
2026-03-02T17:13:14+00:00,0
2026-03-02T17:13:29+00:00,0
2026-03-02T17:13:44+00:00,0
2026-03-02T17:13:59+00:00,0
2026-03-02T17:14:14+00:00,0
2026-03-02T17:14:29+00:00,0
2026-03-02T17:14:44+00:00,0
2026-03-02T17:14:59+00:00,0
2026-03-02T17:15:16+00:00,0
2026-03-02T17:15:31+00:00,0
2026-03-02T17:15:46+00:00,0
2026-03-02T17:16:05+00:00,0
2026-03-02T17:16:42+00:00,0
2026-03-02T17:16:57+00:00,0
2026-03-02T17:17:12+00:00,0
2026-03-02T17:17:27+00:00,0
2026-03-02T17:17:42+00:00,0
2026-03-02T17:18:12+00:00,0
2026-03-02T17:18:26+00:00,0
2026-03-02T17:18:42+00:00,0
2026-03-02T17:18:57+00:00,0
2026-03-02T17:19:12+00:00,0
2026-03-02T17:20:13+00:00,0
2026-03-02T17:20:28+00:00,0
2026-03-02T17:20:43+00:00,0
2026-03-02T17:20:58+00:00,0
2026-03-02T17:21:13+00:00,0
2026-03-02T17:21:28+00:00,0
2026-03-02T17:21:43+00:00,0
2026-03-02T17:22:00+00:00,0
2026-03-02T17:22:15+00:00,0
2026-03-02T17:22:48+00:00,0
2026-03-02T17:23:03+00:00,0
2026-03-02T17:23:18+00:00,0
2026-03-02T17:24:57+00:00,0
2026-03-02T17:25:12+00:00,0
2026-03-02T17:25:31+00:00,0
2026-03-02T17:25:46+00:00,0
2026-03-02T17:26:05+00:00,0
2026-03-02T17:26:22+00:00,0
2026-03-02T17:26:50+00:00,0
2026-03-02T17:27:05+00:00,0
2026-03-02T17:27:36+00:00,0
2026-03-02T17:27:51+00:00,0
2026-03-02T17:28:06+00:00,0
2026-03-02T17:28:21+00:00,0
2026-03-02T17:28:36+00:00,0
2026-03-02T17:28:51+00:00,0
2026-03-02T17:29:06+00:00,0
2026-03-02T17:29:21+00:00,0
2026-03-02T17:29:37+00:00,0
2026-03-02T17:30:52+00:00,0
2026-03-02T17:31:54+00:00,0
2026-03-02T17:32:21+00:00,0
2026-03-02T17:33:20+00:00,0
2026-03-02T17:33:35+00:00,0
2026-03-02T17:34:16+00:00,0
2026-03-02T17:34:31+00:00,0
2026-03-02T17:34:52+00:00,0
2026-03-02T17:35:08+00:00,0
2026-03-02T17:35:33+00:00,0
2026-03-02T17:35:51+00:00,0
2026-03-02T17:36:06+00:00,0
2026-03-02T17:38:59+00:00,0
2026-03-02T17:42:23+00:00,0
2026-03-02T17:43:19+00:00,0
2026-03-02T17:43:59+00:00,0
2026-03-02T17:44:29+00:00,0
2026-03-02T17:44:44+00:00,0
2026-03-02T17:45:47+00:00,0
2026-03-02T17:46:31+00:00,0
2026-03-02T17:46:46+00:00,0
2026-03-02T17:47:39+00:00,0
2026-03-02T17:47:54+00:00,0
2026-03-02T17:49:22+00:00,0
2026-03-02T17:49:58+00:00,0
2026-03-02T17:51:54+00:00,0
2026-03-02T17:52:10+00:00,0
2026-03-02T17:52:26+00:00,0
2026-03-02T17:53:00+00:00,0
2026-03-02T17:53:15+00:00,0
2026-03-02T17:53:43+00:00,0
2026-03-02T17:53:58+00:00,0
2026-03-02T17:54:13+00:00,0
2026-03-02T17:54:28+00:00,0
2026-03-02T17:54:43+00:00,0
2026-03-02T17:55:06+00:00,0
2026-03-02T17:55:23+00:00,0
2026-03-02T17:55:38+00:00,0
2026-03-02T17:55:56+00:00,0
2026-03-02T17:56:10+00:00,0
2026-03-02T17:56:25+00:00,0
2026-03-02T17:56:41+00:00,0
2026-03-02T17:57:10+00:00,0
2026-03-02T17:57:25+00:00,0
2026-03-02T17:57:40+00:00,0
2026-03-02T17:57:55+00:00,0
2026-03-02T17:58:10+00:00,0
2026-03-02T17:58:57+00:00,0
2026-03-02T17:59:11+00:00,0
2026-03-02T17:59:27+00:00,0
2026-03-02T17:59:44+00:00,0
2026-03-02T17:59:59+00:00,0
2026-03-02T18:00:14+00:00,0
2026-03-02T18:00:29+00:00,0
2026-03-02T18:00:44+00:00,0
2026-03-02T18:00:59+00:00,0
2026-03-02T18:01:40+00:00,0
2026-03-02T18:01:55+00:00,0
2026-03-02T18:02:28+00:00,0
2026-03-02T18:03:04+00:00,0
2026-03-02T18:03:25+00:00,0
2026-03-02T18:04:32+00:00,0
2026-03-02T18:06:14+00:00,0
2026-03-02T18:07:31+00:00,0
2026-03-02T18:08:20+00:00,0
2026-03-02T18:08:37+00:00,0
2026-03-02T18:10:08+00:00,0
2026-03-02T18:10:23+00:00,0
2026-03-02T18:11:27+00:00,0
2026-03-02T18:11:42+00:00,0
2026-03-02T18:13:03+00:00,0
2026-03-02T18:13:52+00:00,0
2026-03-02T18:14:31+00:00,0
2026-03-02T18:15:40+00:00,0
2026-03-02T18:17:26+00:00,0
2026-03-02T18:18:38+00:00,0
2026-03-02T18:18:53+00:00,0
2026-03-02T18:19:08+00:00,0
2026-03-02T18:19:36+00:00,0
2026-03-02T18:19:51+00:00,0
2026-03-02T18:20:06+00:00,0
2026-03-02T18:20:58+00:00,0
2026-03-02T18:21:19+00:00,0
2026-03-02T18:24:46+00:00,0
2026-03-02T18:25:59+00:00,0
2026-03-02T18:26:14+00:00,0
2026-03-02T18:26:29+00:00,0
2026-03-02T18:26:44+00:00,0
2026-03-02T18:26:59+00:00,0
2026-03-02T18:28:11+00:00,0
2026-03-02T18:28:51+00:00,0
2026-03-02T18:29:46+00:00,0
2026-03-02T18:30:13+00:00,0
2026-03-02T18:30:38+00:00,0
2026-03-02T18:31:40+00:00,0
2026-03-02T18:32:23+00:00,0
2026-03-02T18:33:26+00:00,0
2026-03-02T18:35:06+00:00,0
2026-03-02T18:35:48+00:00,0
2026-03-02T18:36:03+00:00,0
2026-03-02T18:36:18+00:00,0
2026-03-02T18:36:33+00:00,0
2026-03-02T18:36:49+00:00,0
2026-03-02T18:37:03+00:00,0
2026-03-02T18:37:18+00:00,0
2026-03-02T18:37:38+00:00,0
2026-03-02T18:38:57+00:00,0
2026-03-02T18:39:13+00:00,0
2026-03-02T18:39:39+00:00,0
2026-03-02T18:41:46+00:00,1
2026-03-02T18:46:11+00:00,1
2026-03-02T18:47:13+00:00,1
2026-03-02T18:47:41+00:00,1
2026-03-02T18:48:35+00:00,1
2026-03-02T18:49:50+00:00,1
2026-03-02T18:50:02+00:00,1
2026-03-02T18:50:17+00:00,1
2026-03-02T18:51:34+00:00,1
2026-03-02T18:53:39+00:00,1
2026-03-02T18:53:55+00:00,1
2026-03-02T18:54:10+00:00,1
2026-03-02T18:54:36+00:00,1
2026-03-02T18:54:51+00:00,1
2026-03-02T18:55:06+00:00,1
2026-03-02T18:55:21+00:00,1
2026-03-02T18:55:37+00:00,1
2026-03-02T18:55:58+00:00,1
2026-03-02T18:56:13+00:00,1
2026-03-02T18:56:28+00:00,1
2026-03-02T18:56:48+00:00,1
2026-03-02T18:57:03+00:00,1
2026-03-02T18:57:19+00:00,1
2026-03-02T18:57:48+00:00,1
2026-03-02T18:58:03+00:00,1
2026-03-02T18:58:18+00:00,1
2026-03-02T18:58:33+00:00,1
2026-03-02T18:58:59+00:00,1
2026-03-02T18:59:23+00:00,1
2026-03-02T18:59:38+00:00,1
2026-03-02T18:59:53+00:00,1
2026-03-02T19:00:08+00:00,2
2026-03-02T19:00:23+00:00,2
2026-03-02T19:00:38+00:00,2
2026-03-02T19:00:53+00:00,2
2026-03-02T19:01:08+00:00,2
2026-03-02T19:01:23+00:00,2
2026-03-02T19:01:38+00:00,2
2026-03-02T19:01:53+00:00,2
2026-03-02T19:02:08+00:00,2
2026-03-02T19:02:23+00:00,2
2026-03-02T19:02:38+00:00,2
2026-03-02T19:03:08+00:00,2
2026-03-02T19:03:23+00:00,2
2026-03-02T19:03:38+00:00,2
2026-03-02T19:03:53+00:00,2
2026-03-02T19:04:08+00:00,2
2026-03-02T19:04:40+00:00,2
2026-03-02T19:04:55+00:00,2
2026-03-02T19:05:10+00:00,2
2026-03-02T19:05:25+00:00,2
2026-03-02T19:05:40+00:00,2
2026-03-02T19:05:55+00:00,2
2026-03-02T19:06:10+00:00,2
2026-03-02T19:06:25+00:00,2
2026-03-02T19:06:40+00:00,2
2026-03-02T19:06:55+00:00,2
2026-03-02T19:07:10+00:00,2
2026-03-02T19:07:26+00:00,2
2026-03-02T19:07:47+00:00,2
2026-03-02T19:08:04+00:00,2
2026-03-02T19:08:19+00:00,2
2026-03-02T19:08:34+00:00,2
2026-03-02T19:08:49+00:00,2
2026-03-02T19:09:04+00:00,2
2026-03-02T19:09:19+00:00,2
2026-03-02T19:09:34+00:00,2
2026-03-02T19:09:51+00:00,2
2026-03-02T19:10:19+00:00,2
2026-03-02T19:10:34+00:00,2
2026-03-02T19:10:49+00:00,2
2026-03-02T19:11:04+00:00,2
2026-03-02T19:11:19+00:00,2
2026-03-02T19:11:34+00:00,2
2026-03-02T19:11:49+00:00,2
2026-03-02T19:12:04+00:00,2
2026-03-02T19:12:19+00:00,2
2026-03-02T19:12:34+00:00,2
2026-03-02T19:12:49+00:00,2
2026-03-02T19:13:04+00:00,2
2026-03-02T19:13:19+00:00,2
2026-03-02T19:13:35+00:00,2
2026-03-02T19:13:51+00:00,2
2026-03-02T19:14:21+00:00,2
2026-03-02T19:14:36+00:00,2
2026-03-02T19:14:51+00:00,2
2026-03-02T19:15:06+00:00,2
2026-03-02T19:15:21+00:00,2
2026-03-02T19:15:36+00:00,2
2026-03-02T19:15:51+00:00,2
2026-03-02T19:16:06+00:00,2
2026-03-02T19:16:21+00:00,2
2026-03-02T19:16:36+00:00,2
2026-03-02T19:16:51+00:00,2
2026-03-02T19:17:06+00:00,2
2026-03-02T19:17:21+00:00,2
2026-03-02T19:17:36+00:00,2
2026-03-02T19:17:52+00:00,2
2026-03-02T19:18:08+00:00,2
2026-03-02T19:18:38+00:00,2
2026-03-02T19:18:53+00:00,2
2026-03-02T19:19:08+00:00,2
2026-03-02T19:19:23+00:00,2
2026-03-02T19:19:38+00:00,2
2026-03-02T19:19:53+00:00,2
2026-03-02T19:20:08+00:00,2
2026-03-02T19:20:23+00:00,2
2026-03-02T19:20:38+00:00,2
2026-03-02T19:20:53+00:00,2
2026-03-02T19:21:08+00:00,2
2026-03-02T19:21:23+00:00,2
2026-03-02T19:21:38+00:00,2
2026-03-02T19:21:53+00:00,2
2026-03-02T19:22:08+00:00,2
2026-03-02T19:22:23+00:00,2
2026-03-02T19:22:39+00:00,2
2026-03-02T19:22:55+00:00,2
2026-03-02T19:23:09+00:00,2
2026-03-02T19:23:24+00:00,2
2026-03-02T19:23:39+00:00,2
2026-03-02T19:23:54+00:00,2
2026-03-02T19:24:09+00:00,2
2026-03-02T19:24:24+00:00,2
2026-03-02T19:24:39+00:00,2
2026-03-02T19:24:54+00:00,2
2026-03-02T19:25:09+00:00,2
2026-03-02T19:25:24+00:00,2
2026-03-02T19:25:39+00:00,2
2026-03-02T19:25:54+00:00,2
2026-03-02T19:26:09+00:00,2
2026-03-02T19:26:24+00:00,2
2026-03-02T19:26:39+00:00,2
2026-03-02T19:26:55+00:00,2
2026-03-02T19:27:24+00:00,2
2026-03-02T19:27:40+00:00,2
2026-03-02T19:27:54+00:00,2
2026-03-02T19:28:10+00:00,2
2026-03-02T19:28:25+00:00,2
2026-03-02T19:28:40+00:00,2
2026-03-02T19:28:55+00:00,2
2026-03-02T19:29:10+00:00,2
2026-03-02T19:29:25+00:00,2
2026-03-02T19:29:40+00:00,2
2026-03-02T19:29:55+00:00,2
2026-03-02T19:30:10+00:00,2
2026-03-02T19:30:25+00:00,2
2026-03-02T19:30:40+00:00,2
2026-03-02T19:30:55+00:00,2
2026-03-02T19:31:11+00:00,2
2026-03-02T19:31:41+00:00,2
2026-03-02T19:31:56+00:00,2
2026-03-02T19:32:11+00:00,2
2026-03-02T19:32:26+00:00,2
2026-03-02T19:32:41+00:00,2
2026-03-02T19:32:56+00:00,2
2026-03-02T19:33:11+00:00,2
2026-03-02T19:33:26+00:00,2
2026-03-02T19:33:41+00:00,2
2026-03-02T19:33:56+00:00,2
2026-03-02T19:34:11+00:00,2
2026-03-02T19:34:26+00:00,2
2026-03-02T19:34:41+00:00,2
2026-03-02T19:34:56+00:00,2
2026-03-02T19:35:11+00:00,2
2026-03-02T19:35:26+00:00,2
2026-03-02T19:35:42+00:00,2
2026-03-02T19:35:58+00:00,2
2026-03-02T19:36:12+00:00,2
2026-03-02T19:36:27+00:00,2
2026-03-02T19:36:42+00:00,2
2026-03-02T19:36:57+00:00,2
2026-03-02T19:37:12+00:00,2
2026-03-02T19:37:27+00:00,2
2026-03-02T19:37:42+00:00,2
2026-03-02T19:37:57+00:00,2
2026-03-02T19:38:12+00:00,2
2026-03-02T19:38:27+00:00,2
2026-03-02T19:38:42+00:00,2
2026-03-02T19:38:57+00:00,2
2026-03-02T19:39:12+00:00,2
2026-03-02T19:39:27+00:00,2
2026-03-02T19:39:43+00:00,2
2026-03-02T19:39:58+00:00,2
2026-03-02T19:40:17+00:00,2
2026-03-02T19:40:47+00:00,2
2026-03-02T19:41:01+00:00,2
2026-03-02T19:41:16+00:00,2
2026-03-02T19:41:32+00:00,2
2026-03-02T19:41:48+00:00,2
2026-03-02T19:42:01+00:00,2
2026-03-02T19:42:16+00:00,2
2026-03-02T19:42:31+00:00,2
2026-03-02T19:42:46+00:00,2
2026-03-02T19:43:01+00:00,2
2026-03-02T19:43:16+00:00,2
2026-03-02T19:43:31+00:00,2
2026-03-02T19:43:46+00:00,2
2026-03-02T19:44:01+00:00,2
2026-03-02T19:44:16+00:00,2
2026-03-02T19:44:31+00:00,2
2026-03-02T19:44:46+00:00,2
2026-03-02T19:45:02+00:00,2
2026-03-02T19:45:18+00:00,2
2026-03-02T19:45:32+00:00,2
2026-03-02T19:45:47+00:00,2
2026-03-02T19:46:02+00:00,2
2026-03-02T19:46:17+00:00,2
2026-03-02T19:46:32+00:00,2
2026-03-02T19:46:48+00:00,2
2026-03-02T19:47:02+00:00,2
2026-03-02T19:47:18+00:00,2
2026-03-02T19:47:33+00:00,2
2026-03-02T19:47:48+00:00,2
2026-03-02T19:48:03+00:00,2
2026-03-02T19:48:18+00:00,2
2026-03-02T19:48:33+00:00,2
2026-03-02T19:48:48+00:00,2
2026-03-02T19:49:03+00:00,2
2026-03-02T19:49:18+00:00,2
2026-03-02T19:49:33+00:00,2
2026-03-02T19:49:48+00:00,2
2026-03-02T19:50:04+00:00,0
2026-03-02T19:50:20+00:00,0
2026-03-02T19:50:50+00:00,0
2026-03-02T19:51:07+00:00,0
2026-03-02T19:51:23+00:00,0
2026-03-02T19:51:38+00:00,0
2026-03-02T19:52:08+00:00,0
2026-03-02T19:52:23+00:00,0
2026-03-02T19:52:38+00:00,0
2026-03-02T19:52:53+00:00,0
2026-03-02T19:53:08+00:00,0
2026-03-02T19:53:23+00:00,0
2026-03-02T19:53:38+00:00,0
2026-03-02T19:53:53+00:00,0
2026-03-02T19:54:08+00:00,0
2026-03-02T19:54:23+00:00,0
2026-03-02T19:54:38+00:00,0
2026-03-02T19:54:53+00:00,0
2026-03-02T19:55:08+00:00,0
2026-03-02T19:55:23+00:00,0
2026-03-02T19:55:38+00:00,0
2026-03-02T19:55:53+00:00,0
2026-03-02T19:56:09+00:00,0
2026-03-02T19:56:25+00:00,0
2026-03-02T19:56:54+00:00,0
2026-03-02T19:57:09+00:00,0
2026-03-02T19:57:24+00:00,0
2026-03-02T19:57:39+00:00,0
2026-03-02T19:57:54+00:00,0
2026-03-02T19:58:09+00:00,0
2026-03-02T19:58:24+00:00,0
2026-03-02T19:58:39+00:00,0
2026-03-02T19:58:54+00:00,0
2026-03-02T19:59:09+00:00,0
2026-03-02T19:59:25+00:00,0
2026-03-02T19:59:39+00:00,0
2026-03-02T19:59:55+00:00,0
2026-03-02T20:00:09+00:00,0
2026-03-02T20:00:24+00:00,0
2026-03-02T20:00:40+00:00,0
2026-03-02T20:00:56+00:00,0
2026-03-02T20:01:09+00:00,0
2026-03-02T20:01:24+00:00,0
2026-03-02T20:01:40+00:00,0
2026-03-02T20:01:54+00:00,0
2026-03-02T20:02:10+00:00,0
2026-03-02T20:02:25+00:00,0
2026-03-02T20:02:40+00:00,0
2026-03-02T20:02:58+00:00,0
2026-03-02T20:03:17+00:00,0
2026-03-02T20:03:27+00:00,0
2026-03-02T20:04:39+00:00,0
2026-03-02T20:05:10+00:00,0
2026-03-02T20:05:29+00:00,0
2026-03-02T20:05:51+00:00,0
2026-03-02T20:06:22+00:00,0
2026-03-02T20:09:57+00:00,0
2026-03-02T20:10:12+00:00,0
2026-03-02T20:10:27+00:00,0
2026-03-02T20:10:42+00:00,0
2026-03-02T20:10:57+00:00,0
2026-03-02T20:11:12+00:00,0
2026-03-02T20:11:27+00:00,0
2026-03-02T20:11:42+00:00,0
2026-03-02T20:11:57+00:00,0
2026-03-02T20:12:14+00:00,0
2026-03-02T20:12:27+00:00,0
2026-03-02T20:12:42+00:00,0
2026-03-02T20:12:57+00:00,0
2026-03-02T20:13:27+00:00,0
2026-03-02T20:13:42+00:00,0
2026-03-02T20:13:57+00:00,0
2026-03-02T20:14:12+00:00,0
2026-03-02T20:14:27+00:00,0
2026-03-02T20:14:42+00:00,0
2026-03-02T20:14:57+00:00,0
2026-03-02T20:15:12+00:00,0
2026-03-02T20:15:27+00:00,0
2026-03-02T20:15:46+00:00,0
2026-03-02T20:15:58+00:00,0
2026-03-02T20:16:13+00:00,0
2026-03-02T20:16:28+00:00,0
2026-03-02T20:16:43+00:00,0
2026-03-02T20:16:58+00:00,0
2026-03-02T20:17:14+00:00,0
2026-03-02T20:17:30+00:00,0
2026-03-02T20:17:45+00:00,0
2026-03-02T20:18:15+00:00,0
2026-03-02T20:18:30+00:00,0
2026-03-02T20:18:45+00:00,0
2026-03-02T20:19:00+00:00,0
2026-03-02T20:19:15+00:00,0
2026-03-02T20:19:30+00:00,0
2026-03-02T20:19:45+00:00,0
2026-03-02T20:20:00+00:00,0
2026-03-02T20:20:15+00:00,0
2026-03-02T20:20:30+00:00,0
2026-03-02T20:20:45+00:00,0
2026-03-02T20:21:00+00:00,0
2026-03-02T20:21:15+00:00,0
2026-03-02T20:21:30+00:00,0
2026-03-02T20:21:45+00:00,0
2026-03-02T20:22:56+00:00,0
2026-03-02T20:23:11+00:00,0
2026-03-02T20:23:26+00:00,0
2026-03-02T20:23:41+00:00,0
2026-03-02T20:23:56+00:00,0
2026-03-02T20:24:11+00:00,0
2026-03-02T20:24:26+00:00,0
2026-03-02T20:24:41+00:00,0
2026-03-02T20:24:56+00:00,0
2026-03-02T20:25:11+00:00,0
2026-03-02T20:25:26+00:00,0
2026-03-02T20:25:56+00:00,0
2026-03-02T20:26:11+00:00,0
2026-03-02T20:26:26+00:00,0
2026-03-02T20:26:41+00:00,0
2026-03-02T20:26:56+00:00,0
2026-03-02T20:27:11+00:00,0
2026-03-02T20:27:26+00:00,0
2026-03-02T20:27:41+00:00,0
2026-03-02T20:27:56+00:00,0
2026-03-02T20:28:11+00:00,0
2026-03-02T20:28:26+00:00,0
2026-03-02T20:28:41+00:00,0
2026-03-02T20:28:56+00:00,0
2026-03-02T20:29:11+00:00,0
2026-03-02T20:29:26+00:00,0
2026-03-02T20:29:42+00:00,0
2026-03-02T20:29:58+00:00,0
2026-03-02T20:30:27+00:00,0
2026-03-02T20:30:42+00:00,0
2026-03-02T20:30:57+00:00,0
2026-03-02T20:31:12+00:00,0
2026-03-02T20:31:27+00:00,0
2026-03-02T20:31:42+00:00,0
2026-03-02T20:31:57+00:00,0
2026-03-02T20:32:12+00:00,0
2026-03-02T20:32:27+00:00,0
2026-03-02T20:32:43+00:00,0
2026-03-02T20:32:58+00:00,0
2026-03-02T20:33:13+00:00,0
2026-03-02T20:33:28+00:00,0
2026-03-02T20:33:43+00:00,0
2026-03-02T20:33:58+00:00,0
2026-03-02T20:34:14+00:00,0
2026-03-02T20:34:29+00:00,0
2026-03-02T20:34:45+00:00,0
2026-03-02T20:34:59+00:00,0
2026-03-02T20:35:14+00:00,0
2026-03-02T20:35:29+00:00,0
2026-03-02T20:35:44+00:00,0
2026-03-02T20:35:59+00:00,0
2026-03-02T20:36:14+00:00,0
2026-03-02T20:36:29+00:00,0
2026-03-02T20:36:44+00:00,0
2026-03-02T20:36:59+00:00,0
2026-03-02T20:37:14+00:00,0
2026-03-02T20:37:29+00:00,0
2026-03-02T20:37:44+00:00,0
2026-03-02T20:37:59+00:00,0
2026-03-02T20:38:14+00:00,0
2026-03-02T20:38:29+00:00,0
2026-03-02T20:38:44+00:00,0
2026-03-02T20:39:00+00:00,0
2026-03-02T20:39:15+00:00,0
2026-03-02T20:39:30+00:00,0
2026-03-02T20:39:45+00:00,0
2026-03-02T20:40:00+00:00,0
2026-03-02T20:40:15+00:00,0
2026-03-02T20:40:30+00:00,0
2026-03-02T20:40:45+00:00,0
2026-03-02T20:41:00+00:00,0
2026-03-02T20:41:15+00:00,0
2026-03-02T20:41:30+00:00,0
2026-03-02T20:41:45+00:00,0
2026-03-02T20:42:00+00:00,0
2026-03-02T20:42:15+00:00,0
2026-03-02T20:42:30+00:00,0
2026-03-02T20:42:45+00:00,0
2026-03-02T20:43:01+00:00,0
2026-03-02T20:43:31+00:00,0
2026-03-02T20:43:46+00:00,0
2026-03-02T20:44:01+00:00,0
2026-03-02T20:44:16+00:00,0
2026-03-02T20:44:31+00:00,0
2026-03-02T20:44:46+00:00,0
2026-03-02T20:45:01+00:00,0
2026-03-02T20:45:16+00:00,0
2026-03-02T20:45:31+00:00,0
2026-03-02T20:45:46+00:00,0
2026-03-02T20:46:01+00:00,0
2026-03-02T20:46:16+00:00,0
2026-03-02T20:46:31+00:00,0
2026-03-02T20:46:46+00:00,0
2026-03-02T20:47:01+00:00,0
2026-03-02T20:47:16+00:00,0
2026-03-02T20:47:46+00:00,0
2026-03-02T20:48:01+00:00,0
2026-03-02T20:48:34+00:00,0
2026-03-02T20:48:58+00:00,0
2026-03-02T20:49:13+00:00,0
2026-03-02T20:49:30+00:00,0
2026-03-02T20:49:54+00:00,0
2026-03-02T20:50:09+00:00,0
2026-03-02T20:50:32+00:00,0
2026-03-02T20:50:39+00:00,0
2026-03-02T20:50:54+00:00,0
2026-03-02T20:51:09+00:00,0
2026-03-02T20:51:24+00:00,0
2026-03-02T20:51:39+00:00,0
2026-03-02T20:52:09+00:00,0
2026-03-02T20:52:24+00:00,0
2026-03-02T20:52:39+00:00,0
2026-03-02T20:53:57+00:00,0
2026-03-02T20:54:12+00:00,0
2026-03-02T20:54:27+00:00,0
2026-03-02T20:54:42+00:00,0
2026-03-02T20:54:57+00:00,0
2026-03-02T20:55:12+00:00,0
2026-03-02T20:55:27+00:00,0
2026-03-02T20:55:42+00:00,0
2026-03-02T20:55:58+00:00,0
2026-03-02T20:56:17+00:00,0
2026-03-02T20:56:28+00:00,0
2026-03-02T20:56:43+00:00,0
2026-03-02T20:56:58+00:00,0
2026-03-02T20:57:13+00:00,0
2026-03-02T20:57:28+00:00,0
2026-03-02T20:57:49+00:00,0
2026-03-02T20:58:06+00:00,0
2026-03-02T20:58:21+00:00,0
2026-03-02T20:58:37+00:00,0
2026-03-02T20:59:07+00:00,0
2026-03-02T20:59:37+00:00,0
2026-03-02T20:59:52+00:00,0
2026-03-02T21:00:07+00:00,0
2026-03-02T21:00:22+00:00,0
2026-03-02T21:00:37+00:00,0
2026-03-02T21:00:54+00:00,0
2026-03-02T21:01:09+00:00,0
2026-03-02T21:01:24+00:00,0
2026-03-02T21:01:39+00:00,0
2026-03-02T21:01:54+00:00,0
2026-03-02T21:02:09+00:00,0
2026-03-02T21:02:27+00:00,0
2026-03-02T21:02:42+00:00,0
2026-03-02T21:02:57+00:00,0
2026-03-02T21:03:12+00:00,0
2026-03-02T21:03:27+00:00,0
2026-03-02T21:03:45+00:00,0
2026-03-02T21:03:57+00:00,0
2026-03-02T21:04:12+00:00,0
2026-03-02T21:04:27+00:00,0
2026-03-02T21:04:42+00:00,0
2026-03-02T21:05:04+00:00,0
2026-03-02T21:05:20+00:00,0
2026-03-02T21:05:35+00:00,0
2026-03-02T21:05:50+00:00,0
2026-03-02T21:06:05+00:00,0
2026-03-02T21:06:20+00:00,0
2026-03-02T21:06:35+00:00,0
2026-03-02T21:06:50+00:00,0
2026-03-02T21:07:05+00:00,0
2026-03-02T21:07:21+00:00,0
2026-03-02T21:07:51+00:00,0
2026-03-02T21:08:06+00:00,0
2026-03-02T21:08:21+00:00,0
2026-03-02T21:08:36+00:00,0
2026-03-02T21:08:56+00:00,0
2026-03-02T21:09:12+00:00,0
2026-03-02T21:09:42+00:00,0
2026-03-02T21:09:57+00:00,0
2026-03-02T21:10:12+00:00,1
2026-03-02T21:10:27+00:00,1
2026-03-02T21:10:42+00:00,1
2026-03-02T21:10:57+00:00,1
2026-03-02T21:11:12+00:00,1
2026-03-02T21:11:27+00:00,1
2026-03-02T21:11:54+00:00,1
2026-03-02T21:12:09+00:00,1
2026-03-02T21:12:25+00:00,1
2026-03-02T21:12:55+00:00,1
2026-03-02T21:13:10+00:00,1
2026-03-02T21:13:25+00:00,1
2026-03-02T21:13:40+00:00,1
2026-03-02T21:13:55+00:00,1
2026-03-02T21:14:12+00:00,1
2026-03-02T21:14:25+00:00,1
2026-03-02T21:14:42+00:00,1
2026-03-02T21:14:57+00:00,1
2026-03-02T21:15:12+00:00,1
2026-03-02T21:15:27+00:00,1
2026-03-02T21:15:42+00:00,1
2026-03-02T21:15:57+00:00,1
2026-03-02T21:16:12+00:00,1
2026-03-02T21:16:27+00:00,1
2026-03-02T21:16:44+00:00,1
2026-03-02T21:17:02+00:00,1
2026-03-02T21:17:17+00:00,1
2026-03-02T21:17:32+00:00,1
2026-03-02T21:17:47+00:00,1
2026-03-02T21:18:05+00:00,1
2026-03-02T21:18:20+00:00,1
2026-03-02T21:18:49+00:00,1
2026-03-02T21:19:04+00:00,1
2026-03-02T21:19:24+00:00,1
2026-03-02T21:19:36+00:00,1
2026-03-02T21:19:51+00:00,1
2026-03-02T21:20:06+00:00,2
2026-03-02T21:20:28+00:00,2
2026-03-02T21:20:43+00:00,2
2026-03-02T21:20:58+00:00,2
2026-03-02T21:21:13+00:00,2
2026-03-02T21:21:28+00:00,2
2026-03-02T21:21:43+00:00,2
2026-03-02T21:21:59+00:00,2
2026-03-02T21:22:14+00:00,2
2026-03-02T21:22:30+00:00,2
2026-03-02T21:22:46+00:00,2
2026-03-02T21:23:00+00:00,2
2026-03-02T21:23:15+00:00,2
2026-03-02T21:23:32+00:00,2
2026-03-02T21:23:47+00:00,2
2026-03-02T21:24:02+00:00,2
2026-03-02T21:25:18+00:00,2
2026-03-02T21:25:58+00:00,2
2026-03-02T21:26:14+00:00,2
2026-03-02T21:27:13+00:00,2
2026-03-02T21:27:36+00:00,2
2026-03-02T21:27:51+00:00,2
2026-03-02T21:28:07+00:00,2
2026-03-02T21:28:23+00:00,2
2026-03-02T21:28:37+00:00,2
2026-03-02T21:28:52+00:00,2
2026-03-02T21:29:07+00:00,2
2026-03-02T21:29:22+00:00,2
2026-03-02T21:29:37+00:00,2
2026-03-02T21:29:52+00:00,2
2026-03-02T21:30:07+00:00,2
2026-03-02T21:30:22+00:00,2
2026-03-02T21:30:37+00:00,2
2026-03-02T21:30:52+00:00,2
2026-03-02T21:31:07+00:00,2
2026-03-02T21:31:22+00:00,2
2026-03-02T21:31:55+00:00,2
2026-03-02T21:32:10+00:00,2
2026-03-02T21:32:25+00:00,2
2026-03-02T21:32:59+00:00,2
2026-03-02T21:33:17+00:00,2
2026-03-02T21:33:29+00:00,2
2026-03-02T21:33:44+00:00,2
2026-03-02T21:33:59+00:00,2
2026-03-02T21:34:15+00:00,2
2026-03-02T21:34:34+00:00,2
2026-03-02T21:34:48+00:00,2
2026-03-02T21:35:06+00:00,2
2026-03-02T21:35:19+00:00,2
2026-03-02T21:35:49+00:00,2
2026-03-02T21:36:03+00:00,2
2026-03-02T21:36:19+00:00,2
2026-03-02T21:36:34+00:00,2
2026-03-02T21:36:48+00:00,2
2026-03-02T21:37:04+00:00,2
2026-03-02T21:37:19+00:00,2
2026-03-02T21:37:34+00:00,2
2026-03-02T21:37:49+00:00,2
2026-03-02T21:38:04+00:00,2
2026-03-02T21:38:19+00:00,2
2026-03-02T21:38:40+00:00,2
2026-03-02T21:39:01+00:00,2
2026-03-02T21:39:17+00:00,2
2026-03-02T21:39:33+00:00,2
2026-03-02T21:39:52+00:00,2
2026-03-02T21:40:06+00:00,2
2026-03-02T21:40:21+00:00,2
2026-03-02T21:40:37+00:00,2
2026-03-02T21:40:52+00:00,2
2026-03-02T21:41:09+00:00,2
2026-03-02T21:41:22+00:00,2
2026-03-02T21:41:37+00:00,2
2026-03-02T21:41:52+00:00,2
2026-03-02T21:42:07+00:00,2
2026-03-02T21:42:57+00:00,2
2026-03-02T21:43:38+00:00,2
2026-03-02T21:43:51+00:00,2
2026-03-02T21:44:06+00:00,2
2026-03-02T21:44:21+00:00,2
2026-03-02T21:44:36+00:00,2
2026-03-02T21:44:51+00:00,2
2026-03-02T21:45:06+00:00,2
2026-03-02T21:45:21+00:00,2
2026-03-02T21:45:36+00:00,2
2026-03-02T21:45:52+00:00,2
2026-03-02T21:46:21+00:00,2
2026-03-02T21:46:36+00:00,2
2026-03-02T21:46:51+00:00,2
2026-03-02T21:47:06+00:00,2
2026-03-02T21:47:21+00:00,2
2026-03-02T21:47:36+00:00,2
2026-03-02T21:47:51+00:00,2
2026-03-02T21:48:09+00:00,2
2026-03-02T21:48:21+00:00,2
2026-03-02T21:48:37+00:00,2
2026-03-02T21:48:51+00:00,2
2026-03-02T21:49:07+00:00,2
2026-03-02T21:49:22+00:00,2
2026-03-02T21:49:37+00:00,2
2026-03-02T21:49:53+00:00,2
2026-03-02T21:50:09+00:00,2
2026-03-02T21:50:23+00:00,2
2026-03-02T21:50:39+00:00,2
2026-03-02T21:51:08+00:00,2
2026-03-02T21:51:23+00:00,2
2026-03-02T21:51:38+00:00,2
2026-03-02T21:51:53+00:00,2
2026-03-02T21:52:08+00:00,2
2026-03-02T21:52:23+00:00,2
2026-03-02T21:52:38+00:00,2
2026-03-02T21:52:53+00:00,2
2026-03-02T21:53:08+00:00,2
2026-03-02T21:53:23+00:00,2
2026-03-02T21:53:38+00:00,2
2026-03-02T21:53:53+00:00,2
2026-03-02T21:54:08+00:00,2
2026-03-02T21:54:23+00:00,2
2026-03-02T21:54:38+00:00,2
2026-03-02T21:54:54+00:00,2
2026-03-02T21:55:10+00:00,2
2026-03-02T21:55:25+00:00,2
2026-03-02T21:55:41+00:00,2
2026-03-02T21:55:57+00:00,2
2026-03-02T21:56:26+00:00,2
2026-03-02T21:56:41+00:00,2
2026-03-02T21:56:56+00:00,2
2026-03-02T21:57:11+00:00,2
2026-03-02T21:57:26+00:00,2
2026-03-02T21:57:41+00:00,2
2026-03-02T21:57:56+00:00,2
2026-03-02T21:58:11+00:00,2
2026-03-02T21:58:26+00:00,2
2026-03-02T21:58:41+00:00,2
2026-03-02T21:58:56+00:00,2
2026-03-02T21:59:11+00:00,2
2026-03-02T21:59:26+00:00,2
2026-03-02T21:59:42+00:00,2
2026-03-02T21:59:58+00:00,2
2026-03-02T22:00:14+00:00,1
2026-03-02T22:00:43+00:00,1
2026-03-02T22:01:30+00:00,1
2026-03-02T22:01:46+00:00,1
2026-03-02T22:02:01+00:00,1
2026-03-02T22:02:16+00:00,1
2026-03-02T22:02:30+00:00,1
2026-03-02T22:02:51+00:00,1
2026-03-02T22:04:13+00:00,1
2026-03-02T22:04:30+00:00,1
2026-03-02T22:04:45+00:00,1
2026-03-02T22:05:00+00:00,1
2026-03-02T22:05:15+00:00,1
2026-03-02T22:05:30+00:00,1
2026-03-02T22:05:45+00:00,1
2026-03-02T22:06:00+00:00,1
2026-03-02T22:06:33+00:00,1
2026-03-02T22:06:48+00:00,1
2026-03-02T22:07:03+00:00,1
2026-03-02T22:07:24+00:00,1
2026-03-02T22:07:41+00:00,1
2026-03-02T22:08:05+00:00,1
2026-03-02T22:08:36+00:00,1
2026-03-02T22:09:13+00:00,1
2026-03-02T22:10:00+00:00,1
2026-03-02T22:11:20+00:00,1
2026-03-02T22:11:36+00:00,1
2026-03-02T22:11:54+00:00,1
2026-03-02T22:12:13+00:00,1
2026-03-02T22:12:28+00:00,1
2026-03-02T22:12:43+00:00,1
2026-03-02T22:12:58+00:00,1
2026-03-02T22:13:13+00:00,1
2026-03-02T22:13:48+00:00,1
2026-03-02T22:14:03+00:00,1
2026-03-02T22:14:18+00:00,1
2026-03-02T22:14:33+00:00,1
2026-03-02T22:14:48+00:00,1
2026-03-02T22:15:03+00:00,1
2026-03-02T22:15:18+00:00,1
2026-03-02T22:15:33+00:00,1
2026-03-02T22:15:51+00:00,1
2026-03-02T23:12:55+00:00,1
2026-03-02T23:37:14+00:00,0
2026-03-02T23:37:29+00:00,0
2026-03-02T23:40:09+00:00,0
2026-03-02T23:44:56+00:00,0
2026-03-02T23:45:23+00:00,0
2026-03-02T23:45:46+00:00,0
2026-03-02T23:48:40+00:00,0
2026-03-02T23:49:07+00:00,0
2026-03-03T00:02:46+00:00,2
2026-03-03T00:03:01+00:00,2
2026-03-03T00:22:56+00:00,2
2026-03-03T00:23:06+00:00,2
2026-03-03T00:25:05+00:00,2
2026-03-03T00:25:18+00:00,2
2026-03-03T00:25:33+00:00,2
2026-03-03T00:26:05+00:00,2
2026-03-03T02:42:10+00:00,0
2026-03-03T02:43:07+00:00,0
2026-03-03T02:43:22+00:00,0
2026-03-03T02:46:38+00:00,0
2026-03-03T02:52:40+00:00,0
2026-03-03T02:58:03+00:00,0
2026-03-03T02:58:18+00:00,0
2026-03-03T04:00:00+00:00,0
2026-03-03T09:29:28+00:00,0
2026-03-03T10:23:17+00:00,0
2026-03-03T10:23:46+00:00,0
2026-03-03T10:24:22+00:00,0
2026-03-03T10:25:37+00:00,0
2026-03-03T10:25:53+00:00,0
2026-03-03T10:26:08+00:00,0
2026-03-03T10:26:23+00:00,0
2026-03-03T10:27:14+00:00,0
2026-03-03T10:27:29+00:00,0
2026-03-03T10:27:44+00:00,0
2026-03-03T10:27:59+00:00,0
2026-03-03T10:28:14+00:00,0
2026-03-03T10:28:29+00:00,0
2026-03-03T10:28:44+00:00,0
2026-03-03T10:29:12+00:00,0
2026-03-03T10:29:31+00:00,0
2026-03-03T10:30:17+00:00,2
2026-03-03T10:30:32+00:00,2
2026-03-03T10:30:47+00:00,2
2026-03-03T10:31:40+00:00,2
2026-03-03T10:59:59+00:00,2
2026-03-03T11:00:14+00:00,0
2026-03-03T11:00:29+00:00,0
2026-03-03T11:00:44+00:00,0
2026-03-03T11:08:21+00:00,0
2026-03-03T11:08:36+00:00,0
2026-03-03T11:09:11+00:00,0
2026-03-03T11:09:26+00:00,0
2026-03-03T11:09:41+00:00,0
2026-03-03T11:09:56+00:00,0
2026-03-03T11:11:46+00:00,0
2026-03-03T11:13:30+00:00,0
2026-03-03T11:13:53+00:00,0
2026-03-03T11:15:51+00:00,0
2026-03-03T11:16:06+00:00,0
2026-03-03T11:17:07+00:00,0
2026-03-03T11:18:16+00:00,0
2026-03-03T11:19:24+00:00,0
2026-03-03T11:19:39+00:00,0
2026-03-03T11:20:25+00:00,0
2026-03-03T11:20:40+00:00,0
2026-03-03T11:25:08+00:00,0
2026-03-03T11:25:23+00:00,0
2026-03-03T11:30:37+00:00,1
2026-03-03T11:30:53+00:00,1
2026-03-03T11:31:08+00:00,1
2026-03-03T11:31:23+00:00,1
2026-03-03T11:31:39+00:00,1
2026-03-03T11:31:53+00:00,1
2026-03-03T11:33:36+00:00,1
2026-03-03T11:42:58+00:00,2
2026-03-03T11:52:57+00:00,2
2026-03-03T11:53:21+00:00,2
2026-03-03T12:12:05+00:00,1
2026-03-03T12:14:26+00:00,1
2026-03-03T12:15:59+00:00,1
2026-03-03T12:16:36+00:00,1
2026-03-03T12:17:15+00:00,1
2026-03-03T12:18:10+00:00,1
2026-03-03T12:19:55+00:00,1
2026-03-03T12:20:16+00:00,1
2026-03-03T12:21:06+00:00,1
2026-03-03T12:26:30+00:00,1
2026-03-03T12:26:45+00:00,1
2026-03-03T12:35:40+00:00,1
2026-03-03T12:35:55+00:00,1
2026-03-03T12:36:15+00:00,1
2026-03-03T12:36:52+00:00,1
2026-03-03T12:37:07+00:00,1
2026-03-03T14:27:51+00:00,0
2026-03-03T14:33:39+00:00,0
2026-03-03T14:38:58+00:00,0
2026-03-03T14:39:46+00:00,0
2026-03-03T14:40:12+00:00,0
2026-03-03T14:40:27+00:00,0
2026-03-03T14:40:42+00:00,0
2026-03-03T14:40:56+00:00,0
2026-03-03T14:44:04+00:00,0
2026-03-03T14:44:54+00:00,0
2026-03-03T14:45:09+00:00,0
2026-03-03T15:01:26+00:00,2
2026-03-03T15:01:53+00:00,2
2026-03-03T15:30:37+00:00,2
2026-03-03T15:31:39+00:00,2
2026-03-03T16:28:36+00:00,0
2026-03-03T16:29:27+00:00,0
2026-03-03T16:29:42+00:00,0
2026-03-03T17:12:16+00:00,0
2026-03-03T18:39:11+00:00,0
2026-03-03T18:39:57+00:00,0
2026-03-03T19:51:22+00:00,0
2026-03-03T19:51:37+00:00,0
2026-03-03T20:05:30+00:00,0
2026-03-03T20:05:45+00:00,0
2026-03-03T20:44:34+00:00,0
2026-03-03T20:44:49+00:00,0
2026-03-03T21:15:22+00:00,0
2026-03-03T21:15:45+00:00,0
2026-03-03T21:16:45+00:00,0
2026-03-03T21:17:00+00:00,0
2026-03-03T21:17:15+00:00,0
2026-03-03T21:17:30+00:00,0
2026-03-03T21:17:45+00:00,0
2026-03-03T21:25:55+00:00,1
2026-03-03T21:26:22+00:00,1
2026-03-03T21:26:37+00:00,1
2026-03-03T21:27:19+00:00,1
2026-03-03T21:27:34+00:00,1
2026-03-03T22:23:18+00:00,0
2026-03-03T22:28:43+00:00,0
2026-03-03T22:43:56+00:00,0
2026-03-03T22:44:53+00:00,0
2026-03-03T22:58:03+00:00,0
2026-03-03T23:02:39+00:00,1
2026-03-03T23:02:54+00:00,1
2026-03-03T23:03:53+00:00,1
2026-03-03T23:04:08+00:00,1
2026-03-03T23:14:00+00:00,0
2026-03-03T23:14:31+00:00,0
2026-03-03T23:45:27+00:00,1
2026-03-03T23:45:42+00:00,1
2026-03-03T23:51:37+00:00,1
2026-03-03T23:53:04+00:00,1
2026-03-03T23:53:20+00:00,1
2026-03-04T00:13:42+00:00,0
2026-03-04T00:13:57+00:00,0
2026-03-04T00:14:51+00:00,0
2026-03-04T00:41:52+00:00,0
2026-03-04T00:42:07+00:00,0
2026-03-04T02:00:24+00:00,0
2026-03-04T02:01:14+00:00,0
2026-03-04T02:11:23+00:00,1
2026-03-04T02:36:51+00:00,0
2026-03-04T02:37:06+00:00,0
2026-03-04T02:37:21+00:00,0
2026-03-04T02:37:36+00:00,0
2026-03-04T02:37:54+00:00,0
2026-03-04T02:38:09+00:00,0
2026-03-04T02:43:29+00:00,1
2026-03-04T02:46:08+00:00,1
2026-03-04T02:46:51+00:00,1
2026-03-04T02:47:13+00:00,1
2026-03-04T02:47:28+00:00,1
2026-03-04T02:53:51+00:00,1
2026-03-04T02:54:06+00:00,1
2026-03-04T04:00:00+00:00,0
2026-03-04T10:55:48+00:00,0
2026-03-04T10:56:03+00:00,0
2026-03-04T10:56:18+00:00,0
2026-03-04T10:57:30+00:00,0
2026-03-04T10:57:45+00:00,0
2026-03-04T10:59:31+00:00,0
2026-03-04T11:22:02+00:00,3
2026-03-04T11:22:24+00:00,3
2026-03-04T11:29:59+00:00,3
2026-03-04T11:31:47+00:00,3
2026-03-04T11:32:03+00:00,3
2026-03-04T11:44:21+00:00,3
2026-03-04T11:49:01+00:00,3
2026-03-04T11:49:18+00:00,3
2026-03-04T11:50:17+00:00,3
2026-03-04T11:55:16+00:00,3
2026-03-04T11:55:31+00:00,3
2026-03-04T11:55:46+00:00,3
2026-03-04T11:56:01+00:00,3
2026-03-04T12:13:26+00:00,3
2026-03-04T12:13:41+00:00,3
2026-03-04T12:21:30+00:00,3
2026-03-04T12:21:45+00:00,3
2026-03-04T12:22:00+00:00,3
2026-03-04T12:22:15+00:00,3
2026-03-04T12:22:30+00:00,3
2026-03-04T12:22:45+00:00,3
2026-03-04T12:26:59+00:00,3
2026-03-04T12:30:23+00:00,3
2026-03-04T13:26:52+00:00,2
2026-03-04T13:53:51+00:00,3
2026-03-04T13:54:06+00:00,3
2026-03-04T13:54:21+00:00,3
2026-03-04T13:56:14+00:00,3
2026-03-04T13:56:29+00:00,3
2026-03-04T13:57:30+00:00,3
2026-03-04T13:57:58+00:00,3
2026-03-04T13:58:14+00:00,3
2026-03-04T13:58:44+00:00,3
2026-03-04T14:14:27+00:00,0
2026-03-04T14:14:54+00:00,0
2026-03-04T14:52:09+00:00,1
2026-03-04T14:52:24+00:00,1
2026-03-04T14:52:39+00:00,1
2026-03-04T14:53:43+00:00,1
2026-03-04T14:53:59+00:00,1
2026-03-04T15:01:19+00:00,0
2026-03-04T15:01:34+00:00,0
2026-03-04T15:01:58+00:00,0
2026-03-04T15:02:13+00:00,0
2026-03-04T15:02:28+00:00,0
2026-03-04T15:12:09+00:00,0
2026-03-04T15:18:43+00:00,0
2026-03-04T15:18:58+00:00,0
2026-03-04T15:24:05+00:00,0
2026-03-04T15:24:41+00:00,0
2026-03-04T15:41:15+00:00,0
2026-03-04T15:42:23+00:00,0
2026-03-04T15:42:38+00:00,0
2026-03-04T16:46:03+00:00,0
2026-03-04T16:46:18+00:00,0
2026-03-04T16:47:09+00:00,0
2026-03-04T16:48:24+00:00,0
2026-03-04T17:01:19+00:00,2
2026-03-04T17:02:48+00:00,2
2026-03-04T17:03:33+00:00,2
2026-03-04T17:03:48+00:00,2
2026-03-04T17:04:10+00:00,2
2026-03-04T17:04:55+00:00,2
2026-03-04T17:09:09+00:00,2
2026-03-04T17:53:25+00:00,0
2026-03-04T17:53:40+00:00,0
2026-03-04T17:54:22+00:00,0
2026-03-04T18:12:41+00:00,2
2026-03-04T18:12:56+00:00,2
2026-03-04T18:13:11+00:00,2
2026-03-04T18:15:17+00:00,2
2026-03-04T18:26:58+00:00,2
2026-03-04T19:07:56+00:00,0
2026-03-04T19:08:59+00:00,0
2026-03-04T19:09:14+00:00,0
2026-03-04T19:09:54+00:00,0
2026-03-04T19:21:45+00:00,0
2026-03-04T19:22:33+00:00,0
2026-03-04T19:31:21+00:00,0
2026-03-04T19:31:36+00:00,0
2026-03-04T19:32:56+00:00,0
2026-03-04T19:33:53+00:00,0
2026-03-04T20:12:30+00:00,2
2026-03-04T21:30:09+00:00,0
2026-03-04T21:38:25+00:00,0
2026-03-04T21:38:41+00:00,0
2026-03-04T21:43:28+00:00,0
2026-03-04T21:47:04+00:00,0
2026-03-04T21:47:58+00:00,0
2026-03-04T21:49:11+00:00,0
2026-03-04T21:49:26+00:00,0
2026-03-04T22:06:09+00:00,2
2026-03-04T22:06:24+00:00,2
2026-03-04T22:07:10+00:00,2
2026-03-04T22:21:46+00:00,2
2026-03-04T22:22:53+00:00,2
2026-03-04T22:23:08+00:00,2
2026-03-04T22:57:24+00:00,1
2026-03-04T22:57:39+00:00,1
2026-03-04T23:09:08+00:00,0
2026-03-04T23:09:23+00:00,0
2026-03-04T23:11:25+00:00,0
2026-03-04T23:11:40+00:00,0
2026-03-04T23:26:26+00:00,1
2026-03-04T23:26:41+00:00,1
2026-03-04T23:27:01+00:00,1
2026-03-04T23:27:16+00:00,1
2026-03-04T23:28:32+00:00,1
2026-03-04T23:30:00+00:00,0
2026-03-04T23:30:15+00:00,0
2026-03-04T23:51:00+00:00,0
2026-03-04T23:51:15+00:00,0
2026-03-04T23:51:53+00:00,0
2026-03-04T23:52:48+00:00,0
2026-03-04T23:53:15+00:00,0
2026-03-04T23:53:31+00:00,0
2026-03-05T01:37:27+00:00,0
2026-03-05T01:37:42+00:00,0
2026-03-05T01:42:12+00:00,0
2026-03-05T01:42:27+00:00,0
2026-03-05T02:13:57+00:00,0
2026-03-05T02:14:12+00:00,0
2026-03-05T02:14:27+00:00,0
2026-03-05T02:18:23+00:00,0
2026-03-05T02:18:38+00:00,0
2026-03-05T02:19:48+00:00,0
2026-03-05T04:00:00+00:00,0
2026-03-05T10:05:43+00:00,2
2026-03-05T10:12:28+00:00,3
2026-03-05T10:15:59+00:00,3
2026-03-05T10:16:46+00:00,3
2026-03-05T10:17:01+00:00,3
2026-03-05T10:17:16+00:00,3
2026-03-05T11:11:11+00:00,3
2026-03-05T11:11:28+00:00,3
2026-03-05T11:11:43+00:00,3
2026-03-05T11:12:13+00:00,3
2026-03-05T11:12:28+00:00,3
2026-03-05T11:12:43+00:00,3
2026-03-05T11:12:58+00:00,3
2026-03-05T11:13:13+00:00,3
2026-03-05T11:13:28+00:00,3
2026-03-05T11:13:43+00:00,3
2026-03-05T11:15:29+00:00,3
2026-03-05T11:15:59+00:00,3
2026-03-05T12:47:59+00:00,2
2026-03-05T12:56:04+00:00,2
2026-03-05T13:22:44+00:00,1
2026-03-05T13:22:59+00:00,1
2026-03-05T13:49:50+00:00,0
2026-03-05T13:50:45+00:00,0
2026-03-05T15:20:57+00:00,1
2026-03-05T15:21:46+00:00,1
2026-03-05T15:32:23+00:00,0
2026-03-05T16:00:24+00:00,0
2026-03-05T16:01:00+00:00,0
2026-03-05T16:01:15+00:00,0
2026-03-05T16:01:30+00:00,0
2026-03-05T17:01:23+00:00,1
2026-03-05T17:02:27+00:00,1
2026-03-05T17:06:43+00:00,1
2026-03-05T17:18:58+00:00,1
2026-03-05T17:19:13+00:00,1
2026-03-05T17:19:38+00:00,1
2026-03-05T17:23:33+00:00,0
2026-03-05T17:23:48+00:00,0
2026-03-05T17:43:13+00:00,0
2026-03-05T17:43:31+00:00,0
2026-03-05T17:43:48+00:00,0
2026-03-05T17:50:32+00:00,0
2026-03-05T17:50:47+00:00,0
2026-03-05T18:21:38+00:00,0
2026-03-05T18:22:41+00:00,0
2026-03-05T18:57:50+00:00,0
2026-03-05T18:58:05+00:00,0
2026-03-05T19:01:40+00:00,0
2026-03-05T19:03:09+00:00,0
2026-03-05T19:03:24+00:00,0
2026-03-05T19:07:31+00:00,0
2026-03-05T19:07:46+00:00,0
2026-03-05T19:08:01+00:00,0
2026-03-05T19:08:42+00:00,0
2026-03-05T19:08:58+00:00,0
2026-03-05T19:24:34+00:00,0
2026-03-05T19:25:46+00:00,0
2026-03-05T19:35:45+00:00,0
2026-03-05T19:37:19+00:00,0
2026-03-05T20:16:40+00:00,0
2026-03-05T20:26:36+00:00,0
2026-03-05T20:28:30+00:00,0
2026-03-05T20:38:29+00:00,0
2026-03-05T20:38:46+00:00,0
2026-03-05T21:03:09+00:00,0
2026-03-05T21:03:24+00:00,0
2026-03-05T21:03:54+00:00,0
2026-03-05T21:04:25+00:00,0
2026-03-05T21:04:41+00:00,0
2026-03-05T21:09:53+00:00,0
2026-03-05T21:18:57+00:00,0
2026-03-05T21:19:29+00:00,0
2026-03-05T21:20:31+00:00,0
2026-03-05T21:21:40+00:00,0
2026-03-05T21:45:53+00:00,2
2026-03-05T22:35:22+00:00,0
2026-03-05T22:36:46+00:00,0
2026-03-05T22:37:53+00:00,0
2026-03-05T22:38:09+00:00,0
2026-03-05T22:38:50+00:00,0
2026-03-05T22:39:05+00:00,0
2026-03-06T04:00:00+00:00,0
2026-03-06T09:25:42+00:00,1
2026-03-06T09:25:57+00:00,1
2026-03-06T09:26:12+00:00,1
2026-03-06T09:26:27+00:00,1
2026-03-06T09:27:40+00:00,1
2026-03-06T09:28:01+00:00,1
2026-03-06T09:31:33+00:00,3
2026-03-06T09:31:48+00:00,3
2026-03-06T09:34:37+00:00,3
2026-03-06T09:34:52+00:00,3
2026-03-06T09:35:07+00:00,3
2026-03-06T09:35:23+00:00,3
2026-03-06T09:35:44+00:00,3
2026-03-06T09:35:59+00:00,3
2026-03-06T09:36:14+00:00,3
2026-03-06T09:39:02+00:00,3
2026-03-06T09:39:54+00:00,3
2026-03-06T09:42:40+00:00,3
2026-03-06T09:42:55+00:00,3
2026-03-06T09:46:17+00:00,3
2026-03-06T09:46:32+00:00,3
2026-03-06T09:49:08+00:00,3
2026-03-06T09:49:23+00:00,3
2026-03-06T09:52:02+00:00,3
2026-03-06T09:52:17+00:00,3
2026-03-06T09:52:32+00:00,3
2026-03-06T09:53:17+00:00,3
2026-03-06T09:58:02+00:00,3
2026-03-06T09:58:17+00:00,3
2026-03-06T09:58:35+00:00,3
2026-03-06T10:05:11+00:00,3
2026-03-06T10:05:27+00:00,3
2026-03-06T10:05:43+00:00,3
2026-03-06T10:21:28+00:00,2
2026-03-06T10:21:55+00:00,2
2026-03-06T10:22:10+00:00,2
2026-03-06T10:28:44+00:00,2
2026-03-06T10:29:12+00:00,2
2026-03-06T10:29:27+00:00,2
2026-03-06T10:36:57+00:00,1
2026-03-06T11:13:38+00:00,0
2026-03-06T11:14:05+00:00,0
2026-03-06T11:14:20+00:00,0
2026-03-06T11:14:35+00:00,0
2026-03-06T11:54:35+00:00,0
2026-03-06T11:56:26+00:00,0
2026-03-06T11:56:41+00:00,0
2026-03-06T11:58:13+00:00,0
2026-03-06T12:48:04+00:00,3
2026-03-06T13:04:35+00:00,3
2026-03-06T13:09:56+00:00,3
2026-03-06T13:10:11+00:00,3
2026-03-06T13:10:33+00:00,3
2026-03-06T13:10:48+00:00,3
2026-03-06T13:35:13+00:00,3
2026-03-06T13:36:40+00:00,3
2026-03-06T13:37:02+00:00,3
2026-03-06T14:05:21+00:00,2
2026-03-06T14:11:32+00:00,2
2026-03-06T14:11:47+00:00,2
2026-03-06T16:29:58+00:00,2
2026-03-06T16:32:00+00:00,2
2026-03-06T17:17:08+00:00,2
2026-03-06T17:17:33+00:00,2
2026-03-06T17:17:48+00:00,2
2026-03-06T17:19:25+00:00,2
2026-03-06T17:19:40+00:00,2
2026-03-06T17:20:39+00:00,2
2026-03-06T17:20:54+00:00,2
2026-03-06T17:22:51+00:00,2
2026-03-06T17:23:06+00:00,2
2026-03-06T17:25:20+00:00,2
2026-03-06T17:25:35+00:00,2
2026-03-06T17:25:55+00:00,2
2026-03-06T17:29:01+00:00,2
2026-03-06T17:29:32+00:00,2
2026-03-06T17:29:56+00:00,2
2026-03-06T17:30:38+00:00,2
2026-03-06T17:30:53+00:00,2
2026-03-06T18:18:41+00:00,2
2026-03-06T18:19:55+00:00,2
2026-03-06T18:21:42+00:00,2
2026-03-06T18:23:25+00:00,2
2026-03-06T18:30:32+00:00,2
2026-03-06T18:31:32+00:00,2
2026-03-06T18:31:48+00:00,2
2026-03-06T18:32:02+00:00,2
2026-03-06T19:00:43+00:00,0
2026-03-06T19:00:58+00:00,0
2026-03-06T19:02:20+00:00,0
2026-03-06T19:07:20+00:00,0
2026-03-06T19:07:35+00:00,0
2026-03-06T19:19:18+00:00,0
2026-03-06T19:21:22+00:00,0
2026-03-06T19:31:38+00:00,0
2026-03-06T19:56:19+00:00,0
2026-03-06T19:57:41+00:00,0
2026-03-06T20:02:26+00:00,2
2026-03-06T20:29:45+00:00,2
2026-03-06T20:30:00+00:00,2
2026-03-06T20:57:29+00:00,2
2026-03-06T20:57:44+00:00,2
2026-03-06T20:57:59+00:00,2
2026-03-06T21:04:44+00:00,2
2026-03-06T21:05:39+00:00,2
2026-03-06T21:05:54+00:00,2
2026-03-06T21:06:16+00:00,2
2026-03-06T21:17:28+00:00,2
2026-03-06T21:17:43+00:00,2
2026-03-06T22:14:44+00:00,1
2026-03-06T22:14:59+00:00,1
2026-03-06T22:15:56+00:00,1
2026-03-06T22:16:11+00:00,1
2026-03-06T22:19:05+00:00,1
2026-03-06T22:19:20+00:00,1
2026-03-06T22:19:35+00:00,1
2026-03-06T22:19:56+00:00,1
2026-03-06T22:22:59+00:00,1
2026-03-06T22:23:14+00:00,1
2026-03-06T22:23:31+00:00,1
2026-03-06T22:37:11+00:00,1
2026-03-06T22:37:26+00:00,1
2026-03-06T22:38:43+00:00,1
2026-03-06T22:38:58+00:00,1
2026-03-06T22:39:14+00:00,1
2026-03-06T22:39:30+00:00,1
2026-03-06T22:58:38+00:00,0
2026-03-06T22:58:53+00:00,0
2026-03-06T22:59:08+00:00,0
2026-03-06T22:59:23+00:00,0
2026-03-06T22:59:38+00:00,0
2026-03-06T23:05:09+00:00,0
2026-03-06T23:05:24+00:00,0
2026-03-06T23:05:49+00:00,0
2026-03-06T23:06:10+00:00,0
2026-03-06T23:38:50+00:00,0
2026-03-06T23:39:05+00:00,0
2026-03-06T23:39:20+00:00,0
2026-03-06T23:39:35+00:00,0
2026-03-06T23:39:50+00:00,0
2026-03-06T23:40:11+00:00,0
2026-03-06T23:41:07+00:00,0
2026-03-06T23:42:10+00:00,0
2026-03-06T23:42:33+00:00,0
2026-03-06T23:42:57+00:00,0
2026-03-06T23:44:00+00:00,0
2026-03-06T23:44:15+00:00,0
2026-03-06T23:44:34+00:00,0
2026-03-06T23:51:11+00:00,0
2026-03-06T23:51:26+00:00,0
2026-03-07T00:01:42+00:00,0
2026-03-07T00:03:13+00:00,0
2026-03-07T00:10:49+00:00,0
2026-03-07T00:11:32+00:00,0
2026-03-07T00:12:28+00:00,0
2026-03-07T00:13:26+00:00,0
2026-03-07T01:17:43+00:00,0
2026-03-07T01:18:54+00:00,0
2026-03-07T01:19:09+00:00,0
2026-03-07T01:19:44+00:00,0
2026-03-07T01:19:59+00:00,0
2026-03-07T01:20:16+00:00,0
2026-03-07T01:22:37+00:00,0
2026-03-07T01:27:33+00:00,0
2026-03-07T01:27:48+00:00,0
2026-03-07T01:28:07+00:00,0
2026-03-07T01:34:43+00:00,0
2026-03-07T01:35:36+00:00,0
2026-03-07T01:35:51+00:00,0
2026-03-07T01:36:06+00:00,0
2026-03-07T01:36:54+00:00,0
2026-03-07T01:37:09+00:00,0
2026-03-07T01:37:24+00:00,0
2026-03-07T01:38:03+00:00,0
2026-03-07T01:38:18+00:00,0
2026-03-07T01:38:33+00:00,0
2026-03-07T01:38:49+00:00,0
2026-03-07T01:39:48+00:00,0
2026-03-07T01:47:19+00:00,0
2026-03-07T01:56:04+00:00,0
2026-03-07T01:56:24+00:00,0
2026-03-07T01:56:54+00:00,0
2026-03-07T01:57:10+00:00,0
2026-03-07T01:58:11+00:00,0
2026-03-07T01:58:27+00:00,0
2026-03-07T04:00:00+00:00,0
2026-03-07T09:55:47+00:00,2
2026-03-07T09:56:02+00:00,2
2026-03-07T09:57:56+00:00,2
2026-03-07T09:58:38+00:00,2
2026-03-07T10:00:15+00:00,3
2026-03-07T10:02:57+00:00,3
2026-03-07T10:03:29+00:00,3
2026-03-07T10:04:19+00:00,3
2026-03-07T10:04:41+00:00,3
2026-03-07T10:04:56+00:00,3
2026-03-07T10:05:44+00:00,3
2026-03-07T10:15:44+00:00,3
2026-03-07T10:15:59+00:00,3
2026-03-07T10:58:53+00:00,3
2026-03-07T10:59:08+00:00,3
2026-03-07T11:18:36+00:00,3
2026-03-07T11:18:52+00:00,3
2026-03-07T12:06:19+00:00,3
2026-03-07T12:06:34+00:00,3
2026-03-07T12:08:57+00:00,3
2026-03-07T12:09:19+00:00,3
2026-03-07T12:10:02+00:00,3
2026-03-07T12:11:29+00:00,3
2026-03-07T12:11:50+00:00,3
2026-03-07T12:13:38+00:00,3
2026-03-07T12:13:57+00:00,3
2026-03-07T12:14:58+00:00,3
2026-03-07T12:15:48+00:00,3
2026-03-07T12:16:03+00:00,3
2026-03-07T12:18:18+00:00,3
2026-03-07T12:18:34+00:00,3
2026-03-07T12:18:51+00:00,3
2026-03-07T12:19:06+00:00,3
2026-03-07T12:19:21+00:00,3
2026-03-07T12:19:37+00:00,3
2026-03-07T12:20:07+00:00,3
2026-03-07T12:21:13+00:00,3
2026-03-07T12:21:29+00:00,3
2026-03-07T12:21:42+00:00,3
2026-03-07T12:22:20+00:00,3
2026-03-07T12:22:35+00:00,3
2026-03-07T12:23:22+00:00,3
2026-03-07T12:23:37+00:00,3
2026-03-07T12:23:53+00:00,3
2026-03-07T12:24:08+00:00,3
2026-03-07T12:25:28+00:00,3
2026-03-07T12:25:43+00:00,3
2026-03-07T13:12:50+00:00,3
2026-03-07T13:15:42+00:00,3
2026-03-07T13:15:57+00:00,3
2026-03-07T13:17:51+00:00,3
2026-03-07T13:18:06+00:00,3
2026-03-07T13:18:21+00:00,3
2026-03-07T13:20:11+00:00,3
2026-03-07T13:20:26+00:00,3
2026-03-07T13:44:46+00:00,3
2026-03-07T13:45:01+00:00,3
2026-03-07T13:45:16+00:00,3
2026-03-07T13:49:18+00:00,3
2026-03-07T13:50:28+00:00,3
2026-03-07T13:56:55+00:00,3
2026-03-07T13:57:39+00:00,3
2026-03-07T14:13:55+00:00,2
2026-03-07T14:23:02+00:00,2
2026-03-07T14:38:35+00:00,3
2026-03-07T14:39:37+00:00,3
2026-03-07T14:46:07+00:00,3
2026-03-07T14:47:35+00:00,3
2026-03-07T14:54:54+00:00,3
2026-03-07T14:55:30+00:00,3
2026-03-07T15:08:20+00:00,3
2026-03-07T15:08:36+00:00,3
2026-03-07T15:26:34+00:00,3
2026-03-07T15:26:49+00:00,3
2026-03-07T15:27:04+00:00,3
2026-03-07T15:29:17+00:00,3
2026-03-07T15:29:41+00:00,3
2026-03-07T15:30:09+00:00,3
2026-03-07T15:30:54+00:00,3
2026-03-07T15:34:46+00:00,3
2026-03-07T15:35:03+00:00,3
2026-03-07T15:47:21+00:00,3
2026-03-07T15:48:20+00:00,3
2026-03-07T15:48:35+00:00,3
2026-03-07T16:18:25+00:00,3
2026-03-07T16:18:44+00:00,3
2026-03-07T16:19:08+00:00,3
2026-03-07T16:19:27+00:00,3
2026-03-07T16:19:42+00:00,3
2026-03-07T16:23:26+00:00,3
2026-03-07T16:23:46+00:00,3
2026-03-07T16:27:48+00:00,3
2026-03-07T16:28:41+00:00,3
2026-03-07T16:41:06+00:00,3
2026-03-07T16:41:41+00:00,3
2026-03-07T17:00:19+00:00,3
2026-03-07T17:00:35+00:00,3
2026-03-07T17:36:58+00:00,3
2026-03-07T17:46:01+00:00,3
2026-03-07T17:48:28+00:00,3
2026-03-07T17:50:05+00:00,3
2026-03-07T18:00:54+00:00,3
2026-03-07T18:01:54+00:00,3
2026-03-07T18:44:09+00:00,3
2026-03-07T18:44:24+00:00,3
2026-03-07T18:44:39+00:00,3
2026-03-07T18:45:21+00:00,3
2026-03-07T18:45:36+00:00,3
2026-03-07T18:45:51+00:00,3
2026-03-07T18:48:19+00:00,3
2026-03-07T18:48:38+00:00,3
2026-03-07T19:00:21+00:00,3
2026-03-07T19:00:51+00:00,3
2026-03-07T19:45:48+00:00,3
2026-03-07T19:47:38+00:00,3
2026-03-07T19:48:38+00:00,3
2026-03-07T19:48:53+00:00,3
2026-03-07T20:06:00+00:00,3
2026-03-07T20:06:39+00:00,3
2026-03-07T20:07:01+00:00,3
2026-03-07T20:07:25+00:00,3
2026-03-07T20:07:42+00:00,3
2026-03-07T20:07:57+00:00,3
2026-03-07T20:08:55+00:00,3
2026-03-07T20:09:19+00:00,3
2026-03-07T20:13:58+00:00,3
2026-03-07T20:14:24+00:00,3
2026-03-07T20:23:41+00:00,3
2026-03-07T20:24:46+00:00,3
2026-03-07T20:25:01+00:00,3
2026-03-07T20:25:16+00:00,3
2026-03-07T20:25:33+00:00,3
2026-03-07T20:27:32+00:00,3
2026-03-07T20:30:40+00:00,3
2026-03-07T20:30:55+00:00,3
2026-03-07T20:31:10+00:00,3
2026-03-07T20:47:48+00:00,3
2026-03-07T21:03:34+00:00,3
2026-03-07T21:04:02+00:00,3
2026-03-07T21:04:18+00:00,3
2026-03-07T21:22:33+00:00,3
2026-03-07T21:22:48+00:00,3
2026-03-07T21:37:51+00:00,3
2026-03-07T21:38:11+00:00,3
2026-03-07T21:48:31+00:00,3
2026-03-07T21:49:17+00:00,3
2026-03-07T22:19:55+00:00,0
2026-03-07T22:20:44+00:00,0
2026-03-07T22:56:02+00:00,1
2026-03-07T23:26:17+00:00,3
2026-03-08T00:22:25+00:00,0
2026-03-08T00:22:41+00:00,0
2026-03-08T00:24:05+00:00,0
2026-03-08T00:24:20+00:00,0
2026-03-08T00:26:52+00:00,0
2026-03-08T00:27:10+00:00,0
2026-03-08T00:32:42+00:00,0
2026-03-08T00:32:57+00:00,0
2026-03-08T00:33:16+00:00,0
2026-03-08T00:33:31+00:00,0
2026-03-08T00:33:46+00:00,0
2026-03-08T00:34:01+00:00,0
2026-03-08T00:34:41+00:00,0
2026-03-08T00:36:27+00:00,0
2026-03-08T00:40:20+00:00,0
2026-03-08T00:40:35+00:00,0
2026-03-08T00:40:50+00:00,0
2026-03-08T00:42:33+00:00,0
2026-03-08T00:42:48+00:00,0
2026-03-08T00:57:59+00:00,0
2026-03-08T00:59:14+00:00,0
2026-03-08T00:59:40+00:00,0
2026-03-08T00:59:55+00:00,0
2026-03-08T01:10:53+00:00,0
2026-03-08T01:11:12+00:00,0
2026-03-08T01:53:29+00:00,3
2026-03-08T01:53:57+00:00,3
2026-03-08T01:56:17+00:00,3
2026-03-08T01:57:50+00:00,3
2026-03-08T02:14:00+00:00,3
2026-03-08T02:14:16+00:00,3
2026-03-08T04:00:00+00:00,0
2026-03-08T09:10:33+00:00,1
2026-03-08T09:11:03+00:00,1
2026-03-08T09:11:18+00:00,1
2026-03-08T09:11:58+00:00,1
2026-03-08T09:14:17+00:00,1
2026-03-08T09:14:32+00:00,1
2026-03-08T09:14:48+00:00,1
2026-03-08T09:15:06+00:00,1
2026-03-08T09:15:33+00:00,1
2026-03-08T09:19:25+00:00,1
2026-03-08T09:21:07+00:00,3
2026-03-08T09:21:37+00:00,3
2026-03-08T09:23:38+00:00,3
2026-03-08T09:24:59+00:00,3
2026-03-08T09:25:15+00:00,3
2026-03-08T09:25:30+00:00,3
2026-03-08T09:37:20+00:00,3
2026-03-08T09:41:45+00:00,3
2026-03-08T09:42:01+00:00,3
2026-03-08T09:45:47+00:00,3
2026-03-08T09:53:20+00:00,0
2026-03-08T09:53:54+00:00,0
2026-03-08T09:54:09+00:00,0
2026-03-08T10:21:21+00:00,0
2026-03-08T10:26:01+00:00,0
2026-03-08T11:27:40+00:00,3
2026-03-08T11:28:01+00:00,3
2026-03-08T11:28:21+00:00,3
2026-03-08T11:30:28+00:00,3
2026-03-08T11:30:43+00:00,3
2026-03-08T11:33:10+00:00,3
2026-03-08T12:04:25+00:00,3
2026-03-08T12:05:17+00:00,3
2026-03-08T12:46:32+00:00,3
2026-03-08T12:46:47+00:00,3
2026-03-08T13:03:27+00:00,3
2026-03-08T13:03:42+00:00,3
2026-03-08T13:05:29+00:00,3
2026-03-08T13:10:27+00:00,3
2026-03-08T13:11:14+00:00,3
2026-03-08T13:11:29+00:00,3
2026-03-08T14:00:07+00:00,3
2026-03-08T14:00:22+00:00,3
2026-03-08T14:03:58+00:00,3
2026-03-08T14:04:35+00:00,3
2026-03-08T14:04:50+00:00,3
2026-03-08T14:05:05+00:00,3
2026-03-08T14:30:40+00:00,3
2026-03-08T14:33:44+00:00,3
2026-03-08T14:34:40+00:00,3
2026-03-08T14:35:03+00:00,3
2026-03-08T14:38:59+00:00,3
2026-03-08T15:20:51+00:00,3
2026-03-08T15:21:34+00:00,3
2026-03-08T16:00:06+00:00,3
2026-03-08T16:08:34+00:00,3
2026-03-08T16:47:37+00:00,3
2026-03-08T16:50:00+00:00,3
2026-03-08T16:50:15+00:00,3
2026-03-08T16:51:01+00:00,3
2026-03-08T17:07:28+00:00,3
2026-03-08T17:07:43+00:00,3
2026-03-08T17:18:55+00:00,3
2026-03-08T17:19:11+00:00,3
2026-03-08T17:19:27+00:00,3
2026-03-08T17:29:39+00:00,3
2026-03-08T17:29:54+00:00,3
2026-03-08T17:30:11+00:00,3
2026-03-08T17:30:47+00:00,3
2026-03-08T17:35:32+00:00,3
2026-03-08T17:41:45+00:00,3
2026-03-08T17:42:00+00:00,3
2026-03-08T18:07:58+00:00,2
2026-03-08T18:08:50+00:00,2
2026-03-08T18:50:05+00:00,3
2026-03-08T18:50:20+00:00,3
2026-03-08T19:21:57+00:00,3
2026-03-08T19:25:58+00:00,3
2026-03-08T19:26:30+00:00,3
2026-03-08T19:27:54+00:00,3
2026-03-08T19:28:09+00:00,3
2026-03-08T19:29:43+00:00,3
2026-03-08T19:32:54+00:00,1
2026-03-08T19:33:09+00:00,1
2026-03-08T19:39:00+00:00,1
2026-03-08T19:39:15+00:00,1
2026-03-08T19:39:54+00:00,1
2026-03-08T19:40:08+00:00,1
2026-03-08T19:43:54+00:00,1
2026-03-08T19:45:45+00:00,1
2026-03-08T19:46:21+00:00,1
2026-03-08T19:48:35+00:00,1
2026-03-08T19:48:49+00:00,1
2026-03-08T20:07:34+00:00,1
2026-03-08T20:08:31+00:00,1
2026-03-08T20:08:46+00:00,1
2026-03-08T20:10:28+00:00,1
2026-03-08T20:10:44+00:00,1
2026-03-08T20:10:59+00:00,1
2026-03-08T20:26:54+00:00,0
2026-03-08T20:27:09+00:00,0
2026-03-08T20:29:48+00:00,0
2026-03-08T20:30:04+00:00,0
2026-03-08T20:30:18+00:00,0
2026-03-08T20:30:33+00:00,0
2026-03-08T20:30:51+00:00,0
2026-03-08T21:04:34+00:00,0
2026-03-08T21:04:50+00:00,0
2026-03-08T21:19:51+00:00,0
2026-03-08T21:51:06+00:00,1
2026-03-08T21:51:21+00:00,1
2026-03-08T21:51:51+00:00,1
2026-03-08T22:01:06+00:00,1
2026-03-08T22:01:35+00:00,1
2026-03-08T22:01:50+00:00,1
2026-03-08T22:02:24+00:00,1
2026-03-08T22:02:44+00:00,1
2026-03-08T22:02:59+00:00,1
2026-03-08T22:08:17+00:00,1
2026-03-08T22:08:32+00:00,1
2026-03-08T22:10:50+00:00,0
2026-03-08T22:11:05+00:00,0
2026-03-08T22:18:21+00:00,0
2026-03-08T22:18:36+00:00,0
2026-03-08T22:20:44+00:00,2
2026-03-08T22:21:07+00:00,2
2026-03-08T22:23:31+00:00,2
2026-03-08T22:24:36+00:00,2
2026-03-08T22:24:53+00:00,2
2026-03-08T22:28:42+00:00,2
2026-03-08T22:28:57+00:00,2
2026-03-08T22:29:13+00:00,2
2026-03-08T22:44:13+00:00,1
2026-03-08T22:44:48+00:00,1
2026-03-08T22:45:03+00:00,1
2026-03-08T22:45:18+00:00,1
2026-03-08T22:59:36+00:00,0
2026-03-08T23:00:30+00:00,0
2026-03-08T23:01:29+00:00,0
2026-03-08T23:01:48+00:00,0
2026-03-08T23:02:37+00:00,0
2026-03-08T23:11:53+00:00,0
2026-03-08T23:12:08+00:00,0
2026-03-08T23:35:40+00:00,1
2026-03-08T23:42:33+00:00,1
2026-03-09T00:00:36+00:00,1
2026-03-09T00:00:51+00:00,1
2026-03-09T00:48:37+00:00,1
2026-03-09T00:48:52+00:00,1
2026-03-09T04:00:00+00:00,0
2026-03-09T08:38:51+00:00,0
2026-03-09T08:39:31+00:00,0
2026-03-09T08:39:46+00:00,0
2026-03-09T08:53:40+00:00,3
2026-03-09T08:53:55+00:00,3
2026-03-09T08:55:12+00:00,3
2026-03-09T08:56:57+00:00,3
2026-03-09T08:57:12+00:00,3
2026-03-09T08:57:54+00:00,3
2026-03-09T08:58:12+00:00,3
2026-03-09T08:59:51+00:00,3
2026-03-09T09:00:06+00:00,3
2026-03-09T09:00:21+00:00,3
2026-03-09T09:00:46+00:00,3
2026-03-09T09:01:37+00:00,3
2026-03-09T09:01:52+00:00,3
2026-03-09T09:57:32+00:00,2
2026-03-09T09:58:57+00:00,2
2026-03-09T09:59:16+00:00,2
2026-03-09T09:59:32+00:00,2
2026-03-09T10:00:06+00:00,3
2026-03-09T10:00:38+00:00,3
2026-03-09T10:01:10+00:00,3
2026-03-09T10:09:32+00:00,3
2026-03-09T10:10:01+00:00,3
2026-03-09T10:45:16+00:00,3
2026-03-09T10:45:31+00:00,3
2026-03-09T10:45:46+00:00,3
2026-03-09T10:46:14+00:00,3
2026-03-09T10:46:39+00:00,3
2026-03-09T10:46:54+00:00,3
2026-03-09T10:47:10+00:00,3
2026-03-09T10:47:33+00:00,3
2026-03-09T10:48:01+00:00,3
2026-03-09T11:05:43+00:00,3
2026-03-09T11:17:21+00:00,3
2026-03-09T11:17:37+00:00,3
2026-03-09T11:41:22+00:00,3
2026-03-09T11:42:09+00:00,3
2026-03-09T11:59:58+00:00,2
2026-03-09T12:13:43+00:00,2
2026-03-09T12:13:58+00:00,2
2026-03-09T12:23:22+00:00,2
2026-03-09T12:36:17+00:00,2
2026-03-09T12:37:08+00:00,2
2026-03-09T12:49:12+00:00,2
2026-03-09T12:55:20+00:00,2
2026-03-09T13:20:50+00:00,2
2026-03-09T13:21:39+00:00,2
2026-03-09T13:33:20+00:00,2
2026-03-09T13:43:29+00:00,2
2026-03-09T13:45:10+00:00,2
2026-03-09T13:45:32+00:00,2
2026-03-09T14:23:09+00:00,2
2026-03-09T14:33:44+00:00,2
2026-03-09T14:36:58+00:00,2
2026-03-09T14:37:41+00:00,2
2026-03-09T14:37:56+00:00,2
2026-03-09T14:38:27+00:00,2
2026-03-09T14:38:42+00:00,2
2026-03-09T14:40:12+00:00,2
2026-03-09T14:40:27+00:00,2
2026-03-09T14:40:42+00:00,2
2026-03-09T14:40:57+00:00,2
2026-03-09T14:41:13+00:00,2
2026-03-09T14:41:29+00:00,2
2026-03-09T14:42:46+00:00,2
2026-03-09T14:43:15+00:00,2
2026-03-09T14:44:51+00:00,2
2026-03-09T14:45:06+00:00,2
2026-03-09T14:46:01+00:00,2
2026-03-09T14:47:01+00:00,2
2026-03-09T14:49:09+00:00,2
2026-03-09T14:49:25+00:00,2
2026-03-09T14:49:40+00:00,2
2026-03-09T14:49:55+00:00,2
2026-03-09T14:50:10+00:00,2
2026-03-09T14:50:25+00:00,2
2026-03-09T18:59:45+00:00,1
2026-03-09T19:00:11+00:00,1
2026-03-09T19:00:26+00:00,1
2026-03-09T19:00:46+00:00,1
2026-03-09T19:01:02+00:00,1
2026-03-09T19:01:40+00:00,1
2026-03-09T19:02:15+00:00,1
2026-03-09T19:04:55+00:00,1
2026-03-09T19:05:10+00:00,1
2026-03-09T19:05:25+00:00,1
2026-03-09T19:06:53+00:00,1
2026-03-09T19:32:05+00:00,1
2026-03-09T19:35:58+00:00,1
2026-03-09T19:42:26+00:00,1
2026-03-09T19:48:42+00:00,1
2026-03-09T19:49:07+00:00,1
2026-03-09T19:49:22+00:00,1
2026-03-09T19:51:13+00:00,1
2026-03-09T19:51:28+00:00,1
2026-03-09T19:52:27+00:00,1
2026-03-09T20:01:10+00:00,2
2026-03-09T20:01:25+00:00,2
2026-03-09T20:01:40+00:00,2
2026-03-09T20:01:55+00:00,2
2026-03-09T20:29:35+00:00,2
2026-03-09T20:30:06+00:00,2
2026-03-09T20:31:23+00:00,2
2026-03-09T20:51:22+00:00,0
2026-03-09T20:51:57+00:00,0
2026-03-09T21:13:21+00:00,0
2026-03-09T21:14:37+00:00,0
2026-03-09T21:34:06+00:00,0
2026-03-09T21:36:39+00:00,0
2026-03-09T22:16:26+00:00,2
2026-03-09T23:33:31+00:00,0
2026-03-09T23:34:47+00:00,0
2026-03-10T00:17:08+00:00,0
2026-03-10T00:43:41+00:00,3
2026-03-10T00:45:11+00:00,3
2026-03-10T00:45:26+00:00,3
2026-03-10T00:52:16+00:00,3
2026-03-10T00:52:35+00:00,3
2026-03-10T00:54:02+00:00,3
2026-03-10T01:07:00+00:00,3
2026-03-10T01:07:15+00:00,3
2026-03-10T01:07:30+00:00,3
2026-03-10T01:07:45+00:00,3
2026-03-10T01:15:23+00:00,1
2026-03-10T01:16:39+00:00,1
2026-03-10T01:16:54+00:00,1
2026-03-10T01:17:09+00:00,1
2026-03-10T01:18:25+00:00,1
2026-03-10T01:31:33+00:00,1
2026-03-10T04:00:00+00:00,1
2026-03-10T09:46:59+00:00,0
2026-03-10T09:50:39+00:00,1
2026-03-10T09:51:09+00:00,1
2026-03-10T09:52:54+00:00,1
2026-03-10T09:54:17+00:00,1
2026-03-10T09:56:03+00:00,1
2026-03-10T09:56:18+00:00,1
2026-03-10T09:56:41+00:00,1
2026-03-10T09:59:50+00:00,1
2026-03-10T10:00:05+00:00,2
2026-03-10T10:27:55+00:00,2
2026-03-10T10:30:33+00:00,3
2026-03-10T10:34:54+00:00,3
2026-03-10T10:35:22+00:00,3
2026-03-10T10:35:37+00:00,3
2026-03-10T10:35:53+00:00,3
2026-03-10T10:36:21+00:00,3
2026-03-10T10:41:24+00:00,3
2026-03-10T10:44:05+00:00,3
2026-03-10T10:59:11+00:00,3
2026-03-10T10:59:44+00:00,3
2026-03-10T10:59:59+00:00,3
2026-03-10T11:06:22+00:00,2
2026-03-10T11:13:04+00:00,2
2026-03-10T11:15:03+00:00,2
2026-03-10T11:15:51+00:00,2
2026-03-10T11:16:57+00:00,2
2026-03-10T11:17:12+00:00,2
2026-03-10T11:19:25+00:00,2
2026-03-10T11:35:27+00:00,2
2026-03-10T11:35:42+00:00,2
2026-03-10T11:35:57+00:00,2
2026-03-10T11:36:58+00:00,2
2026-03-10T11:59:20+00:00,2
2026-03-10T12:12:43+00:00,2
2026-03-10T12:12:58+00:00,2
2026-03-10T12:13:13+00:00,2
2026-03-10T12:34:16+00:00,1
2026-03-10T12:34:53+00:00,1
2026-03-10T12:46:55+00:00,1
2026-03-10T12:47:11+00:00,1
2026-03-10T12:48:17+00:00,1
2026-03-10T12:50:17+00:00,1
2026-03-10T12:50:32+00:00,1
2026-03-10T12:51:03+00:00,1
2026-03-10T12:51:18+00:00,1
2026-03-10T13:01:13+00:00,1
2026-03-10T13:15:37+00:00,1
2026-03-10T13:15:57+00:00,1
2026-03-10T13:16:44+00:00,1
2026-03-10T13:17:13+00:00,1
2026-03-10T13:18:11+00:00,1
2026-03-10T13:18:33+00:00,1
2026-03-10T13:32:45+00:00,0
2026-03-10T13:33:23+00:00,0
2026-03-10T13:58:15+00:00,0
2026-03-10T13:58:30+00:00,0
2026-03-10T14:16:25+00:00,0
2026-03-10T14:20:10+00:00,0
2026-03-10T14:20:25+00:00,0
2026-03-10T14:27:58+00:00,0
2026-03-10T14:28:14+00:00,0
2026-03-10T14:28:29+00:00,0
2026-03-10T14:28:44+00:00,0
2026-03-10T14:29:26+00:00,0
2026-03-10T14:29:42+00:00,0
2026-03-10T14:48:27+00:00,0
2026-03-10T14:49:18+00:00,0
2026-03-10T15:41:44+00:00,0
2026-03-10T15:42:40+00:00,0
2026-03-10T15:43:05+00:00,0
2026-03-10T15:43:29+00:00,0
2026-03-10T15:45:04+00:00,0
2026-03-10T15:56:12+00:00,0
2026-03-10T15:56:29+00:00,0
2026-03-10T15:56:47+00:00,0
2026-03-10T16:33:40+00:00,0
2026-03-10T16:34:23+00:00,0
2026-03-10T16:44:01+00:00,0
2026-03-10T17:16:44+00:00,0
2026-03-10T17:17:44+00:00,0
2026-03-10T17:18:16+00:00,0
2026-03-10T17:18:31+00:00,0
2026-03-10T17:18:46+00:00,0
2026-03-10T17:19:01+00:00,0
2026-03-10T17:19:16+00:00,0
2026-03-10T17:21:11+00:00,1
2026-03-10T17:47:56+00:00,1
2026-03-10T17:48:11+00:00,1
2026-03-10T17:48:26+00:00,1
2026-03-10T17:48:41+00:00,1
2026-03-10T17:48:56+00:00,1
2026-03-10T18:31:20+00:00,1
2026-03-10T18:31:36+00:00,1
2026-03-10T18:32:09+00:00,1
2026-03-10T18:32:39+00:00,1
2026-03-10T18:32:54+00:00,1
2026-03-10T18:33:09+00:00,1
2026-03-10T18:33:55+00:00,1
2026-03-10T18:39:15+00:00,1
2026-03-10T18:51:23+00:00,0
2026-03-10T18:56:29+00:00,0
2026-03-10T19:02:37+00:00,0
2026-03-10T19:02:56+00:00,0
2026-03-10T19:03:12+00:00,0
2026-03-10T19:10:39+00:00,0
2026-03-10T19:11:14+00:00,0
2026-03-10T20:11:05+00:00,0
2026-03-10T20:11:23+00:00,0
2026-03-10T20:12:54+00:00,0
2026-03-10T21:09:27+00:00,0
2026-03-10T21:09:48+00:00,0
2026-03-10T21:23:41+00:00,0
2026-03-10T21:25:17+00:00,0
2026-03-10T21:25:51+00:00,0
2026-03-10T21:26:06+00:00,0
2026-03-10T21:40:54+00:00,0
2026-03-10T21:41:09+00:00,0
2026-03-10T21:43:25+00:00,0
2026-03-10T21:43:48+00:00,0
2026-03-11T00:19:51+00:00,0
2026-03-11T00:20:31+00:00,0
2026-03-11T04:00:00+00:00,0
2026-03-11T09:23:20+00:00,1
2026-03-11T09:24:46+00:00,1
2026-03-11T09:28:52+00:00,1
2026-03-11T09:29:06+00:00,1
2026-03-11T09:30:13+00:00,1
2026-03-11T09:31:03+00:00,1
2026-03-11T10:05:31+00:00,0
2026-03-11T10:05:54+00:00,0
2026-03-11T10:21:09+00:00,0
2026-03-11T10:21:43+00:00,0
2026-03-11T10:24:41+00:00,0
2026-03-11T10:32:38+00:00,0
2026-03-11T11:04:03+00:00,2
2026-03-11T11:05:18+00:00,2
2026-03-11T11:10:21+00:00,2
2026-03-11T11:13:39+00:00,2
2026-03-11T12:09:29+00:00,0
2026-03-11T12:15:26+00:00,0
2026-03-11T12:15:46+00:00,0
2026-03-11T12:16:06+00:00,0
2026-03-11T12:25:40+00:00,0
2026-03-11T13:03:38+00:00,0
2026-03-11T13:03:53+00:00,0
2026-03-11T13:04:50+00:00,0
2026-03-11T13:05:30+00:00,0
2026-03-11T13:10:29+00:00,1
2026-03-11T13:27:47+00:00,1
2026-03-11T13:28:54+00:00,1
2026-03-11T13:48:32+00:00,1
2026-03-11T13:57:08+00:00,0
2026-03-11T13:57:35+00:00,0
2026-03-11T13:57:55+00:00,0
2026-03-11T13:58:10+00:00,0
2026-03-11T13:58:52+00:00,0
2026-03-11T14:22:50+00:00,0
2026-03-11T14:23:05+00:00,0
2026-03-11T14:42:48+00:00,0
2026-03-11T14:44:19+00:00,0
2026-03-11T14:45:25+00:00,0
2026-03-11T14:49:07+00:00,0
2026-03-11T14:58:53+00:00,0
2026-03-11T14:59:17+00:00,0
2026-03-11T15:00:25+00:00,0
2026-03-11T15:01:01+00:00,0
2026-03-11T15:01:49+00:00,0
2026-03-11T15:02:05+00:00,0
2026-03-11T15:02:20+00:00,0
2026-03-11T15:02:35+00:00,0
2026-03-11T15:02:57+00:00,0
2026-03-11T15:03:12+00:00,0
2026-03-11T15:03:27+00:00,0
2026-03-11T15:04:01+00:00,0
2026-03-11T15:04:16+00:00,0
2026-03-11T15:26:43+00:00,0
2026-03-11T15:36:40+00:00,0
2026-03-11T15:51:17+00:00,0
2026-03-11T15:51:33+00:00,0
2026-03-11T16:00:56+00:00,0
2026-03-11T16:01:16+00:00,0
2026-03-11T16:01:31+00:00,0
2026-03-11T16:27:53+00:00,1
2026-03-11T16:28:08+00:00,1
2026-03-11T16:28:23+00:00,1
2026-03-11T16:29:43+00:00,1
2026-03-11T16:29:58+00:00,1
2026-03-11T16:34:42+00:00,1
2026-03-11T16:35:11+00:00,1
2026-03-11T16:35:26+00:00,1
2026-03-11T16:36:48+00:00,1
2026-03-11T16:43:32+00:00,1
2026-03-11T16:43:59+00:00,1
2026-03-11T18:10:48+00:00,1
2026-03-11T18:12:07+00:00,1
2026-03-11T19:06:07+00:00,1
2026-03-11T19:07:30+00:00,1
2026-03-11T19:09:43+00:00,1
2026-03-11T19:10:32+00:00,1
2026-03-11T19:24:45+00:00,1
2026-03-11T19:25:16+00:00,1
2026-03-11T19:26:07+00:00,1
2026-03-11T19:26:43+00:00,1
2026-03-11T19:26:58+00:00,1
2026-03-11T19:27:15+00:00,1
2026-03-11T19:28:44+00:00,1
2026-03-11T19:29:03+00:00,1
2026-03-11T19:30:07+00:00,2
2026-03-11T19:30:22+00:00,2
2026-03-11T19:33:53+00:00,2
2026-03-11T19:34:08+00:00,2
2026-03-11T19:34:23+00:00,2
2026-03-11T20:34:39+00:00,0
2026-03-11T20:36:10+00:00,0
2026-03-11T20:47:13+00:00,0
2026-03-11T20:48:41+00:00,0
2026-03-11T20:49:11+00:00,0
2026-03-11T20:49:30+00:00,0
2026-03-11T21:23:44+00:00,0
2026-03-11T21:25:03+00:00,0
2026-03-11T21:28:10+00:00,0
2026-03-11T21:33:09+00:00,1
2026-03-11T21:33:29+00:00,1
2026-03-11T21:34:19+00:00,1
2026-03-11T21:37:13+00:00,1
2026-03-11T21:37:28+00:00,1
2026-03-11T21:37:43+00:00,1
2026-03-11T21:38:06+00:00,1
2026-03-11T21:48:11+00:00,1
2026-03-11T21:49:07+00:00,1
2026-03-11T22:11:22+00:00,0
2026-03-11T22:11:37+00:00,0
2026-03-11T22:11:52+00:00,0
2026-03-11T22:12:19+00:00,0
2026-03-11T22:13:00+00:00,0
2026-03-11T22:13:15+00:00,0
2026-03-11T22:13:30+00:00,0
2026-03-11T22:13:54+00:00,0
2026-03-11T22:14:09+00:00,0
2026-03-11T22:14:24+00:00,0
2026-03-11T22:14:39+00:00,0
2026-03-11T22:14:54+00:00,0
2026-03-11T22:15:09+00:00,0
2026-03-11T22:15:25+00:00,0
2026-03-11T22:15:40+00:00,0
2026-03-11T22:16:12+00:00,0
2026-03-11T22:16:28+00:00,0
2026-03-11T22:16:42+00:00,0
2026-03-11T22:16:57+00:00,0
2026-03-11T22:17:12+00:00,0
2026-03-11T22:17:27+00:00,0
2026-03-11T22:17:44+00:00,0
2026-03-11T22:17:59+00:00,0
2026-03-11T22:42:27+00:00,1
2026-03-11T22:42:42+00:00,1
2026-03-11T22:42:57+00:00,1
2026-03-11T22:43:12+00:00,1
2026-03-11T22:43:30+00:00,1
2026-03-11T22:43:51+00:00,1
2026-03-11T22:44:06+00:00,1
2026-03-11T22:44:39+00:00,1
2026-03-11T22:45:09+00:00,1
2026-03-11T22:46:13+00:00,1
2026-03-11T22:46:28+00:00,1
2026-03-11T22:49:20+00:00,1
2026-03-11T22:49:42+00:00,1
2026-03-11T22:50:12+00:00,1
2026-03-11T22:50:41+00:00,1
2026-03-11T22:50:56+00:00,1
2026-03-11T22:51:21+00:00,1
2026-03-11T22:58:41+00:00,1
2026-03-11T22:59:15+00:00,1
2026-03-11T23:00:23+00:00,0
2026-03-11T23:01:06+00:00,0
2026-03-11T23:02:40+00:00,0
2026-03-11T23:13:42+00:00,0
2026-03-11T23:13:57+00:00,0
2026-03-11T23:44:02+00:00,0
2026-03-11T23:44:17+00:00,0
2026-03-12T04:00:00+00:00,0
2026-03-12T09:28:05+00:00,1
2026-03-12T09:29:49+00:00,1
2026-03-12T09:37:02+00:00,1
2026-03-12T09:37:21+00:00,1
2026-03-12T09:51:34+00:00,1
2026-03-12T09:52:02+00:00,1
2026-03-12T10:03:28+00:00,1
2026-03-12T10:04:54+00:00,1
2026-03-12T10:05:09+00:00,1
2026-03-12T10:18:22+00:00,1
2026-03-12T10:30:21+00:00,1
2026-03-12T10:33:21+00:00,1
2026-03-12T10:39:34+00:00,1
2026-03-12T10:42:20+00:00,1
2026-03-12T10:43:36+00:00,1
2026-03-12T10:43:56+00:00,1
2026-03-12T11:09:57+00:00,0
2026-03-12T11:10:15+00:00,0
2026-03-12T11:23:14+00:00,0
2026-03-12T11:23:29+00:00,0
2026-03-12T11:33:59+00:00,0
2026-03-12T11:37:05+00:00,0
2026-03-12T12:22:30+00:00,1
2026-03-12T12:24:05+00:00,1
2026-03-12T12:42:48+00:00,1
2026-03-12T12:43:46+00:00,1
2026-03-12T13:17:54+00:00,1
2026-03-12T13:59:24+00:00,1
2026-03-12T14:04:34+00:00,1
2026-03-12T14:15:35+00:00,1
2026-03-12T14:15:50+00:00,1
2026-03-12T14:16:10+00:00,1
2026-03-12T14:17:19+00:00,1
2026-03-12T14:34:16+00:00,2
2026-03-12T14:37:56+00:00,2
2026-03-12T14:38:53+00:00,2
2026-03-12T14:39:09+00:00,2
2026-03-12T15:05:40+00:00,1
2026-03-12T15:05:55+00:00,1
2026-03-12T15:06:41+00:00,1
2026-03-12T15:06:56+00:00,1
2026-03-12T15:07:11+00:00,1
2026-03-12T15:07:58+00:00,1
2026-03-12T15:09:00+00:00,1
2026-03-12T15:23:09+00:00,2
2026-03-12T15:23:40+00:00,2
2026-03-12T15:47:26+00:00,2
2026-03-12T15:49:02+00:00,2
2026-03-12T17:01:50+00:00,0
2026-03-12T17:02:05+00:00,0
2026-03-12T17:03:20+00:00,0
2026-03-12T17:07:38+00:00,0
2026-03-12T17:10:30+00:00,0
2026-03-12T17:15:49+00:00,0
2026-03-12T17:16:24+00:00,0
2026-03-12T17:16:46+00:00,0
2026-03-12T17:17:02+00:00,0
2026-03-12T17:18:08+00:00,0
2026-03-12T17:31:22+00:00,0
2026-03-12T17:32:08+00:00,0
2026-03-12T17:46:50+00:00,1
2026-03-12T17:47:22+00:00,1
2026-03-12T17:48:20+00:00,1
2026-03-12T17:51:17+00:00,1
2026-03-12T17:51:32+00:00,1
2026-03-12T17:51:47+00:00,1
2026-03-12T18:34:59+00:00,1
2026-03-12T18:36:21+00:00,1
2026-03-12T18:36:50+00:00,1
2026-03-12T18:46:20+00:00,1
2026-03-12T18:46:48+00:00,1
2026-03-12T18:47:03+00:00,1
2026-03-12T18:54:34+00:00,1
2026-03-12T19:12:51+00:00,0
2026-03-12T19:28:22+00:00,1
2026-03-12T19:47:50+00:00,0
2026-03-12T20:40:13+00:00,0
2026-03-12T20:49:41+00:00,0
2026-03-12T21:01:29+00:00,0
2026-03-12T21:12:30+00:00,1
2026-03-12T21:13:04+00:00,1
2026-03-12T22:04:38+00:00,2
2026-03-12T22:05:22+00:00,2
2026-03-12T22:06:00+00:00,2
2026-03-12T22:07:27+00:00,2
2026-03-12T22:07:42+00:00,2
2026-03-12T22:11:21+00:00,1
2026-03-12T22:11:43+00:00,1
2026-03-12T22:15:43+00:00,1
2026-03-12T22:36:44+00:00,0
2026-03-12T22:40:30+00:00,0
2026-03-12T22:42:05+00:00,0
2026-03-12T22:55:42+00:00,0
2026-03-12T23:16:02+00:00,0
2026-03-12T23:17:48+00:00,0
2026-03-12T23:18:03+00:00,0
2026-03-12T23:37:33+00:00,0
2026-03-12T23:38:37+00:00,0
2026-03-13T00:16:20+00:00,0
2026-03-13T01:17:05+00:00,0
2026-03-13T02:01:50+00:00,0
2026-03-13T02:02:48+00:00,0
2026-03-13T02:03:49+00:00,0
2026-03-13T02:04:07+00:00,0
2026-03-13T02:07:02+00:00,0
2026-03-13T04:00:00+00:00,0
2026-03-13T09:17:55+00:00,0
2026-03-13T09:18:10+00:00,0
2026-03-13T09:18:27+00:00,0
2026-03-13T09:31:03+00:00,1
2026-03-13T09:31:24+00:00,1
2026-03-13T09:31:39+00:00,1
2026-03-13T09:32:30+00:00,1
2026-03-13T09:33:12+00:00,1
2026-03-13T09:33:45+00:00,1
2026-03-13T10:03:03+00:00,1
2026-03-13T10:03:18+00:00,1
2026-03-13T10:16:45+00:00,2
2026-03-13T10:18:59+00:00,2
2026-03-13T10:19:14+00:00,2
2026-03-13T10:23:40+00:00,2
2026-03-13T10:23:55+00:00,2
2026-03-13T10:25:53+00:00,2
2026-03-13T10:27:01+00:00,2
2026-03-13T10:27:31+00:00,2
2026-03-13T10:27:52+00:00,2
2026-03-13T10:28:43+00:00,2
2026-03-13T10:29:19+00:00,2
2026-03-13T10:30:09+00:00,2
2026-03-13T10:42:09+00:00,1
2026-03-13T10:42:52+00:00,1
2026-03-13T10:43:07+00:00,1
2026-03-13T10:43:22+00:00,1
2026-03-13T10:45:05+00:00,1
2026-03-13T10:45:20+00:00,1
2026-03-13T10:45:36+00:00,1
2026-03-13T10:45:51+00:00,1
2026-03-13T11:05:58+00:00,0
2026-03-13T11:06:13+00:00,0
2026-03-13T11:14:32+00:00,0
2026-03-13T11:14:47+00:00,0
2026-03-13T13:05:39+00:00,0
2026-03-13T13:13:46+00:00,0
2026-03-13T13:16:06+00:00,0
2026-03-13T13:16:21+00:00,0
2026-03-13T13:16:36+00:00,0
2026-03-13T13:16:51+00:00,0
2026-03-13T13:17:13+00:00,0
2026-03-13T13:17:29+00:00,0
2026-03-13T13:19:52+00:00,0
2026-03-13T13:20:06+00:00,1
2026-03-13T13:21:48+00:00,1
2026-03-13T13:22:03+00:00,1
2026-03-13T13:22:19+00:00,1
2026-03-13T14:06:00+00:00,0
2026-03-13T14:16:57+00:00,0
2026-03-13T14:21:09+00:00,0
2026-03-13T14:21:24+00:00,0
2026-03-13T14:22:00+00:00,0
2026-03-13T14:22:16+00:00,0
2026-03-13T14:22:31+00:00,0
2026-03-13T14:23:25+00:00,0
2026-03-13T14:23:40+00:00,0
2026-03-13T14:24:15+00:00,0
2026-03-13T14:24:30+00:00,0
2026-03-13T14:25:32+00:00,0
2026-03-13T14:25:47+00:00,0
2026-03-13T14:26:02+00:00,0
2026-03-13T15:01:45+00:00,0
2026-03-13T15:02:05+00:00,0
2026-03-13T15:02:20+00:00,0
2026-03-13T15:04:41+00:00,0
2026-03-13T15:16:25+00:00,0
2026-03-13T15:16:40+00:00,0
2026-03-13T15:22:21+00:00,0
2026-03-13T15:22:36+00:00,0
2026-03-13T15:23:08+00:00,0
2026-03-13T15:23:23+00:00,0
2026-03-13T15:24:00+00:00,0
2026-03-13T15:43:40+00:00,0
2026-03-13T15:44:38+00:00,0
2026-03-13T15:44:53+00:00,0
2026-03-13T15:45:08+00:00,0
2026-03-13T16:51:33+00:00,0
2026-03-13T16:51:48+00:00,0
2026-03-13T17:27:16+00:00,0
2026-03-13T17:28:54+00:00,0
2026-03-13T17:29:09+00:00,0
2026-03-13T17:29:32+00:00,0
2026-03-13T17:29:47+00:00,0
2026-03-13T17:30:02+00:00,0
2026-03-13T18:13:34+00:00,0
2026-03-13T18:13:49+00:00,0
2026-03-13T18:18:07+00:00,0
2026-03-13T18:19:11+00:00,0
2026-03-13T18:19:35+00:00,0
2026-03-13T18:20:07+00:00,0
2026-03-13T18:20:22+00:00,0
2026-03-13T18:26:41+00:00,0
2026-03-13T18:36:23+00:00,0
2026-03-13T18:36:38+00:00,0
2026-03-13T18:37:28+00:00,0
2026-03-13T18:37:43+00:00,0
2026-03-13T18:44:54+00:00,0
2026-03-13T18:48:15+00:00,0
2026-03-13T20:08:04+00:00,1
2026-03-13T20:08:19+00:00,1
2026-03-13T20:17:54+00:00,1
2026-03-13T20:18:12+00:00,1
2026-03-13T20:32:15+00:00,1
2026-03-13T20:33:28+00:00,1
2026-03-13T22:45:45+00:00,0
2026-03-13T22:47:28+00:00,0
2026-03-13T23:04:32+00:00,0
2026-03-13T23:05:20+00:00,0
2026-03-13T23:07:00+00:00,0
2026-03-13T23:07:22+00:00,0
2026-03-13T23:07:37+00:00,0
2026-03-13T23:08:15+00:00,0
2026-03-13T23:54:13+00:00,0
2026-03-13T23:54:28+00:00,0
2026-03-13T23:57:18+00:00,0
2026-03-13T23:57:29+00:00,0
2026-03-13T23:58:34+00:00,0
2026-03-13T23:58:49+00:00,0
2026-03-13T23:59:04+00:00,0
2026-03-13T23:59:19+00:00,0
2026-03-13T23:59:54+00:00,0
2026-03-14T00:00:09+00:00,0
2026-03-14T00:02:18+00:00,0
2026-03-14T00:02:33+00:00,0
2026-03-14T00:03:48+00:00,0
2026-03-14T00:04:04+00:00,0
2026-03-14T00:05:24+00:00,0
2026-03-14T00:05:54+00:00,0
2026-03-14T00:06:09+00:00,0
2026-03-14T00:06:24+00:00,0
2026-03-14T01:03:50+00:00,0
2026-03-14T01:07:02+00:00,0
2026-03-14T01:08:52+00:00,0
2026-03-14T01:10:06+00:00,0
2026-03-14T01:10:21+00:00,0
2026-03-14T01:17:04+00:00,0
2026-03-14T01:17:19+00:00,0
2026-03-14T01:28:00+00:00,0
2026-03-14T01:28:24+00:00,0
2026-03-14T01:33:06+00:00,0
2026-03-14T01:33:21+00:00,0
2026-03-14T01:33:36+00:00,0
2026-03-14T01:33:52+00:00,0
2026-03-14T01:34:07+00:00,0
2026-03-14T01:34:31+00:00,0
2026-03-14T01:35:20+00:00,0
2026-03-14T01:35:36+00:00,0
2026-03-14T01:36:31+00:00,0
2026-03-14T01:37:15+00:00,0
2026-03-14T01:37:30+00:00,0
2026-03-14T01:38:08+00:00,0
2026-03-14T01:38:23+00:00,0
2026-03-14T01:47:11+00:00,0
2026-03-14T01:47:46+00:00,0
2026-03-14T01:48:09+00:00,0
2026-03-14T01:48:24+00:00,0
2026-03-14T01:55:59+00:00,1
2026-03-14T01:56:43+00:00,1
2026-03-14T01:56:58+00:00,1
2026-03-14T01:58:09+00:00,1
2026-03-14T01:58:24+00:00,1
2026-03-14T01:58:39+00:00,1
2026-03-14T02:03:17+00:00,1
2026-03-14T02:03:32+00:00,1
2026-03-14T02:05:25+00:00,1
2026-03-14T02:05:40+00:00,1
2026-03-14T02:06:02+00:00,1
2026-03-14T02:07:00+00:00,1
2026-03-14T02:07:15+00:00,1
2026-03-14T02:07:30+00:00,1
2026-03-14T02:07:45+00:00,1
2026-03-14T04:00:00+00:00,0
2026-03-14T05:03:59+00:00,0
2026-03-14T05:05:21+00:00,0
2026-03-14T10:11:22+00:00,2
2026-03-14T10:11:37+00:00,2
2026-03-14T10:21:53+00:00,2
2026-03-14T10:22:17+00:00,2
2026-03-14T10:30:59+00:00,2
2026-03-14T10:32:19+00:00,2
2026-03-14T10:33:39+00:00,2
2026-03-14T10:33:54+00:00,2
2026-03-14T10:34:11+00:00,2
2026-03-14T10:35:42+00:00,2
2026-03-14T10:35:57+00:00,2
2026-03-14T10:38:34+00:00,2
2026-03-14T10:40:41+00:00,2
2026-03-14T10:42:06+00:00,2
2026-03-14T10:44:46+00:00,2
2026-03-14T10:46:57+00:00,2
2026-03-14T10:47:12+00:00,2
2026-03-14T10:47:28+00:00,2
2026-03-14T10:47:43+00:00,2
2026-03-14T10:53:25+00:00,1
2026-03-14T10:53:50+00:00,1
2026-03-14T10:54:56+00:00,1
2026-03-14T10:55:27+00:00,1
2026-03-14T10:56:03+00:00,1
2026-03-14T11:13:53+00:00,1
2026-03-14T11:21:26+00:00,1
2026-03-14T11:23:28+00:00,1
2026-03-14T11:29:26+00:00,1
2026-03-14T11:30:52+00:00,1
2026-03-14T11:31:07+00:00,1
