created_at,outdoor_temp_c,outdoor_humidity_percent
2026-02-26T00:04:04+00:00,11.4,83
2026-02-26T00:09:58+00:00,11.4,83
2026-02-26T00:16:26+00:00,11.2,83
2026-02-26T00:21:55+00:00,11.2,83
2026-02-26T00:28:37+00:00,11.2,83
2026-02-26T00:34:20+00:00,11.1,83
2026-02-26T00:40:30+00:00,11.1,83
2026-02-26T00:46:43+00:00,11,83
2026-02-26T00:52:22+00:00,11,83
2026-02-26T00:58:26+00:00,11,83
2026-02-26T01:03:56+00:00,11,83
2026-02-26T01:09:55+00:00,11,83
2026-02-26T01:15:55+00:00,10.8,83
2026-02-26T01:21:57+00:00,10.8,83
2026-02-26T01:28:04+00:00,10.9,82
2026-02-26T01:34:04+00:00,10.7,82
2026-02-26T01:39:59+00:00,10.7,82
2026-02-26T01:46:34+00:00,10.5,83
2026-02-26T01:51:57+00:00,10.5,83
2026-02-26T01:58:23+00:00,10.5,83
2026-02-26T02:05:03+00:00,10.4,83
2026-02-26T02:15:54+00:00,10.3,83
2026-02-26T02:21:55+00:00,10.3,83
2026-02-26T02:27:53+00:00,10.3,83
2026-02-26T02:33:54+00:00,10.1,84
2026-02-26T02:39:53+00:00,10.1,84
2026-02-26T02:45:53+00:00,10,85
2026-02-26T02:52:06+00:00,10,85
2026-02-26T02:57:54+00:00,10,85
2026-02-26T03:03:54+00:00,9.9,85
2026-02-26T03:09:53+00:00,9.9,85
2026-02-26T03:15:53+00:00,9.800000000000001,85
2026-02-26T03:22:02+00:00,9.800000000000001,85
2026-02-26T03:27:53+00:00,9.800000000000001,85
2026-02-26T03:33:55+00:00,9.6,86
2026-02-26T03:39:53+00:00,9.6,86
2026-02-26T03:45:53+00:00,9.5,86
2026-02-26T03:51:56+00:00,9.5,86
2026-02-26T03:57:54+00:00,9.5,86
2026-02-26T04:03:54+00:00,9.4,86
2026-02-26T04:09:53+00:00,9.4,86
2026-02-26T04:15:56+00:00,9.300000000000001,86
2026-02-26T04:21:55+00:00,9.300000000000001,86
2026-02-26T04:27:54+00:00,9.5,86
2026-02-26T04:33:54+00:00,9.300000000000001,86
2026-02-26T04:39:53+00:00,9.300000000000001,86
2026-02-26T04:45:53+00:00,9.199999999999999,86
2026-02-26T04:52:02+00:00,9.199999999999999,86
2026-02-26T04:57:53+00:00,9.199999999999999,86
2026-02-26T05:03:55+00:00,9.1,86
2026-02-26T05:09:54+00:00,9.1,86
2026-02-26T05:15:54+00:00,9,86
2026-02-26T05:22:04+00:00,9,86
2026-02-26T05:27:53+00:00,9,86
2026-02-26T05:33:54+00:00,8.9,87
2026-02-26T05:39:54+00:00,8.9,87
2026-02-26T05:45:53+00:00,8.9,88
2026-02-26T05:51:57+00:00,8.9,88
2026-02-26T05:57:53+00:00,8.9,88
2026-02-26T06:03:54+00:00,8.9,88
2026-02-26T06:09:53+00:00,8.9,88
2026-02-26T06:15:54+00:00,8.9,88
2026-02-26T06:21:55+00:00,8.9,88
2026-02-26T06:27:53+00:00,8.9,88
2026-02-26T06:33:54+00:00,8.9,88
2026-02-26T06:39:53+00:00,8.9,88
2026-02-26T06:45:53+00:00,9,87
2026-02-26T06:52:03+00:00,9,87
2026-02-26T06:57:53+00:00,9,87
2026-02-26T07:03:54+00:00,9,87
2026-02-26T07:09:53+00:00,9,87
2026-02-26T07:15:54+00:00,9.1,87
2026-02-26T07:21:54+00:00,9.1,87
2026-02-26T07:27:54+00:00,9.4,86
2026-02-26T07:33:55+00:00,9.5,86
2026-02-26T07:39:53+00:00,9.5,86
2026-02-26T07:45:54+00:00,9.6,85
2026-02-26T07:51:58+00:00,9.6,85
2026-02-26T07:57:56+00:00,9.6,85
2026-02-26T08:03:54+00:00,9.699999999999999,85
2026-02-26T08:09:53+00:00,9.699999999999999,85
2026-02-26T08:15:54+00:00,9.800000000000001,84
2026-02-26T08:21:59+00:00,9.800000000000001,84
2026-02-26T08:27:53+00:00,9.800000000000001,84
2026-02-26T08:33:54+00:00,10,83
2026-02-26T08:39:53+00:00,10,83
2026-02-26T08:45:54+00:00,10.2,83
2026-02-26T08:52:05+00:00,10.2,83
2026-02-26T08:57:53+00:00,10.2,83
2026-02-26T09:03:54+00:00,10.3,82
2026-02-26T09:09:54+00:00,10.3,82
2026-02-26T09:15:53+00:00,10.4,81
2026-02-26T09:27:53+00:00,10.4,81
2026-02-26T09:33:53+00:00,10.6,80
2026-02-26T09:39:54+00:00,10.6,80
2026-02-26T09:45:54+00:00,10.8,80
2026-02-26T10:03:55+00:00,10.9,79
2026-02-26T10:09:53+00:00,10.9,79
2026-02-26T10:15:54+00:00,11,79
2026-02-26T10:22:01+00:00,11,79
2026-02-26T10:27:54+00:00,10.9,79
2026-02-26T10:33:54+00:00,11,78
2026-02-26T10:39:53+00:00,11,78
2026-02-26T10:45:54+00:00,11.1,78
2026-02-26T10:51:56+00:00,11.1,78
2026-02-26T10:57:53+00:00,11.1,78
2026-02-26T11:03:56+00:00,11.1,78
2026-02-26T11:09:53+00:00,11.1,78
2026-02-26T11:15:54+00:00,11.3,78
2026-02-26T11:21:58+00:00,11.3,78
2026-02-26T11:27:53+00:00,11.3,78
2026-02-26T11:33:53+00:00,11.4,77
2026-02-26T11:39:53+00:00,11.4,77
2026-02-26T11:45:54+00:00,11.6,76
2026-02-26T11:51:56+00:00,11.6,76
2026-02-26T11:57:54+00:00,11.6,76
2026-02-26T12:03:54+00:00,11.7,76
2026-02-26T12:09:54+00:00,11.7,76
2026-02-26T12:15:53+00:00,11.9,75
2026-02-26T12:21:54+00:00,11.9,75
2026-02-26T12:27:54+00:00,11.9,75
2026-02-26T12:33:54+00:00,12.1,75
2026-02-26T12:39:53+00:00,12.1,75
2026-02-26T12:45:54+00:00,12.2,74
2026-02-26T12:52:00+00:00,12.2,74
2026-02-26T12:57:54+00:00,12.2,74
2026-02-26T13:03:54+00:00,12.3,74
2026-02-26T13:09:53+00:00,12.3,74
2026-02-26T13:15:53+00:00,12.4,73
2026-02-26T13:21:56+00:00,12.4,73
2026-02-26T13:27:53+00:00,12.1,74
2026-02-26T13:33:54+00:00,12.1,74
2026-02-26T13:39:54+00:00,12.1,74
2026-02-26T13:45:54+00:00,12.1,73
2026-02-26T13:51:57+00:00,12.1,73
2026-02-26T13:57:53+00:00,12.1,73
2026-02-26T14:03:56+00:00,12.1,73
2026-02-26T14:09:54+00:00,12.1,73
2026-02-26T14:15:54+00:00,12,73
2026-02-26T14:21:56+00:00,12,73
2026-02-26T14:27:53+00:00,12,73
2026-02-26T14:33:54+00:00,11.9,73
2026-02-26T14:39:54+00:00,11.3,82
2026-02-26T14:45:56+00:00,11.3,82
2026-02-26T14:51:56+00:00,11.3,82
2026-02-26T14:57:54+00:00,11.3,82
2026-02-26T15:03:54+00:00,11.2,82
2026-02-26T15:09:53+00:00,11.2,82
2026-02-26T15:15:54+00:00,11.2,83
2026-02-26T15:21:55+00:00,11.2,83
2026-02-26T15:27:53+00:00,11.2,83
2026-02-26T15:33:54+00:00,11.1,84
2026-02-26T15:39:54+00:00,10.9,86
2026-02-26T15:45:53+00:00,10.8,87
2026-02-26T15:51:57+00:00,10.8,87
2026-02-26T15:57:53+00:00,10.8,87
2026-02-26T16:03:55+00:00,10.7,87
2026-02-26T16:09:53+00:00,10.7,87
2026-02-26T16:15:54+00:00,10.7,87
2026-02-26T16:21:57+00:00,10.7,87
2026-02-26T16:30:11+00:00,10.7,86
2026-02-26T16:35:07+00:00,10.7,86
2026-02-26T16:40:03+00:00,10.7,86
2026-02-26T16:46:27+00:00,10.8,85
2026-02-26T16:51:55+00:00,10.8,85
2026-02-26T16:57:59+00:00,10.8,85
2026-02-26T17:03:55+00:00,10.3,88
2026-02-26T17:09:55+00:00,10.3,88
2026-02-26T17:15:55+00:00,10.3,88
2026-02-26T17:21:55+00:00,10.3,88
2026-02-26T17:27:55+00:00,10.2,88
2026-02-26T17:34:05+00:00,10.3,88
2026-02-26T17:39:55+00:00,10.3,88
2026-02-26T17:45:54+00:00,10.3,88
2026-02-26T17:51:56+00:00,10.3,88
2026-02-26T17:57:55+00:00,10.3,88
2026-02-26T18:03:55+00:00,10.4,88
2026-02-26T18:09:55+00:00,10.4,88
2026-02-26T18:15:55+00:00,10.4,88
2026-02-26T18:21:56+00:00,10.4,88
2026-02-26T18:27:54+00:00,10.6,85
2026-02-26T18:34:04+00:00,10.5,87
2026-02-26T18:40:03+00:00,10.5,87
2026-02-26T18:46:17+00:00,10.4,89
2026-02-26T18:51:56+00:00,10.4,89
2026-02-26T18:57:55+00:00,10.4,89
2026-02-26T19:03:55+00:00,10.3,90
2026-02-26T19:09:55+00:00,10.3,90
2026-02-26T19:15:58+00:00,10.2,91
2026-02-26T19:22:11+00:00,10.2,91
2026-02-26T19:28:01+00:00,10.2,91
2026-02-26T19:33:56+00:00,10.2,92
2026-02-26T19:39:55+00:00,10.2,92
2026-02-26T19:46:09+00:00,10.1,93
2026-02-26T19:51:55+00:00,10.2,94
2026-02-26T19:57:56+00:00,10.2,94
2026-02-26T20:03:55+00:00,10.2,95
2026-02-26T20:09:55+00:00,10.2,95
2026-02-26T20:15:57+00:00,10.1,95
2026-02-26T20:21:56+00:00,10.1,95
2026-02-26T20:27:56+00:00,10,95
2026-02-26T20:33:56+00:00,10,95
2026-02-26T20:39:55+00:00,10,95
2026-02-26T20:45:57+00:00,10,95
2026-02-26T20:51:54+00:00,10,95
2026-02-26T20:58:01+00:00,10,95
2026-02-26T21:03:56+00:00,10,95
2026-02-26T21:10:07+00:00,10,95
2026-02-26T21:16:03+00:00,10,95
2026-02-26T21:22:12+00:00,10,95
2026-02-26T21:28:11+00:00,10,94
2026-02-26T21:33:56+00:00,10,95
2026-02-26T21:40:04+00:00,10,95
2026-02-26T21:45:55+00:00,9.9,95
2026-02-26T21:51:56+00:00,9.9,95
2026-02-26T21:57:54+00:00,9.9,95
2026-02-26T22:03:55+00:00,9.9,95
2026-02-26T22:10:04+00:00,9.9,95
2026-02-26T22:16:07+00:00,9.9,95
2026-02-26T22:22:35+00:00,9.9,95
2026-02-26T22:27:55+00:00,9.9,95
2026-02-26T22:33:54+00:00,9.9,95
2026-02-26T22:39:55+00:00,9.9,95
2026-02-26T22:46:11+00:00,9.9,95
2026-02-26T22:51:55+00:00,9.9,95
2026-02-26T22:57:55+00:00,9.9,95
2026-02-26T23:03:57+00:00,9.9,95
2026-02-26T23:22:00+00:00,9.9,95
2026-02-26T23:34:01+00:00,9.800000000000001,94
2026-02-26T23:40:35+00:00,9.800000000000001,94
2026-02-26T23:52:20+00:00,9.800000000000001,93
2026-02-26T23:57:58+00:00,9.800000000000001,93
2026-02-27T00:09:56+00:00,9.800000000000001,93
2026-02-27T00:15:55+00:00,9.800000000000001,93
2026-02-27T00:28:26+00:00,9.800000000000001,95
2026-02-27T00:33:55+00:00,9.800000000000001,95
2026-02-27T00:40:21+00:00,9.800000000000001,95
2026-02-27T00:45:55+00:00,9.699999999999999,94
2026-02-27T00:52:20+00:00,9.699999999999999,94
2026-02-27T00:57:55+00:00,9.699999999999999,94
2026-02-27T01:03:55+00:00,9.699999999999999,94
2026-02-27T01:10:25+00:00,9.699999999999999,94
2026-02-27T01:15:55+00:00,9.699999999999999,94
2026-02-27T01:22:00+00:00,9.699999999999999,94
2026-02-27T01:27:55+00:00,9.699999999999999,94
2026-02-27T01:34:16+00:00,9.699999999999999,94
2026-02-27T01:39:55+00:00,9.699999999999999,94
2026-02-27T01:46:07+00:00,9.6,95
2026-02-27T01:52:01+00:00,9.699999999999999,94
2026-02-27T01:57:57+00:00,9.699999999999999,94
2026-02-27T02:04:27+00:00,9.699999999999999,94
2026-02-27T02:16:06+00:00,9.6,94
2026-02-27T02:22:00+00:00,9.6,94
2026-02-27T02:27:56+00:00,9.5,94
2026-02-27T02:34:41+00:00,9.5,95
2026-02-27T02:40:38+00:00,9.5,95
2026-02-27T02:46:33+00:00,9.4,95
2026-02-27T02:57:55+00:00,9.4,95
2026-02-27T03:04:21+00:00,9.4,95
2026-02-27T03:09:55+00:00,9.4,95
2026-02-27T03:16:20+00:00,9.4,95
2026-02-27T03:21:53+00:00,9.4,95
2026-02-27T03:34:03+00:00,9.199999999999999,94
2026-02-27T03:39:54+00:00,9.199999999999999,94
2026-02-27T03:45:53+00:00,9.199999999999999,93
2026-02-27T03:52:16+00:00,9.199999999999999,93
2026-02-27T03:57:54+00:00,9.199999999999999,93
2026-02-27T04:03:54+00:00,9.199999999999999,93
2026-02-27T04:09:53+00:00,9.199999999999999,93
2026-02-27T04:15:54+00:00,9.199999999999999,93
2026-02-27T04:21:56+00:00,9.199999999999999,93
2026-02-27T04:27:53+00:00,9.199999999999999,93
2026-02-27T04:33:54+00:00,9.199999999999999,93
2026-02-27T04:39:53+00:00,9.199999999999999,93
2026-02-27T04:45:53+00:00,8.9,95
2026-02-27T04:51:56+00:00,8.9,95
2026-02-27T04:57:53+00:00,8.9,95
2026-02-27T05:04:53+00:00,8.9,95
2026-02-27T05:09:53+00:00,8.9,95
2026-02-27T05:15:55+00:00,8.9,94
2026-02-27T05:27:54+00:00,8.6,95
2026-02-27T05:33:54+00:00,8.699999999999999,94
2026-02-27T05:39:53+00:00,8.699999999999999,94
2026-02-27T05:45:54+00:00,8.699999999999999,93
2026-02-27T05:52:21+00:00,8.699999999999999,93
2026-02-27T05:57:54+00:00,8.699999999999999,93
2026-02-27T06:04:27+00:00,8.800000000000001,93
2026-02-27T06:09:53+00:00,8.800000000000001,93
2026-02-27T06:15:56+00:00,8.800000000000001,92
2026-02-27T06:21:55+00:00,8.800000000000001,92
2026-02-27T06:27:53+00:00,8.4,96
2026-02-27T06:34:14+00:00,8.4,96
2026-02-27T06:39:53+00:00,8.4,96
2026-02-27T06:45:53+00:00,8.4,96
2026-02-27T06:51:55+00:00,8.4,96
2026-02-27T06:57:53+00:00,8.4,96
2026-02-27T07:04:37+00:00,8.4,96
2026-02-27T07:09:54+00:00,8.4,96
2026-02-27T07:15:54+00:00,8.4,95
2026-02-27T07:22:38+00:00,8.4,95
2026-02-27T07:27:53+00:00,8.4,95
2026-02-27T07:33:54+00:00,8.6,93
2026-02-27T07:39:54+00:00,8.6,93
2026-02-27T07:45:54+00:00,8.699999999999999,91
2026-02-27T07:51:59+00:00,8.4,94
2026-02-27T07:57:55+00:00,8.4,94
2026-02-27T08:04:15+00:00,8.4,94
2026-02-27T08:09:56+00:00,8.4,94
2026-02-27T08:16:20+00:00,8.4,93
2026-02-27T08:21:56+00:00,8.4,93
2026-02-27T08:27:53+00:00,8.300000000000001,92
2026-02-27T08:33:54+00:00,8.4,91
2026-02-27T08:39:53+00:00,8.4,91
2026-02-27T08:45:54+00:00,8.5,90
2026-02-27T08:52:27+00:00,8.5,90
2026-02-27T08:57:53+00:00,8.5,90
2026-02-27T09:03:57+00:00,8.5,89
2026-02-27T09:09:54+00:00,8.5,89
2026-02-27T09:15:54+00:00,8.6,88
2026-02-27T09:22:04+00:00,8.6,88
2026-02-27T09:27:54+00:00,8.5,89
2026-02-27T09:33:55+00:00,8.6,87
2026-02-27T09:40:05+00:00,8.6,87
2026-02-27T09:45:55+00:00,8.800000000000001,85
2026-02-27T09:52:33+00:00,8.800000000000001,85
2026-02-27T09:57:54+00:00,8.800000000000001,85
2026-02-27T10:03:56+00:00,8.9,84
2026-02-27T10:09:54+00:00,8.9,84
2026-02-27T10:15:54+00:00,9,83
2026-02-27T10:22:13+00:00,9,83
2026-02-27T10:27:54+00:00,9,83
2026-02-27T10:34:17+00:00,9.199999999999999,82
2026-02-27T10:39:53+00:00,9.199999999999999,82
2026-02-27T10:45:55+00:00,9.4,80
2026-02-27T10:51:57+00:00,9.4,80
2026-02-27T10:57:53+00:00,9.4,80
2026-02-27T11:04:09+00:00,9.5,80
2026-02-27T11:09:53+00:00,9.5,80
2026-02-27T11:15:53+00:00,9.699999999999999,79
2026-02-27T11:21:56+00:00,9.699999999999999,79
2026-02-27T11:27:53+00:00,9.4,78
2026-02-27T11:33:54+00:00,9.6,77
2026-02-27T11:39:53+00:00,9.6,77
2026-02-27T11:45:54+00:00,9.699999999999999,76
2026-02-27T11:57:53+00:00,9.699999999999999,76
2026-02-27T12:03:54+00:00,9.800000000000001,75
2026-02-27T12:09:53+00:00,9.800000000000001,75
2026-02-27T12:15:54+00:00,9.9,74
2026-02-27T12:21:55+00:00,9.9,74
2026-02-27T12:27:53+00:00,10.1,73
2026-02-27T12:33:53+00:00,10.3,71
2026-02-27T12:39:54+00:00,10.3,71
2026-02-27T12:45:53+00:00,10.4,69
2026-02-27T12:51:59+00:00,10.4,69
2026-02-27T12:57:55+00:00,10.4,69
2026-02-27T13:04:25+00:00,10.4,68
2026-02-27T13:09:54+00:00,10.4,68
2026-02-27T13:15:53+00:00,10.5,67
2026-02-27T13:21:56+00:00,10.5,67
2026-02-27T13:27:54+00:00,10.5,67
2026-02-27T13:33:54+00:00,10.6,67
2026-02-27T13:39:54+00:00,10.6,67
2026-02-27T13:45:54+00:00,10.6,71
2026-02-27T13:52:05+00:00,10.6,71
2026-02-27T13:57:53+00:00,10.6,71
2026-02-27T14:09:54+00:00,10.6,71
2026-02-27T14:15:53+00:00,10.6,72
2026-02-27T14:22:23+00:00,10.6,72
2026-02-27T14:27:53+00:00,10.7,70
2026-02-27T14:33:54+00:00,10.6,71
2026-02-27T14:39:53+00:00,10.6,71
2026-02-27T14:45:54+00:00,10.6,72
2026-02-27T14:52:32+00:00,10.6,72
2026-02-27T14:57:55+00:00,10.6,72
2026-02-27T15:03:56+00:00,10.5,73
2026-02-27T15:09:54+00:00,10.5,73
2026-02-27T15:15:54+00:00,10.4,74
2026-02-27T15:21:57+00:00,10.4,74
2026-02-27T15:27:54+00:00,10.6,77
2026-02-27T15:34:04+00:00,10.4,78
2026-02-27T15:39:53+00:00,10.4,78
2026-02-27T15:45:54+00:00,10.2,80
2026-02-27T15:52:12+00:00,10.2,80
2026-02-27T15:57:54+00:00,10.2,80
2026-02-27T16:03:55+00:00,10.1,81
2026-02-27T16:09:53+00:00,10.1,81
2026-02-27T16:15:54+00:00,10,81
2026-02-27T16:22:19+00:00,10,81
2026-02-27T16:27:53+00:00,10,81
2026-02-27T16:33:54+00:00,9.9,81
2026-02-27T16:39:54+00:00,9.9,81
2026-02-27T16:45:54+00:00,9.800000000000001,79
2026-02-27T16:51:56+00:00,10,79
2026-02-27T16:57:54+00:00,10,79
2026-02-27T17:04:29+00:00,9.9,80
2026-02-27T17:09:53+00:00,9.9,80
2026-02-27T17:15:56+00:00,9.800000000000001,81
2026-02-27T17:21:55+00:00,9.800000000000001,81
2026-02-27T17:27:54+00:00,9.9,78
2026-02-27T17:33:54+00:00,9.800000000000001,79
2026-02-27T17:39:54+00:00,9.800000000000001,79
2026-02-27T17:45:54+00:00,9.699999999999999,80
2026-02-27T17:52:06+00:00,9.699999999999999,80
2026-02-27T17:57:53+00:00,9.699999999999999,80
2026-02-27T18:03:56+00:00,9.699999999999999,81
2026-02-27T18:09:54+00:00,9.699999999999999,81
2026-02-27T18:15:53+00:00,9.5,82
2026-02-27T18:21:56+00:00,9.5,82
2026-02-27T18:27:55+00:00,9.300000000000001,80
2026-02-27T18:33:54+00:00,9.1,82
2026-02-27T18:39:54+00:00,9.1,82
2026-02-27T18:45:54+00:00,9,83
2026-02-27T18:52:09+00:00,9,83
2026-02-27T18:57:54+00:00,9,83
2026-02-27T19:04:22+00:00,8.9,84
2026-02-27T19:09:53+00:00,8.9,84
2026-02-27T19:15:54+00:00,8.699999999999999,84
2026-02-27T19:21:56+00:00,8.699999999999999,84
2026-02-27T19:27:55+00:00,8.699999999999999,84
2026-02-27T19:34:00+00:00,8.6,84
2026-02-27T19:39:54+00:00,8.6,84
2026-02-27T19:45:54+00:00,8.5,84
2026-02-27T19:52:27+00:00,8.699999999999999,85
2026-02-27T19:57:54+00:00,8.699999999999999,85
2026-02-27T20:04:16+00:00,8.699999999999999,83
2026-02-27T20:09:53+00:00,8.699999999999999,83
2026-02-27T20:15:54+00:00,8.6,83
2026-02-27T20:22:30+00:00,8.6,83
2026-02-27T20:27:54+00:00,8.800000000000001,83
2026-02-27T20:33:55+00:00,8.699999999999999,84
2026-02-27T20:39:53+00:00,8.699999999999999,84
2026-02-27T20:45:54+00:00,8.699999999999999,85
2026-02-27T20:52:22+00:00,8.699999999999999,85
2026-02-27T20:57:54+00:00,8.699999999999999,85
2026-02-27T21:09:53+00:00,8.6,86
2026-02-27T21:15:54+00:00,8.6,86
2026-02-27T21:22:10+00:00,8.6,86
2026-02-27T21:27:53+00:00,8.6,86
2026-02-27T21:33:54+00:00,8.6,86
2026-02-27T21:39:53+00:00,8.6,86
2026-02-27T21:45:54+00:00,8.6,85
2026-02-27T21:52:00+00:00,8.6,85
2026-02-27T21:57:54+00:00,8.6,85
2026-02-27T22:04:24+00:00,8.6,85
2026-02-27T22:09:53+00:00,8.6,85
2026-02-27T22:15:54+00:00,8.6,85
2026-02-27T22:22:18+00:00,8.6,85
2026-02-27T22:27:53+00:00,8.6,85
2026-02-27T22:33:54+00:00,8.4,84
2026-02-27T22:39:53+00:00,8.4,84
2026-02-27T22:45:54+00:00,8.300000000000001,82
2026-02-27T22:51:56+00:00,8.300000000000001,82
2026-02-27T22:57:53+00:00,8.300000000000001,82
2026-02-27T23:04:18+00:00,8.199999999999999,82
2026-02-27T23:09:54+00:00,8.199999999999999,82
2026-02-27T23:15:53+00:00,8.1,81
2026-02-27T23:21:55+00:00,8.1,81
2026-02-27T23:27:53+00:00,8.1,81
2026-02-27T23:39:53+00:00,7.9,80
2026-02-27T23:45:53+00:00,7.8,79
2026-02-27T23:52:13+00:00,7.8,79
2026-02-27T23:57:53+00:00,7.8,79
2026-02-28T00:09:54+00:00,7.7,78
2026-02-28T00:15:54+00:00,7.6,78
2026-02-28T00:22:20+00:00,7.6,78
2026-02-28T00:27:53+00:00,7.6,78
2026-02-28T00:33:54+00:00,7.5,78
2026-02-28T00:39:54+00:00,7.5,78
2026-02-28T00:45:54+00:00,7.5,79
2026-02-28T00:51:56+00:00,7.5,79
2026-02-28T00:57:54+00:00,7.5,79
2026-02-28T01:03:56+00:00,7.4,79
2026-02-28T01:09:54+00:00,7.4,79
2026-02-28T01:15:54+00:00,7.4,79
2026-02-28T01:22:22+00:00,7.4,79
2026-02-28T01:27:54+00:00,7.4,79
2026-02-28T01:33:55+00:00,7.3,80
2026-02-28T01:39:53+00:00,7.3,80
2026-02-28T01:45:54+00:00,7.4,78
2026-02-28T01:52:02+00:00,7.4,78
2026-02-28T01:57:54+00:00,7.4,78
2026-02-28T02:03:56+00:00,7.3,78
2026-02-28T02:09:53+00:00,7.3,78
2026-02-28T02:15:54+00:00,7.2,79
2026-02-28T02:21:56+00:00,7.2,79
2026-02-28T02:27:53+00:00,7.3,77
2026-02-28T02:33:57+00:00,7.2,78
2026-02-28T02:39:53+00:00,7.2,78
2026-02-28T02:45:54+00:00,7.1,79
2026-02-28T02:51:54+00:00,7.1,79
2026-02-28T02:57:53+00:00,7.1,79
2026-02-28T03:03:54+00:00,7,80
2026-02-28T03:09:54+00:00,7,80
2026-02-28T03:15:54+00:00,6.9,81
2026-02-28T03:22:16+00:00,6.9,81
2026-02-28T03:27:53+00:00,7,80
2026-02-28T03:33:59+00:00,6.9,80
2026-02-28T03:39:53+00:00,6.9,80
2026-02-28T03:45:56+00:00,6.9,80
2026-02-28T03:51:56+00:00,6.9,80
2026-02-28T03:57:55+00:00,6.9,80
2026-02-28T04:09:54+00:00,6.9,80
2026-02-28T04:15:55+00:00,6.8,80
2026-02-28T04:21:56+00:00,6.8,80
2026-02-28T04:28:14+00:00,6.8,80
2026-02-28T04:33:56+00:00,6.8,81
2026-02-28T04:40:20+00:00,6.8,81
2026-02-28T04:45:54+00:00,6.8,82
2026-02-28T04:52:15+00:00,6.8,82
2026-02-28T04:57:56+00:00,6.8,82
2026-02-28T05:04:06+00:00,6.8,82
2026-02-28T05:09:56+00:00,6.8,82
2026-02-28T05:15:55+00:00,6.8,82
2026-02-28T05:21:56+00:00,6.8,82
2026-02-28T05:27:54+00:00,6.9,81
2026-02-28T05:33:56+00:00,6.9,80
2026-02-28T05:39:53+00:00,6.9,80
2026-02-28T05:45:56+00:00,6.9,79
2026-02-28T05:51:56+00:00,6.9,79
2026-02-28T05:58:36+00:00,6.9,79
2026-02-28T06:03:56+00:00,6.9,79
2026-02-28T06:09:53+00:00,6.9,79
2026-02-28T06:15:56+00:00,6.9,79
2026-02-28T06:21:56+00:00,6.9,79
2026-02-28T06:27:58+00:00,6.9,78
2026-02-28T06:34:25+00:00,6.8,78
2026-02-28T06:40:18+00:00,6.8,78
2026-02-28T06:46:32+00:00,6.8,78
2026-02-28T06:51:59+00:00,6.8,78
2026-02-28T06:57:54+00:00,6.8,78
2026-02-28T07:03:56+00:00,6.8,78
2026-02-28T07:09:56+00:00,6.8,78
2026-02-28T07:15:54+00:00,6.7,78
2026-02-28T07:22:15+00:00,6.7,78
2026-02-28T07:27:54+00:00,6.7,78
2026-02-28T07:39:54+00:00,6.7,77
2026-02-28T07:45:54+00:00,6.7,76
2026-02-28T07:52:41+00:00,6.7,82
2026-02-28T07:57:53+00:00,6.7,82
2026-02-28T08:03:55+00:00,6.7,82
2026-02-28T08:09:57+00:00,6.7,82
2026-02-28T08:15:56+00:00,6.8,81
2026-02-28T08:22:01+00:00,6.8,81
2026-02-28T08:27:54+00:00,6.7,79
2026-02-28T08:34:25+00:00,6.8,79
2026-02-28T08:39:55+00:00,6.8,79
2026-02-28T08:45:54+00:00,6.8,78
2026-02-28T08:51:55+00:00,6.8,78
2026-02-28T08:57:54+00:00,6.8,78
2026-02-28T09:04:43+00:00,6.9,78
2026-02-28T09:16:18+00:00,6.9,78
2026-02-28T09:22:02+00:00,6.9,78
2026-02-28T09:27:53+00:00,6.9,77
2026-02-28T09:33:55+00:00,7,76
2026-02-28T09:39:54+00:00,7,76
2026-02-28T09:45:56+00:00,7,76
2026-02-28T09:51:56+00:00,7,76
2026-02-28T09:57:54+00:00,7,76
2026-02-28T10:04:16+00:00,7,75
2026-02-28T10:09:53+00:00,7,75
2026-02-28T10:15:55+00:00,7,75
2026-02-28T10:22:01+00:00,7,75
2026-02-28T10:27:53+00:00,7,75
2026-02-28T10:34:06+00:00,7,74
2026-02-28T10:39:53+00:00,7,74
2026-02-28T10:45:54+00:00,7,74
2026-02-28T10:51:56+00:00,7,74
2026-02-28T10:57:53+00:00,7,74
2026-02-28T11:03:54+00:00,7,73
2026-02-28T11:09:54+00:00,7,73
2026-02-28T11:15:54+00:00,7,74
2026-02-28T11:21:57+00:00,7,74
2026-02-28T11:27:53+00:00,7.3,71
2026-02-28T11:33:55+00:00,7.4,71
2026-02-28T11:39:54+00:00,7.4,71
2026-02-28T11:45:55+00:00,7.4,71
2026-02-28T11:52:17+00:00,7.4,71
2026-02-28T11:57:53+00:00,7.4,71
2026-02-28T12:04:11+00:00,7.5,71
2026-02-28T12:09:54+00:00,7.5,71
2026-02-28T12:15:54+00:00,7.4,73
2026-02-28T12:22:27+00:00,7.4,73
2026-02-28T12:27:54+00:00,7.3,75
2026-02-28T12:33:56+00:00,7.2,78
2026-02-28T12:39:53+00:00,7.2,78
2026-02-28T12:45:54+00:00,7,81
2026-02-28T12:51:56+00:00,7,81
2026-02-28T12:57:54+00:00,7,81
2026-02-28T13:04:30+00:00,7,83
2026-02-28T13:09:54+00:00,7,83
2026-02-28T13:15:54+00:00,7.1,81
2026-02-28T13:21:54+00:00,7.1,81
2026-02-28T13:27:53+00:00,7.1,81
2026-02-28T13:39:54+00:00,7.2,78
2026-02-28T13:45:54+00:00,7.4,74
2026-02-28T13:51:57+00:00,7.7,74
2026-02-28T13:57:53+00:00,7.7,74
2026-02-28T14:03:56+00:00,7.8,73
2026-02-28T14:09:54+00:00,7.8,73
2026-02-28T14:15:54+00:00,7.8,70
2026-02-28T14:27:53+00:00,7.7,72
2026-02-28T14:33:54+00:00,7.7,67
2026-02-28T14:39:53+00:00,7.7,67
2026-02-28T14:45:55+00:00,7.6,63
2026-02-28T14:52:10+00:00,7.6,63
2026-02-28T14:57:53+00:00,7.6,63
2026-02-28T15:03:56+00:00,7.6,60
2026-02-28T15:09:54+00:00,7.6,60
2026-02-28T15:15:54+00:00,7.6,58
2026-02-28T15:22:22+00:00,7.6,58
2026-02-28T15:27:54+00:00,7.6,59
2026-02-28T15:33:55+00:00,7.6,57
2026-02-28T15:39:54+00:00,7.6,57
2026-02-28T15:45:54+00:00,7.6,55
2026-02-28T15:52:01+00:00,7.6,55
2026-02-28T15:57:54+00:00,7.6,55
2026-02-28T16:04:20+00:00,7.6,54
2026-02-28T16:09:53+00:00,7.6,54
2026-02-28T16:15:54+00:00,7.5,54
2026-02-28T16:21:55+00:00,7.5,54
2026-02-28T16:27:54+00:00,7.5,54
2026-02-28T16:39:54+00:00,7.4,54
2026-02-28T16:45:54+00:00,7.3,55
2026-02-28T16:51:56+00:00,7.3,55
2026-02-28T16:57:53+00:00,7.3,55
2026-02-28T17:03:58+00:00,7.2,56
2026-02-28T17:09:54+00:00,7.2,56
2026-02-28T17:15:54+00:00,7,57
2026-02-28T17:22:21+00:00,7,57
2026-02-28T17:27:53+00:00,7,56
2026-02-28T17:33:56+00:00,6.8,58
2026-02-28T17:39:53+00:00,6.8,58
2026-02-28T17:45:54+00:00,6.6,61
2026-02-28T17:52:19+00:00,6.6,61
2026-02-28T17:57:53+00:00,6.6,61
2026-02-28T18:03:56+00:00,6.5,62
2026-02-28T18:09:54+00:00,6.5,62
2026-02-28T18:15:54+00:00,6.3,64
2026-02-28T18:22:06+00:00,6.3,64
2026-02-28T18:27:53+00:00,6.1,63
2026-02-28T18:39:53+00:00,6.1,63
2026-02-28T18:45:54+00:00,6,64
2026-02-28T18:52:13+00:00,6,64
2026-02-28T18:57:54+00:00,6,64
2026-02-28T19:04:01+00:00,6,64
2026-02-28T19:09:53+00:00,6,64
2026-02-28T19:15:54+00:00,6,66
2026-02-28T19:22:24+00:00,6,66
2026-02-28T19:27:54+00:00,6,66
2026-02-28T19:33:55+00:00,5.9,69
2026-02-28T19:39:54+00:00,5.9,69
2026-02-28T19:45:54+00:00,5.8,71
2026-02-28T19:51:55+00:00,5.7,72
2026-02-28T19:57:53+00:00,5.7,72
2026-02-28T20:03:57+00:00,5.7,71
2026-02-28T20:09:54+00:00,5.7,71
2026-02-28T20:15:54+00:00,5.7,71
2026-02-28T20:22:11+00:00,5.7,71
2026-02-28T20:27:54+00:00,5.9,70
2026-02-28T20:33:55+00:00,6,69
2026-02-28T20:39:54+00:00,6,69
2026-02-28T20:45:55+00:00,6,69
2026-02-28T20:52:15+00:00,6,69
2026-02-28T20:57:54+00:00,6,69
2026-02-28T21:03:55+00:00,6.1,69
2026-02-28T21:09:54+00:00,6.1,69
2026-02-28T21:15:54+00:00,6.1,70
2026-02-28T21:22:20+00:00,6.1,70
2026-02-28T21:27:54+00:00,6.2,67
2026-02-28T21:33:54+00:00,6.2,68
2026-02-28T21:39:54+00:00,6.2,68
2026-02-28T21:45:54+00:00,6.1,69
2026-02-28T21:52:20+00:00,6.1,69
2026-02-28T21:57:54+00:00,6.1,69
2026-02-28T22:04:09+00:00,6.1,69
2026-02-28T22:09:53+00:00,6.1,69
2026-02-28T22:15:53+00:00,6.1,70
2026-02-28T22:27:54+00:00,6.1,70
2026-02-28T22:33:58+00:00,6.1,71
2026-02-28T22:39:54+00:00,6.1,71
2026-02-28T22:45:53+00:00,6.2,69
2026-02-28T22:51:56+00:00,6.4,69
2026-02-28T22:57:53+00:00,6.4,69
2026-02-28T23:03:56+00:00,6.4,70
2026-02-28T23:09:53+00:00,6.4,70
2026-02-28T23:15:53+00:00,6.5,71
2026-02-28T23:21:58+00:00,6.5,71
2026-02-28T23:27:54+00:00,6.2,70
2026-02-28T23:33:54+00:00,6.3,70
2026-02-28T23:39:53+00:00,6.3,70
2026-02-28T23:45:54+00:00,6.4,71
2026-02-28T23:52:08+00:00,6.4,71
2026-02-28T23:57:54+00:00,6.4,71
2026-03-01T00:04:21+00:00,6.4,71
2026-03-01T00:09:53+00:00,6.4,71
2026-03-01T00:21:55+00:00,6.4,71
2026-03-01T00:27:53+00:00,6.2,72
2026-03-01T00:33:54+00:00,6.2,72
2026-03-01T00:39:53+00:00,6.2,72
2026-03-01T00:45:54+00:00,6.2,72
2026-03-01T00:52:22+00:00,6.2,72
2026-03-01T00:57:53+00:00,6.2,72
2026-03-01T01:03:55+00:00,6.2,72
2026-03-01T01:09:54+00:00,6.2,72
2026-03-01T01:15:54+00:00,6.2,73
2026-03-01T01:22:09+00:00,6.2,73
2026-03-01T01:27:54+00:00,6.2,73
2026-03-01T01:33:54+00:00,6.1,74
2026-03-01T01:39:54+00:00,6.1,74
2026-03-01T01:45:53+00:00,6.1,74
2026-03-01T01:57:53+00:00,6.3,75
2026-03-01T02:03:54+00:00,6.3,76
2026-03-01T02:09:53+00:00,6.3,76
2026-03-01T02:15:53+00:00,6.4,78
2026-03-01T02:21:55+00:00,6.4,78
2026-03-01T02:27:54+00:00,6.1,77
2026-03-01T02:33:54+00:00,6.2,79
2026-03-01T02:39:53+00:00,6.2,79
2026-03-01T02:45:53+00:00,6.2,80
2026-03-01T02:52:32+00:00,6.2,80
2026-03-01T02:57:54+00:00,6.2,80
2026-03-01T03:04:13+00:00,6.3,81
2026-03-01T03:09:54+00:00,6.3,81
2026-03-01T03:15:53+00:00,6.4,82
2026-03-01T03:21:56+00:00,6.4,82
2026-03-01T03:27:54+00:00,6.4,82
2026-03-01T03:33:54+00:00,6.5,84
2026-03-01T03:39:54+00:00,6.5,84
2026-03-01T03:45:54+00:00,6.6,85
2026-03-01T03:51:56+00:00,6.6,85
2026-03-01T03:57:54+00:00,6.6,85
2026-03-01T04:03:54+00:00,6.6,86
2026-03-01T04:09:53+00:00,6.6,86
2026-03-01T04:15:54+00:00,6.7,87
2026-03-01T04:21:56+00:00,6.7,87
2026-03-01T04:27:54+00:00,6.7,87
2026-03-01T04:33:54+00:00,6.7,87
2026-03-01T04:39:54+00:00,6.7,87
2026-03-01T04:45:54+00:00,6.8,88
2026-03-01T04:52:25+00:00,6.8,88
2026-03-01T04:57:54+00:00,6.8,88
2026-03-01T05:03:54+00:00,6.8,88
2026-03-01T05:09:54+00:00,6.8,88
2026-03-01T05:15:53+00:00,6.9,88
2026-03-01T05:21:55+00:00,6.9,88
2026-03-01T05:27:54+00:00,6.9,88
2026-03-01T05:33:56+00:00,7,89
2026-03-01T05:39:54+00:00,7,89
2026-03-01T05:45:53+00:00,7,89
2026-03-01T05:51:56+00:00,7,89
2026-03-01T05:57:53+00:00,7,89
2026-03-01T06:04:28+00:00,7.1,89
2026-03-01T06:09:54+00:00,7.1,89
2026-03-01T06:15:54+00:00,7.1,89
2026-03-01T06:22:22+00:00,7.1,89
2026-03-01T06:27:55+00:00,7.1,89
2026-03-01T06:33:54+00:00,7.2,89
2026-03-01T06:39:53+00:00,7.2,89
2026-03-01T06:45:54+00:00,7.3,89
2026-03-01T06:52:22+00:00,7.3,89
2026-03-01T06:57:53+00:00,7.3,89
2026-03-01T07:04:06+00:00,7.2,91
2026-03-01T07:09:54+00:00,7.2,91
2026-03-01T07:15:54+00:00,7.3,90
2026-03-01T07:27:53+00:00,7.3,90
2026-03-01T07:34:02+00:00,7.4,89
2026-03-01T07:39:53+00:00,7.4,89
2026-03-01T07:45:53+00:00,7.5,88
2026-03-01T07:52:21+00:00,7.7,88
2026-03-01T07:57:54+00:00,7.7,88
2026-03-01T08:04:07+00:00,7.8,87
2026-03-01T08:09:54+00:00,7.8,87
2026-03-01T08:15:54+00:00,8,86
2026-03-01T08:22:28+00:00,8,86
2026-03-01T08:27:53+00:00,7.8,87
2026-03-01T08:34:19+00:00,8,86
2026-03-01T08:39:53+00:00,8,86
2026-03-01T08:45:54+00:00,8.1,85
2026-03-01T08:51:59+00:00,8.1,85
2026-03-01T08:57:53+00:00,8.1,85
2026-03-01T09:03:54+00:00,8.199999999999999,84
2026-03-01T09:09:53+00:00,8.199999999999999,84
2026-03-01T09:15:56+00:00,8.4,84
2026-03-01T09:21:55+00:00,8.4,84
2026-03-01T09:27:53+00:00,8.5,82
2026-03-01T09:34:01+00:00,8.6,82
2026-03-01T09:39:53+00:00,8.6,82
2026-03-01T09:45:56+00:00,8.800000000000001,82
2026-03-01T09:57:53+00:00,8.800000000000001,82
2026-03-01T10:03:54+00:00,8.800000000000001,82
2026-03-01T10:09:53+00:00,8.800000000000001,82
2026-03-01T10:15:54+00:00,8.9,82
2026-03-01T10:22:21+00:00,8.9,82
2026-03-01T10:27:54+00:00,8.9,82
2026-03-01T10:33:54+00:00,9.1,83
2026-03-01T10:39:54+00:00,9.1,83
2026-03-01T10:45:54+00:00,9.199999999999999,83
2026-03-01T10:51:56+00:00,9.199999999999999,83
2026-03-01T10:57:54+00:00,9.199999999999999,83
2026-03-01T11:03:55+00:00,9.199999999999999,83
2026-03-01T11:09:54+00:00,9.199999999999999,83
2026-03-01T11:15:53+00:00,9.4,83
2026-03-01T11:22:04+00:00,9.4,83
2026-03-01T11:27:53+00:00,9.5,78
2026-03-01T11:39:53+00:00,9.699999999999999,79
2026-03-01T11:45:53+00:00,9.800000000000001,80
2026-03-01T11:52:03+00:00,9.800000000000001,80
2026-03-01T12:04:28+00:00,9.9,81
2026-03-01T12:09:54+00:00,9.9,81
2026-03-01T12:15:59+00:00,10.1,81
2026-03-01T12:22:05+00:00,10.1,81
2026-03-01T12:27:54+00:00,10.2,78
2026-03-01T12:33:53+00:00,10.4,79
2026-03-01T12:39:54+00:00,10.4,79
2026-03-01T12:45:54+00:00,10.6,79
2026-03-01T12:52:33+00:00,10.6,79
2026-03-01T12:57:54+00:00,10.6,79
2026-03-01T13:03:53+00:00,10.7,79
2026-03-01T13:09:53+00:00,10.7,79
2026-03-01T13:15:53+00:00,10.9,78
2026-03-01T13:22:19+00:00,10.9,78
2026-03-01T13:27:53+00:00,10.9,78
2026-03-01T13:34:06+00:00,11.1,78
2026-03-01T13:39:54+00:00,11.1,78
2026-03-01T13:45:53+00:00,11.3,80
2026-03-01T13:52:02+00:00,11.4,80
2026-03-01T13:57:53+00:00,11.4,80
2026-03-01T14:04:22+00:00,11.6,79
2026-03-01T14:09:53+00:00,11.6,79
2026-03-01T14:15:53+00:00,11.7,78
2026-03-01T14:21:56+00:00,11.7,78
2026-03-01T14:27:53+00:00,12.1,74
2026-03-01T14:33:54+00:00,12.3,72
2026-03-01T14:39:53+00:00,12.3,72
2026-03-01T14:45:54+00:00,12.4,70
2026-03-01T14:51:56+00:00,12.4,70
2026-03-01T14:57:53+00:00,12.4,70
2026-03-01T15:04:17+00:00,12.4,69
2026-03-01T15:09:53+00:00,12.4,69
2026-03-01T15:15:53+00:00,12.4,69
2026-03-01T15:22:35+00:00,12.4,69
2026-03-01T15:27:53+00:00,12.6,69
2026-03-01T15:33:56+00:00,12.4,71
2026-03-01T15:39:54+00:00,12.4,71
2026-03-01T15:45:55+00:00,12.3,72
2026-03-01T15:51:55+00:00,12.3,72
2026-03-01T15:57:53+00:00,12.3,72
2026-03-01T16:04:25+00:00,12.2,73
2026-03-01T16:09:53+00:00,12.2,73
2026-03-01T16:15:57+00:00,12.2,72
2026-03-01T16:22:07+00:00,12.2,72
2026-03-01T16:27:54+00:00,12.2,72
2026-03-01T16:33:56+00:00,12.1,71
2026-03-01T16:39:54+00:00,12.1,71
2026-03-01T16:45:54+00:00,12.2,70
2026-03-01T16:52:32+00:00,12.2,70
2026-03-01T16:57:53+00:00,12.2,70
2026-03-01T17:04:26+00:00,12.2,70
2026-03-01T17:09:55+00:00,12.2,70
2026-03-01T17:15:54+00:00,12.1,71
2026-03-01T17:27:54+00:00,12.1,69
2026-03-01T17:33:55+00:00,11.9,71
2026-03-01T17:39:53+00:00,11.9,71
2026-03-01T17:45:55+00:00,11.8,74
2026-03-01T17:51:59+00:00,11.8,74
2026-03-01T17:57:53+00:00,11.8,74
2026-03-01T18:04:31+00:00,11.7,75
2026-03-01T18:09:53+00:00,11.7,75
2026-03-01T18:15:54+00:00,11.6,76
2026-03-01T18:22:01+00:00,11.6,76
2026-03-01T18:27:53+00:00,11.6,75
2026-03-01T18:33:56+00:00,11.6,76
2026-03-01T18:39:53+00:00,11.6,76
2026-03-01T18:45:54+00:00,11.5,76
2026-03-01T18:52:35+00:00,11.5,76
2026-03-01T18:57:54+00:00,11.5,76
2026-03-01T19:03:57+00:00,11.5,77
2026-03-01T19:09:53+00:00,11.5,77
2026-03-01T19:15:55+00:00,11.5,76
2026-03-01T19:27:54+00:00,11.5,76
2026-03-01T19:33:54+00:00,11.5,75
2026-03-01T19:39:54+00:00,11.5,75
2026-03-01T19:45:54+00:00,11.6,74
2026-03-01T19:51:56+00:00,11.5,74
2026-03-01T19:57:54+00:00,11.5,74
2026-03-01T20:03:54+00:00,11.5,74
2026-03-01T20:09:54+00:00,11.5,74
2026-03-01T20:15:55+00:00,11.4,74
2026-03-01T20:22:04+00:00,11.4,74
2026-03-01T20:27:54+00:00,11.5,72
2026-03-01T20:34:26+00:00,11.4,73
2026-03-01T20:39:53+00:00,11.4,73
2026-03-01T20:45:54+00:00,11.3,74
2026-03-01T20:52:17+00:00,11.3,74
2026-03-01T20:57:55+00:00,11.3,74
2026-03-01T21:04:39+00:00,11.3,75
2026-03-01T21:09:53+00:00,11.3,75
2026-03-01T21:15:54+00:00,11.2,75
2026-03-01T21:21:56+00:00,11.2,75
2026-03-01T21:27:54+00:00,11.2,75
2026-03-01T21:33:59+00:00,11.2,75
2026-03-01T21:39:54+00:00,11.2,75
2026-03-01T21:45:54+00:00,11.1,74
2026-03-01T21:51:56+00:00,11.1,74
2026-03-01T21:57:54+00:00,11.1,74
2026-03-01T22:04:01+00:00,11.1,74
2026-03-01T22:09:54+00:00,11.1,74
2026-03-01T22:15:54+00:00,11.1,75
2026-03-01T22:21:56+00:00,11.1,75
2026-03-01T22:27:53+00:00,11.1,75
2026-03-01T22:33:54+00:00,11,76
2026-03-01T22:39:53+00:00,11,76
2026-03-01T22:45:55+00:00,11,76
2026-03-01T22:51:55+00:00,11,76
2026-03-01T22:57:53+00:00,11,76
2026-03-01T23:03:54+00:00,11,77
2026-03-01T23:09:54+00:00,11,77
2026-03-01T23:15:54+00:00,10.9,78
2026-03-01T23:22:41+00:00,10.9,78
2026-03-01T23:27:54+00:00,10.8,78
2026-03-01T23:33:56+00:00,10.8,78
2026-03-01T23:39:53+00:00,10.8,78
2026-03-01T23:45:53+00:00,10.7,79
2026-03-01T23:51:55+00:00,10.7,79
2026-03-01T23:57:54+00:00,10.7,79
2026-03-02T00:04:17+00:00,10.7,79
2026-03-02T00:09:53+00:00,10.7,79
2026-03-02T00:16:10+00:00,10.7,78
2026-03-02T00:22:33+00:00,10.7,78
2026-03-02T00:27:53+00:00,10.7,79
2026-03-02T00:34:06+00:00,10.7,78
2026-03-02T00:39:53+00:00,10.7,78
2026-03-02T00:45:54+00:00,10.7,77
2026-03-02T00:52:29+00:00,10.7,77
2026-03-02T00:57:54+00:00,10.7,77
2026-03-02T01:04:14+00:00,10.7,76
2026-03-02T01:09:53+00:00,10.7,76
2026-03-02T01:15:56+00:00,10.7,75
2026-03-02T01:22:19+00:00,10.7,75
2026-03-02T01:27:54+00:00,10.7,75
2026-03-02T01:34:09+00:00,10.6,74
2026-03-02T01:39:54+00:00,10.6,74
2026-03-02T01:45:59+00:00,10.5,76
2026-03-02T01:52:23+00:00,10.5,76
2026-03-02T01:57:53+00:00,10.5,76
2026-03-02T02:03:56+00:00,10.5,75
2026-03-02T02:09:53+00:00,10.5,75
2026-03-02T02:15:54+00:00,10.5,75
2026-03-02T02:22:28+00:00,10.5,75
2026-03-02T02:27:53+00:00,10.3,78
2026-03-02T02:33:54+00:00,10.3,77
2026-03-02T02:39:54+00:00,10.3,77
2026-03-02T02:45:53+00:00,10.3,76
2026-03-02T02:52:14+00:00,10.3,76
2026-03-02T02:57:54+00:00,10.3,76
2026-03-02T03:03:56+00:00,10.3,76
2026-03-02T03:09:54+00:00,10.3,76
2026-03-02T03:15:53+00:00,10.3,76
2026-03-02T03:22:14+00:00,10.3,76
2026-03-02T03:27:54+00:00,10.3,75
2026-03-02T03:34:23+00:00,10.3,75
2026-03-02T03:39:54+00:00,10.3,75
2026-03-02T03:45:56+00:00,10.3,76
2026-03-02T03:51:57+00:00,10.3,76
2026-03-02T03:57:54+00:00,10.3,76
2026-03-02T04:04:31+00:00,10.2,76
2026-03-02T04:09:53+00:00,10.2,76
2026-03-02T04:16:50+00:00,10.2,76
2026-03-02T04:22:18+00:00,10.2,76
2026-03-02T04:27:53+00:00,10.2,76
2026-03-02T04:33:59+00:00,10.2,76
2026-03-02T04:39:54+00:00,10.2,76
2026-03-02T04:46:35+00:00,10.2,75
2026-03-02T04:52:06+00:00,10.2,75
2026-03-02T04:57:53+00:00,10.2,75
2026-03-02T05:09:56+00:00,10.2,75
2026-03-02T05:16:58+00:00,10.2,75
2026-03-02T05:21:54+00:00,10.2,75
2026-03-02T05:28:06+00:00,10.1,75
2026-03-02T05:33:56+00:00,10,75
2026-03-02T05:39:54+00:00,10,75
2026-03-02T05:45:57+00:00,10,75
2026-03-02T05:52:09+00:00,10,75
2026-03-02T05:57:53+00:00,10,75
2026-03-02T06:04:12+00:00,10,75
2026-03-02T06:10:24+00:00,10,75
2026-03-02T06:15:54+00:00,10,75
2026-03-02T06:21:55+00:00,10,75
2026-03-02T06:27:59+00:00,9.800000000000001,74
2026-03-02T06:34:08+00:00,9.800000000000001,75
2026-03-02T06:39:53+00:00,9.800000000000001,75
2026-03-02T06:46:03+00:00,9.800000000000001,76
2026-03-02T06:51:55+00:00,9.800000000000001,76
2026-03-02T06:57:53+00:00,9.800000000000001,76
2026-03-02T07:03:56+00:00,9.699999999999999,76
2026-03-02T07:10:41+00:00,9.699999999999999,76
2026-03-02T07:16:00+00:00,9.699999999999999,76
2026-03-02T07:22:15+00:00,9.699999999999999,76
2026-03-02T07:27:54+00:00,9.699999999999999,76
2026-03-02T07:33:56+00:00,9.800000000000001,76
2026-03-02T07:39:53+00:00,9.800000000000001,76
2026-03-02T07:45:53+00:00,9.800000000000001,77
2026-03-02T07:51:56+00:00,9.800000000000001,77
2026-03-02T07:57:53+00:00,9.800000000000001,77
2026-03-02T08:03:56+00:00,9.800000000000001,77
2026-03-02T08:09:55+00:00,9.800000000000001,77
2026-03-02T08:15:56+00:00,9.9,77
2026-03-02T08:22:11+00:00,9.9,77
2026-03-02T08:28:29+00:00,10,76
2026-03-02T08:33:56+00:00,10.1,76
2026-03-02T08:39:54+00:00,10.1,76
2026-03-02T08:45:54+00:00,10.3,75
2026-03-02T08:51:56+00:00,10.3,75
2026-03-02T08:58:51+00:00,10.3,75
2026-03-02T09:04:09+00:00,10.4,75
2026-03-02T09:10:12+00:00,10.4,75
2026-03-02T09:15:55+00:00,10.5,75
2026-03-02T09:22:50+00:00,10.5,75
2026-03-02T09:28:05+00:00,10.5,74
2026-03-02T09:34:23+00:00,10.7,73
2026-03-02T09:39:56+00:00,10.7,73
2026-03-02T09:45:57+00:00,10.8,73
2026-03-02T09:51:55+00:00,10.8,73
2026-03-02T09:58:08+00:00,10.8,73
2026-03-02T10:04:25+00:00,10.9,73
2026-03-02T10:09:54+00:00,10.9,73
2026-03-02T10:15:54+00:00,11.1,73
2026-03-02T10:21:54+00:00,11.1,73
2026-03-02T10:27:56+00:00,11.1,73
2026-03-02T10:33:56+00:00,11.2,73
2026-03-02T10:39:53+00:00,11.2,73
2026-03-02T10:45:56+00:00,11.2,75
2026-03-02T10:51:54+00:00,11.2,75
2026-03-02T10:57:53+00:00,11.2,75
2026-03-02T11:04:35+00:00,11.3,75
2026-03-02T11:09:53+00:00,11.3,75
2026-03-02T11:15:54+00:00,11.5,74
2026-03-02T11:22:19+00:00,11.5,74
2026-03-02T11:28:23+00:00,11.7,73
2026-03-02T11:34:01+00:00,11.9,73
2026-03-02T11:39:54+00:00,11.9,73
2026-03-02T11:45:54+00:00,12.2,72
2026-03-02T11:52:27+00:00,12.2,72
2026-03-02T11:57:53+00:00,12.2,72
2026-03-02T12:04:01+00:00,12.4,71
2026-03-02T12:09:53+00:00,12.4,71
2026-03-02T12:17:18+00:00,12.5,70
2026-03-02T12:27:53+00:00,12.7,69
2026-03-02T12:39:53+00:00,12.8,68
2026-03-02T12:45:54+00:00,12.9,67
2026-03-02T12:52:05+00:00,12.9,67
2026-03-02T12:57:54+00:00,12.9,67
2026-03-02T13:03:54+00:00,13,66
2026-03-02T13:09:53+00:00,13,66
2026-03-02T13:15:54+00:00,12.4,68
2026-03-02T13:22:14+00:00,12.4,68
2026-03-02T13:27:54+00:00,12.4,68
2026-03-02T13:34:16+00:00,11.5,72
2026-03-02T13:39:54+00:00,11.5,72
2026-03-02T13:45:55+00:00,10.3,86
2026-03-02T13:52:38+00:00,10.3,86
2026-03-02T13:57:53+00:00,10.3,86
2026-03-02T14:04:36+00:00,9.6,91
2026-03-02T14:09:53+00:00,9.6,91
2026-03-02T14:15:53+00:00,9.199999999999999,92
2026-03-02T14:21:55+00:00,9.199999999999999,92
2026-03-02T14:27:54+00:00,9.1,92
2026-03-02T14:33:55+00:00,9,91
2026-03-02T14:39:54+00:00,9,91
2026-03-02T14:45:55+00:00,9,89
2026-03-02T14:52:22+00:00,9,89
2026-03-02T14:57:54+00:00,9,89
2026-03-02T15:04:42+00:00,8.9,88
2026-03-02T15:09:55+00:00,8.9,88
2026-03-02T15:16:54+00:00,9,87
2026-03-02T15:22:17+00:00,9,87
2026-03-02T15:27:53+00:00,8.9,87
2026-03-02T15:34:04+00:00,9,87
2026-03-02T15:39:54+00:00,9,87
2026-03-02T15:45:54+00:00,9.199999999999999,86
2026-03-02T15:52:22+00:00,9.199999999999999,86
2026-03-02T15:57:53+00:00,9.199999999999999,86
2026-03-02T16:03:54+00:00,9.300000000000001,85
2026-03-02T16:09:53+00:00,9.300000000000001,85
2026-03-02T16:15:55+00:00,9.300000000000001,85
2026-03-02T16:21:55+00:00,9.300000000000001,85
2026-03-02T16:27:54+00:00,9.300000000000001,85
2026-03-02T16:33:56+00:00,9.300000000000001,86
2026-03-02T16:39:53+00:00,9.300000000000001,86
2026-03-02T16:45:54+00:00,9.1,89
2026-03-02T16:52:33+00:00,9.1,89
2026-03-02T16:57:55+00:00,9.1,89
2026-03-02T17:04:06+00:00,9.199999999999999,88
2026-03-02T17:09:54+00:00,9.199999999999999,88
2026-03-02T17:15:54+00:00,9.199999999999999,88
2026-03-02T17:22:04+00:00,9.199999999999999,88
2026-03-02T17:27:54+00:00,9.5,87
2026-03-02T17:33:59+00:00,9.5,88
2026-03-02T17:39:54+00:00,9.5,88
2026-03-02T17:45:53+00:00,9.5,89
2026-03-02T17:52:34+00:00,9.5,89
2026-03-02T17:57:53+00:00,9.5,89
2026-03-02T18:03:55+00:00,9.5,90
2026-03-02T18:09:53+00:00,9.5,90
2026-03-02T18:15:54+00:00,9.5,90
2026-03-02T18:22:09+00:00,9.5,90
2026-03-02T18:27:53+00:00,9.699999999999999,88
2026-03-02T18:33:54+00:00,9.800000000000001,86
2026-03-02T18:39:53+00:00,9.800000000000001,86
2026-03-02T18:45:54+00:00,9.800000000000001,84
2026-03-02T18:52:14+00:00,9.800000000000001,84
2026-03-02T18:57:53+00:00,9.800000000000001,84
2026-03-02T19:04:23+00:00,9.800000000000001,83
2026-03-02T19:09:54+00:00,9.800000000000001,83
2026-03-02T19:15:54+00:00,9.699999999999999,84
2026-03-02T19:22:42+00:00,9.699999999999999,84
2026-03-02T19:27:53+00:00,9.699999999999999,84
2026-03-02T19:34:09+00:00,9.6,85
2026-03-02T19:40:03+00:00,9.6,85
2026-03-02T19:46:32+00:00,9.4,88
2026-03-02T19:52:12+00:00,9.4,88
2026-03-02T20:03:56+00:00,9.300000000000001,88
2026-03-02T20:10:17+00:00,9.300000000000001,88
2026-03-02T20:15:55+00:00,9.1,89
2026-03-02T20:22:09+00:00,9.1,89
2026-03-02T20:28:00+00:00,9.199999999999999,90
2026-03-02T20:33:56+00:00,9,91
2026-03-02T20:39:59+00:00,9,91
2026-03-02T20:46:35+00:00,8.800000000000001,92
2026-03-02T20:51:56+00:00,8.800000000000001,92
2026-03-02T20:58:04+00:00,8.800000000000001,92
2026-03-02T21:03:54+00:00,8.699999999999999,92
2026-03-02T21:09:55+00:00,8.699999999999999,92
2026-03-02T21:17:09+00:00,8.699999999999999,92
2026-03-02T21:21:59+00:00,8.699999999999999,92
2026-03-02T21:28:18+00:00,8.4,90
2026-03-02T21:34:11+00:00,8.300000000000001,91
2026-03-02T21:40:10+00:00,8.300000000000001,91
2026-03-02T21:46:37+00:00,8.199999999999999,92
2026-03-02T21:52:11+00:00,8.199999999999999,92
2026-03-02T21:57:56+00:00,8.199999999999999,92
2026-03-02T22:04:02+00:00,8.1,92
2026-03-02T22:09:55+00:00,8.1,92
2026-03-02T22:16:33+00:00,8,91
2026-03-02T22:21:55+00:00,8,91
2026-03-02T22:27:55+00:00,8,91
2026-03-02T22:33:55+00:00,8,89
2026-03-02T22:40:30+00:00,8,89
2026-03-02T22:46:01+00:00,8.300000000000001,86
2026-03-02T22:52:03+00:00,8.300000000000001,86
2026-03-02T22:58:04+00:00,8.300000000000001,86
2026-03-02T23:09:55+00:00,8.199999999999999,85
2026-03-02T23:16:18+00:00,8.199999999999999,84
2026-03-02T23:28:13+00:00,8.5,87
2026-03-02T23:34:06+00:00,8.5,85
2026-03-02T23:39:56+00:00,8.5,85
2026-03-02T23:46:00+00:00,8.4,83
2026-03-02T23:52:18+00:00,8.4,83
2026-03-02T23:58:01+00:00,8.4,83
2026-03-03T00:03:56+00:00,8.4,82
2026-03-03T00:09:55+00:00,8.4,82
2026-03-03T00:21:55+00:00,8.300000000000001,82
2026-03-03T00:27:57+00:00,8.1,84
2026-03-03T00:33:56+00:00,8.1,84
2026-03-03T00:40:03+00:00,8.1,84
2026-03-03T00:46:20+00:00,8.199999999999999,83
2026-03-03T00:51:55+00:00,8.199999999999999,83
2026-03-03T00:57:57+00:00,8.199999999999999,83
2026-03-03T01:03:56+00:00,8.199999999999999,83
2026-03-03T01:09:56+00:00,8.199999999999999,83
2026-03-03T01:16:48+00:00,8.1,84
2026-03-03T01:21:55+00:00,8.1,84
2026-03-03T01:28:24+00:00,8.1,84
2026-03-03T01:33:57+00:00,7.9,85
2026-03-03T01:40:00+00:00,7.9,85
2026-03-03T01:45:58+00:00,7.8,86
2026-03-03T01:52:23+00:00,7.8,86
2026-03-03T01:58:10+00:00,7.8,86
2026-03-03T02:03:56+00:00,7.6,87
2026-03-03T02:10:15+00:00,7.6,87
2026-03-03T02:16:34+00:00,7.5,87
2026-03-03T02:22:24+00:00,7.5,87
2026-03-03T02:28:34+00:00,7.8,85
2026-03-03T02:34:06+00:00,7.7,85
2026-03-03T02:45:56+00:00,7.6,84
2026-03-03T02:51:54+00:00,7.6,84
2026-03-03T02:57:54+00:00,7.6,84
2026-03-03T03:04:18+00:00,7.5,84
2026-03-03T03:09:53+00:00,7.5,84
2026-03-03T03:16:41+00:00,7.4,84
2026-03-03T03:22:04+00:00,7.4,84
2026-03-03T03:27:55+00:00,7.3,84
2026-03-03T03:33:55+00:00,7.2,84
2026-03-03T03:39:59+00:00,7.2,84
2026-03-03T03:45:59+00:00,7.2,85
2026-03-03T03:52:28+00:00,7.2,85
2026-03-03T03:57:54+00:00,7.2,85
2026-03-03T04:04:08+00:00,7.2,85
2026-03-03T04:09:59+00:00,7.2,85
2026-03-03T04:21:55+00:00,7.1,86
2026-03-03T04:28:09+00:00,7.1,86
2026-03-03T04:34:27+00:00,7,87
2026-03-03T04:39:56+00:00,7,87
2026-03-03T04:46:27+00:00,6.6,88
2026-03-03T04:51:57+00:00,6.6,88
2026-03-03T04:57:56+00:00,6.6,88
2026-03-03T05:03:56+00:00,6.5,89
2026-03-03T05:09:56+00:00,6.5,89
2026-03-03T05:16:11+00:00,6.3,89
2026-03-03T05:21:59+00:00,6.3,89
2026-03-03T05:27:55+00:00,6.3,89
2026-03-03T05:33:56+00:00,6.2,89
2026-03-03T05:39:53+00:00,6.2,89
2026-03-03T05:46:12+00:00,6.1,88
2026-03-03T05:51:56+00:00,6.1,88
2026-03-03T05:57:55+00:00,6.1,88
2026-03-03T06:03:55+00:00,6,88
2026-03-03T06:15:55+00:00,5.9,88
2026-03-03T06:22:18+00:00,5.9,88
2026-03-03T06:27:56+00:00,6.3,88
2026-03-03T06:33:56+00:00,6.2,88
2026-03-03T06:40:08+00:00,6.2,88
2026-03-03T06:46:47+00:00,6.1,87
2026-03-03T06:52:19+00:00,6.1,87
2026-03-03T06:57:55+00:00,6.1,87
2026-03-03T07:03:55+00:00,6.1,87
2026-03-03T07:10:05+00:00,6.1,87
2026-03-03T07:16:50+00:00,6.1,86
2026-03-03T07:21:55+00:00,6.1,86
2026-03-03T07:28:25+00:00,6.1,86
2026-03-03T07:34:23+00:00,6.1,85
2026-03-03T07:40:31+00:00,6.1,85
2026-03-03T07:46:54+00:00,6.7,92
2026-03-03T07:52:10+00:00,6.7,92
2026-03-03T07:57:55+00:00,6.7,92
2026-03-03T08:04:13+00:00,6.8,92
2026-03-03T08:10:23+00:00,6.8,92
2026-03-03T08:16:16+00:00,7,89
2026-03-03T08:22:02+00:00,7,89
2026-03-03T08:28:17+00:00,6.5,89
2026-03-03T08:34:37+00:00,6.8,85
2026-03-03T08:40:44+00:00,6.8,85
2026-03-03T08:46:07+00:00,7,81
2026-03-03T08:52:12+00:00,7,81
2026-03-03T08:58:02+00:00,7,81
2026-03-03T09:04:39+00:00,7.2,78
2026-03-03T09:09:56+00:00,7.2,78
2026-03-03T09:15:55+00:00,7.5,75
2026-03-03T09:21:56+00:00,7.5,75
2026-03-03T09:27:58+00:00,7.5,76
2026-03-03T09:40:11+00:00,7.9,70
2026-03-03T09:51:59+00:00,8.199999999999999,65
2026-03-03T09:58:00+00:00,8.199999999999999,65
2026-03-03T10:03:56+00:00,8.5,61
2026-03-03T10:10:25+00:00,8.5,61
2026-03-03T10:16:02+00:00,8.699999999999999,59
2026-03-03T10:21:56+00:00,8.699999999999999,59
2026-03-03T10:28:01+00:00,8.699999999999999,59
2026-03-03T10:34:02+00:00,8.9,58
2026-03-03T10:46:08+00:00,8.9,51
2026-03-03T10:51:57+00:00,8.9,51
2026-03-03T10:58:33+00:00,8.9,51
2026-03-03T11:03:59+00:00,9.1,50
2026-03-03T11:09:57+00:00,9.1,50
2026-03-03T11:16:37+00:00,9.4,49
2026-03-03T11:22:05+00:00,9.4,49
2026-03-03T11:27:55+00:00,9.199999999999999,50
2026-03-03T11:34:30+00:00,9.4,50
2026-03-03T11:40:09+00:00,9.4,50
2026-03-03T11:46:18+00:00,9.6,49
2026-03-03T11:51:55+00:00,9.6,49
2026-03-03T11:58:07+00:00,9.6,49
2026-03-03T12:04:01+00:00,9.699999999999999,49
2026-03-03T12:09:55+00:00,9.699999999999999,49
2026-03-03T12:22:10+00:00,9.9,48
2026-03-03T12:28:32+00:00,9.6,47
2026-03-03T12:33:55+00:00,9.9,47
2026-03-03T12:39:55+00:00,9.9,47
2026-03-03T12:46:04+00:00,10.1,46
2026-03-03T12:52:13+00:00,10.1,46
2026-03-03T12:57:54+00:00,10.1,46
2026-03-03T13:10:04+00:00,10.3,45
2026-03-03T13:21:55+00:00,10.5,45
2026-03-03T13:27:55+00:00,10.5,45
2026-03-03T13:33:55+00:00,10.6,44
2026-03-03T13:39:55+00:00,10.6,44
2026-03-03T13:46:04+00:00,11.1,42
2026-03-03T13:51:58+00:00,11.1,42
2026-03-03T13:57:55+00:00,11.1,42
2026-03-03T14:04:20+00:00,11.2,42
2026-03-03T14:09:56+00:00,11.2,42
2026-03-03T14:16:01+00:00,11.3,42
2026-03-03T14:21:55+00:00,11.3,42
2026-03-03T14:28:38+00:00,11.4,41
2026-03-03T14:34:21+00:00,11.5,42
2026-03-03T14:39:56+00:00,11.5,42
2026-03-03T14:46:02+00:00,11.6,42
2026-03-03T14:51:56+00:00,11.6,42
2026-03-03T14:57:55+00:00,11.6,42
2026-03-03T15:09:56+00:00,11.7,42
2026-03-03T15:15:59+00:00,11.8,43
2026-03-03T15:21:56+00:00,11.8,43
2026-03-03T15:28:06+00:00,11.7,44
2026-03-03T15:33:55+00:00,11.8,45
2026-03-03T15:39:56+00:00,11.8,45
2026-03-03T15:46:20+00:00,11.9,46
2026-03-03T15:51:56+00:00,11.9,46
2026-03-03T15:57:56+00:00,11.9,46
2026-03-03T16:04:11+00:00,12,47
2026-03-03T16:10:28+00:00,12,47
2026-03-03T16:15:58+00:00,11.9,48
2026-03-03T16:21:56+00:00,11.9,48
2026-03-03T16:28:24+00:00,11.9,48
2026-03-03T16:33:55+00:00,11.7,49
2026-03-03T16:40:19+00:00,11.7,49
2026-03-03T16:46:27+00:00,11.4,51
2026-03-03T16:51:55+00:00,11.4,51
2026-03-03T16:58:25+00:00,11.4,51
2026-03-03T17:03:55+00:00,11.3,52
2026-03-03T17:09:56+00:00,11.3,52
2026-03-03T17:15:58+00:00,11.1,53
2026-03-03T17:21:54+00:00,11.1,53
2026-03-03T17:27:55+00:00,11.1,52
2026-03-03T17:34:34+00:00,10.8,54
2026-03-03T17:39:56+00:00,10.8,54
2026-03-03T17:46:38+00:00,10.6,56
2026-03-03T17:52:06+00:00,10.6,56
2026-03-03T17:58:03+00:00,10.6,56
2026-03-03T18:04:01+00:00,10.5,57
2026-03-03T18:09:56+00:00,10.5,57
2026-03-03T18:15:55+00:00,10.3,58
2026-03-03T18:21:55+00:00,10.3,58
2026-03-03T18:28:04+00:00,10.4,58
2026-03-03T18:34:03+00:00,10.3,59
2026-03-03T18:46:12+00:00,10.2,60
2026-03-03T18:51:56+00:00,10.2,60
2026-03-03T18:57:55+00:00,10.2,60
2026-03-03T19:03:54+00:00,10.1,60
2026-03-03T19:09:56+00:00,10.1,60
2026-03-03T19:16:04+00:00,10,61
2026-03-03T19:21:55+00:00,10,61
2026-03-03T19:28:27+00:00,10,61
2026-03-03T19:34:19+00:00,9.800000000000001,62
2026-03-03T19:40:53+00:00,9.800000000000001,62
2026-03-03T19:46:38+00:00,9.6,63
2026-03-03T19:57:56+00:00,9.6,63
2026-03-03T20:04:15+00:00,9.5,64
2026-03-03T20:09:55+00:00,9.5,64
2026-03-03T20:16:53+00:00,9.4,65
2026-03-03T20:22:28+00:00,9.4,65
2026-03-03T20:33:56+00:00,9.5,66
2026-03-03T20:40:18+00:00,9.5,66
2026-03-03T20:46:41+00:00,9.5,67
2026-03-03T20:52:58+00:00,9.5,67
2026-03-03T20:58:44+00:00,9.5,67
2026-03-03T21:03:56+00:00,9.5,68
2026-03-03T21:10:22+00:00,9.5,68
2026-03-03T21:16:54+00:00,9.4,69
2026-03-03T21:21:56+00:00,9.4,69
2026-03-03T21:27:57+00:00,9.199999999999999,70
2026-03-03T21:34:07+00:00,9.1,70
2026-03-03T21:40:14+00:00,9.1,70
2026-03-03T21:46:28+00:00,9,70
2026-03-03T21:51:57+00:00,9,70
2026-03-03T21:57:55+00:00,9,70
2026-03-03T22:03:58+00:00,9,70
2026-03-03T22:09:57+00:00,9,70
2026-03-03T22:16:26+00:00,8.9,70
2026-03-03T22:21:54+00:00,8.9,70
2026-03-03T22:28:01+00:00,8.9,70
2026-03-03T22:34:31+00:00,8.9,70
2026-03-03T22:40:03+00:00,8.9,70
2026-03-03T22:45:58+00:00,8.9,70
2026-03-03T22:52:08+00:00,8.9,70
2026-03-03T22:57:54+00:00,8.9,70
2026-03-03T23:03:55+00:00,8.800000000000001,70
2026-03-03T23:09:57+00:00,8.800000000000001,70
2026-03-03T23:15:57+00:00,8.699999999999999,70
2026-03-03T23:22:27+00:00,8.699999999999999,70
2026-03-03T23:28:40+00:00,8.5,70
2026-03-03T23:33:56+00:00,8.4,69
2026-03-03T23:39:55+00:00,8.4,69
2026-03-03T23:46:08+00:00,8.4,69
2026-03-03T23:51:56+00:00,8.4,69
2026-03-03T23:57:55+00:00,8.4,69
2026-03-04T00:04:18+00:00,8.300000000000001,69
2026-03-04T00:10:22+00:00,8.300000000000001,69
2026-03-04T00:21:55+00:00,8.199999999999999,69
2026-03-04T00:27:56+00:00,8.199999999999999,68
2026-03-04T00:34:14+00:00,8.199999999999999,67
2026-03-04T00:46:44+00:00,8.1,67
2026-03-04T00:52:04+00:00,8.1,67
2026-03-04T00:57:55+00:00,8.1,67
2026-03-04T01:15:55+00:00,8,67
2026-03-04T01:21:55+00:00,8,67
2026-03-04T01:27:55+00:00,8,67
2026-03-04T01:33:56+00:00,7.9,67
2026-03-04T01:40:05+00:00,7.9,67
2026-03-04T01:46:45+00:00,8.300000000000001,68
2026-03-04T01:52:08+00:00,8.300000000000001,68
2026-03-04T01:58:31+00:00,8.300000000000001,68
2026-03-04T02:04:26+00:00,8.300000000000001,68
2026-03-04T02:09:59+00:00,8.300000000000001,68
2026-03-04T02:15:55+00:00,8.199999999999999,69
2026-03-04T02:22:32+00:00,8.199999999999999,69
2026-03-04T02:28:52+00:00,8.1,70
2026-03-04T02:33:55+00:00,8,70
2026-03-04T02:39:56+00:00,8,70
2026-03-04T02:46:07+00:00,7.9,71
2026-03-04T02:52:21+00:00,7.9,71
2026-03-04T02:58:13+00:00,7.9,71
2026-03-04T03:04:00+00:00,7.9,71
2026-03-04T03:09:56+00:00,7.9,71
2026-03-04T03:16:03+00:00,7.8,71
2026-03-04T03:21:56+00:00,7.8,71
2026-03-04T03:28:35+00:00,8,69
2026-03-04T03:39:55+00:00,8,70
2026-03-04T03:45:55+00:00,7.9,71
2026-03-04T03:51:55+00:00,7.9,71
2026-03-04T03:58:11+00:00,7.9,71
2026-03-04T04:04:32+00:00,7.9,71
2026-03-04T04:09:55+00:00,7.9,71
2026-03-04T04:16:14+00:00,7.9,71
2026-03-04T04:22:38+00:00,7.9,71
2026-03-04T04:27:55+00:00,7.9,71
2026-03-04T04:34:14+00:00,7.8,72
2026-03-04T04:40:09+00:00,7.8,72
2026-03-04T04:45:56+00:00,7.8,72
2026-03-04T04:51:55+00:00,7.9,73
2026-03-04T04:58:10+00:00,7.9,73
2026-03-04T05:03:55+00:00,7.8,73
2026-03-04T05:09:55+00:00,7.8,73
2026-03-04T05:15:56+00:00,7.6,73
2026-03-04T05:21:55+00:00,7.6,73
2026-03-04T05:27:57+00:00,7.6,74
2026-03-04T05:33:56+00:00,7.4,75
2026-03-04T05:40:12+00:00,7.4,75
2026-03-04T05:46:27+00:00,7.3,75
2026-03-04T05:58:20+00:00,7.3,75
2026-03-04T06:04:01+00:00,7.2,75
2026-03-04T06:09:56+00:00,7.2,75
2026-03-04T06:28:20+00:00,7,76
2026-03-04T06:34:44+00:00,6.9,76
2026-03-04T06:39:56+00:00,6.9,76
2026-03-04T06:51:56+00:00,6.9,76
2026-03-04T06:58:20+00:00,6.9,76
2026-03-04T07:03:55+00:00,6.8,76
2026-03-04T07:09:55+00:00,6.8,76
2026-03-04T07:16:27+00:00,6.9,76
2026-03-04T07:21:55+00:00,6.9,76
2026-03-04T07:28:14+00:00,6.9,76
2026-03-04T07:33:55+00:00,7,75
2026-03-04T07:39:56+00:00,7,75
2026-03-04T07:45:56+00:00,7.1,74
2026-03-04T07:52:26+00:00,7.1,76
2026-03-04T07:57:57+00:00,7.1,76
2026-03-04T08:03:55+00:00,7.2,76
2026-03-04T08:09:55+00:00,7.2,76
2026-03-04T08:16:14+00:00,7.4,75
2026-03-04T08:22:02+00:00,7.4,75
2026-03-04T08:27:58+00:00,7.6,74
2026-03-04T08:33:59+00:00,7.8,72
2026-03-04T08:39:55+00:00,7.8,72
2026-03-04T08:46:34+00:00,8.1,71
2026-03-04T09:21:58+00:00,8.6,69
2026-03-04T09:27:54+00:00,8.800000000000001,69
2026-03-04T09:34:03+00:00,9.300000000000001,67
2026-03-04T09:39:55+00:00,9.300000000000001,67
2026-03-04T09:46:40+00:00,9.800000000000001,65
2026-03-04T09:52:09+00:00,9.800000000000001,65
2026-03-04T09:58:46+00:00,9.800000000000001,65
2026-03-04T10:03:58+00:00,10.1,64
2026-03-04T10:09:59+00:00,10.1,64
2026-03-04T10:17:03+00:00,10.4,64
2026-03-04T10:22:57+00:00,10.4,64
2026-03-04T10:28:29+00:00,10.4,64
2026-03-04T10:34:46+00:00,10.7,64
2026-03-04T10:40:27+00:00,10.7,64
2026-03-04T10:46:00+00:00,10.8,63
2026-03-04T10:57:58+00:00,10.8,63
2026-03-04T11:03:55+00:00,10.9,63
2026-03-04T11:09:55+00:00,10.9,63
2026-03-04T11:15:54+00:00,11.2,63
2026-03-04T11:21:54+00:00,11.2,63
2026-03-04T11:28:23+00:00,11.4,61
2026-03-04T11:33:54+00:00,11.7,61
2026-03-04T11:39:55+00:00,11.7,61
2026-03-04T11:46:50+00:00,12,60
2026-03-04T11:58:33+00:00,12,60
2026-03-04T12:16:15+00:00,12.6,59
2026-03-04T12:22:25+00:00,12.6,59
2026-03-04T12:28:00+00:00,12.8,58
2026-03-04T12:34:15+00:00,13.2,58
2026-03-04T12:39:55+00:00,13.2,58
2026-03-04T12:46:03+00:00,13.5,57
2026-03-04T12:52:04+00:00,13.5,57
2026-03-04T12:57:55+00:00,13.5,57
2026-03-04T13:03:55+00:00,13.8,57
2026-03-04T13:10:37+00:00,13.8,57
2026-03-04T13:15:55+00:00,14,56
2026-03-04T13:21:56+00:00,14,56
2026-03-04T13:27:55+00:00,14,56
2026-03-04T13:34:06+00:00,14.2,55
2026-03-04T13:39:56+00:00,14.2,55
2026-03-04T13:46:25+00:00,14.4,55
2026-03-04T13:51:59+00:00,14.6,54
2026-03-04T13:57:55+00:00,14.6,54
2026-03-04T14:04:14+00:00,14.7,53
2026-03-04T14:09:55+00:00,14.7,53
2026-03-04T14:16:03+00:00,14.7,53
2026-03-04T14:21:57+00:00,14.7,53
2026-03-04T14:27:56+00:00,14.7,53
2026-03-04T14:33:57+00:00,14.6,54
2026-03-04T14:40:23+00:00,14.5,55
2026-03-04T14:46:46+00:00,14.4,56
2026-03-04T14:52:13+00:00,14.4,56
2026-03-04T14:57:55+00:00,14.4,56
2026-03-04T15:03:56+00:00,14.3,56
2026-03-04T15:16:46+00:00,14.1,57
2026-03-04T15:27:55+00:00,14.1,59
2026-03-04T15:34:02+00:00,13.9,59
2026-03-04T15:40:07+00:00,13.9,59
2026-03-04T15:46:33+00:00,13.8,60
2026-03-04T15:51:59+00:00,13.8,60
2026-03-04T15:58:02+00:00,13.8,60
2026-03-04T16:03:57+00:00,13.7,60
2026-03-04T16:09:54+00:00,13.7,60
2026-03-04T16:16:55+00:00,13.5,61
2026-03-04T16:22:00+00:00,13.5,61
2026-03-04T16:34:14+00:00,13.2,63
2026-03-04T16:46:51+00:00,13.1,65
2026-03-04T16:58:12+00:00,13.1,65
2026-03-04T17:03:55+00:00,12.9,66
2026-03-04T17:16:07+00:00,12.6,68
2026-03-04T17:21:55+00:00,12.6,68
2026-03-04T17:28:38+00:00,13,67
2026-03-04T17:33:57+00:00,12.6,68
2026-03-04T17:39:56+00:00,12.6,68
2026-03-04T17:46:01+00:00,12.3,70
2026-03-04T17:51:58+00:00,12.3,70
2026-03-04T17:58:37+00:00,12.3,70
2026-03-04T18:04:04+00:00,12.1,71
2026-03-04T18:10:03+00:00,12.1,71
2026-03-04T18:16:36+00:00,11.8,72
2026-03-04T18:22:00+00:00,11.8,72
2026-03-04T18:28:19+00:00,11.9,72
2026-03-04T18:40:19+00:00,11.6,73
2026-03-04T18:45:55+00:00,11.4,74
2026-03-04T18:51:56+00:00,11.4,74
2026-03-04T18:58:29+00:00,11.4,74
2026-03-04T19:04:20+00:00,11.2,75
2026-03-04T19:10:25+00:00,11.2,75
2026-03-04T19:16:26+00:00,11,76
2026-03-04T19:22:07+00:00,11,76
2026-03-04T19:28:10+00:00,11,76
2026-03-04T19:34:21+00:00,10.7,77
2026-03-04T19:39:55+00:00,10.7,77
2026-03-04T19:46:26+00:00,10.5,78
2026-03-04T19:51:56+00:00,10.6,78
2026-03-04T19:58:21+00:00,10.6,78
2026-03-04T20:03:56+00:00,10.4,79
2026-03-04T20:09:56+00:00,10.4,79
2026-03-04T20:16:18+00:00,10.2,80
2026-03-04T20:21:56+00:00,10.2,80
2026-03-04T20:27:55+00:00,10.3,79
2026-03-04T20:34:28+00:00,10.1,80
2026-03-04T20:46:01+00:00,9.800000000000001,81
2026-03-04T20:58:12+00:00,9.800000000000001,81
2026-03-04T21:03:55+00:00,9.699999999999999,81
2026-03-04T21:10:27+00:00,9.699999999999999,81
2026-03-04T21:15:56+00:00,9.5,82
2026-03-04T21:22:17+00:00,9.5,82
2026-03-04T21:27:55+00:00,9.6,81
2026-03-04T21:34:29+00:00,9.4,82
2026-03-04T21:40:12+00:00,9.4,82
2026-03-04T21:45:55+00:00,9.199999999999999,82
2026-03-04T21:51:56+00:00,9.199999999999999,82
2026-03-04T22:10:32+00:00,9.1,83
2026-03-04T22:15:59+00:00,9,83
2026-03-04T22:22:10+00:00,9,83
2026-03-04T22:27:55+00:00,9,83
2026-03-04T22:33:56+00:00,9,84
2026-03-04T22:39:55+00:00,9,84
2026-03-04T22:46:03+00:00,8.800000000000001,84
2026-03-04T22:52:21+00:00,8.800000000000001,84
2026-03-04T22:57:55+00:00,8.800000000000001,84
2026-03-04T23:04:33+00:00,8.800000000000001,84
2026-03-04T23:10:20+00:00,8.800000000000001,84
2026-03-04T23:21:55+00:00,8.699999999999999,84
2026-03-04T23:28:21+00:00,8.5,84
2026-03-04T23:34:20+00:00,8.5,85
2026-03-04T23:40:14+00:00,8.5,85
2026-03-04T23:45:55+00:00,8.5,86
2026-03-04T23:52:00+00:00,8.5,86
2026-03-04T23:58:28+00:00,8.5,86
2026-03-05T00:03:55+00:00,8.5,86
2026-03-05T00:10:32+00:00,8.5,86
2026-03-05T00:16:02+00:00,8.4,86
2026-03-05T00:21:56+00:00,8.4,86
2026-03-05T00:33:56+00:00,8.199999999999999,86
2026-03-05T00:45:55+00:00,8.1,85
2026-03-05T00:52:22+00:00,8.1,85
2026-03-05T00:57:55+00:00,8.1,85
2026-03-05T01:03:57+00:00,8.1,85
2026-03-05T01:09:57+00:00,8.1,85
2026-03-05T01:16:26+00:00,8,85
2026-03-05T01:21:56+00:00,8,85
2026-03-05T01:28:32+00:00,8,85
2026-03-05T01:34:13+00:00,8,85
2026-03-05T01:40:03+00:00,8,85
2026-03-05T01:45:55+00:00,7.9,85
2026-03-05T01:57:57+00:00,8,85
2026-03-05T02:09:56+00:00,7.9,85
2026-03-05T02:16:11+00:00,7.8,85
2026-03-05T02:21:56+00:00,7.8,85
2026-03-05T02:28:31+00:00,7.7,85
2026-03-05T02:33:55+00:00,7.7,85
2026-03-05T02:39:55+00:00,7.7,85
2026-03-05T02:46:55+00:00,7.6,85
2026-03-05T02:52:18+00:00,7.6,85
2026-03-05T02:58:02+00:00,7.6,85
2026-03-05T03:03:58+00:00,7.5,85
2026-03-05T03:09:56+00:00,7.5,85
2026-03-05T03:16:22+00:00,7.5,85
2026-03-05T03:28:34+00:00,7.5,85
2026-03-05T03:33:57+00:00,7.4,85
2026-03-05T03:40:05+00:00,7.4,85
2026-03-05T03:45:57+00:00,7.4,85
2026-03-05T03:52:36+00:00,7.4,85
2026-03-05T03:58:32+00:00,7.4,85
2026-03-05T04:10:24+00:00,7.3,85
2026-03-05T04:16:33+00:00,7.3,85
2026-03-05T04:22:06+00:00,7.3,85
2026-03-05T04:28:42+00:00,7.3,85
2026-03-05T04:34:16+00:00,7.3,84
2026-03-05T04:40:06+00:00,7.3,84
2026-03-05T04:46:05+00:00,7.4,83
2026-03-05T04:51:56+00:00,7.4,83
2026-03-05T04:58:06+00:00,7.4,83
2026-03-05T05:04:27+00:00,7.4,83
2026-03-05T05:10:45+00:00,7.4,83
2026-03-05T05:16:00+00:00,7.4,83
2026-03-05T05:21:56+00:00,7.4,83
2026-03-05T05:27:55+00:00,7.5,83
2026-03-05T05:34:23+00:00,7.5,83
2026-03-05T05:40:10+00:00,7.5,83
2026-03-05T05:46:34+00:00,7.5,83
2026-03-05T05:51:57+00:00,7.5,83
2026-03-05T05:58:42+00:00,7.5,83
2026-03-05T06:10:03+00:00,7.5,83
2026-03-05T06:22:22+00:00,7.5,83
2026-03-05T06:28:13+00:00,7.6,83
2026-03-05T06:33:55+00:00,7.6,82
2026-03-05T06:45:56+00:00,7.6,82
2026-03-05T06:51:56+00:00,7.6,82
2026-03-05T06:58:20+00:00,7.6,82
2026-03-05T07:03:54+00:00,7.6,82
2026-03-05T07:10:12+00:00,7.6,82
2026-03-05T07:15:55+00:00,7.7,82
2026-03-05T07:21:55+00:00,7.7,82
2026-03-05T07:28:22+00:00,7.7,82
2026-03-05T07:33:55+00:00,7.8,81
2026-03-05T07:39:57+00:00,7.8,81
2026-03-05T07:51:55+00:00,7.6,81
2026-03-05T07:58:44+00:00,7.6,81
2026-03-05T08:04:48+00:00,7.7,81
2026-03-05T08:10:17+00:00,7.7,81
2026-03-05T08:16:09+00:00,8,80
2026-03-05T08:21:55+00:00,8,80
2026-03-05T08:28:33+00:00,7.9,80
2026-03-05T08:34:28+00:00,8.300000000000001,78
2026-03-05T08:40:04+00:00,8.300000000000001,78
2026-03-05T08:46:19+00:00,8.6,77
2026-03-05T08:58:35+00:00,8.6,77
2026-03-05T09:04:46+00:00,8.9,76
2026-03-05T09:09:56+00:00,8.9,76
2026-03-05T09:22:41+00:00,9.300000000000001,74
2026-03-05T09:28:40+00:00,9,76
2026-03-05T09:33:57+00:00,9.5,74
2026-03-05T09:40:15+00:00,9.5,74
2026-03-05T09:52:37+00:00,10,72
2026-03-05T09:57:56+00:00,10,72
2026-03-05T10:09:55+00:00,10.3,71
2026-03-05T10:16:57+00:00,10.8,69
2026-03-05T10:22:28+00:00,10.8,69
2026-03-05T10:27:58+00:00,10.8,69
2026-03-05T10:39:55+00:00,11.4,68
2026-03-05T10:47:12+00:00,11.8,67
2026-03-05T10:52:15+00:00,11.8,67
2026-03-05T10:58:11+00:00,11.8,67
2026-03-05T11:03:55+00:00,12.1,66
2026-03-05T11:10:09+00:00,12.1,66
2026-03-05T11:15:55+00:00,12.7,65
2026-03-05T11:45:55+00:00,13.6,62
2026-03-05T11:58:09+00:00,13.6,62
2026-03-05T12:04:42+00:00,13.9,61
2026-03-05T12:09:55+00:00,13.9,61
2026-03-05T12:16:45+00:00,14.3,59
2026-03-05T12:22:13+00:00,14.3,59
2026-03-05T12:28:04+00:00,14.1,61
2026-03-05T12:34:21+00:00,14.4,59
2026-03-05T12:39:55+00:00,14.4,59
2026-03-05T12:46:00+00:00,14.7,57
2026-03-05T12:51:56+00:00,14.7,57
2026-03-05T12:57:55+00:00,14.7,57
2026-03-05T13:03:56+00:00,14.9,56
2026-03-05T13:10:05+00:00,14.9,56
2026-03-05T13:16:38+00:00,15.1,55
2026-03-05T13:21:57+00:00,15.1,55
2026-03-05T13:27:56+00:00,15.1,55
2026-03-05T13:34:16+00:00,15.2,55
2026-03-05T13:40:21+00:00,15.2,55
2026-03-05T13:46:51+00:00,15.3,57
2026-03-05T13:51:54+00:00,15.3,57
2026-03-05T13:58:22+00:00,15.3,57
2026-03-05T14:04:05+00:00,15.4,57
2026-03-05T14:22:00+00:00,15.4,58
2026-03-05T14:27:57+00:00,15.4,59
2026-03-05T14:33:55+00:00,15.4,59
2026-03-05T14:40:22+00:00,15.4,59
2026-03-05T14:45:55+00:00,15.4,59
2026-03-05T14:52:01+00:00,15.4,59
2026-03-05T14:57:56+00:00,15.4,59
2026-03-05T15:04:22+00:00,15.4,59
2026-03-05T15:10:04+00:00,15.4,59
2026-03-05T15:16:13+00:00,15.4,60
2026-03-05T15:21:57+00:00,15.4,60
2026-03-05T15:27:55+00:00,15.4,60
2026-03-05T15:34:03+00:00,15.4,60
2026-03-05T15:40:23+00:00,15.4,60
2026-03-05T15:51:55+00:00,15.4,61
2026-03-05T15:58:03+00:00,15.4,61
2026-03-05T16:09:58+00:00,15.4,61
2026-03-05T16:16:14+00:00,15.1,65
2026-03-05T16:22:13+00:00,15.1,65
2026-03-05T16:27:55+00:00,15.1,65
2026-03-05T16:33:55+00:00,14.7,71
2026-03-05T16:39:56+00:00,14.7,71
2026-03-05T16:45:54+00:00,15.3,67
2026-03-05T16:52:19+00:00,15.3,67
2026-03-05T16:57:55+00:00,15.3,67
2026-03-05T17:04:20+00:00,15.1,69
2026-03-05T17:09:57+00:00,15.1,69
2026-03-05T17:16:23+00:00,14.9,71
2026-03-05T17:22:20+00:00,14.9,71
2026-03-05T17:27:54+00:00,14.8,71
2026-03-05T17:34:27+00:00,14.6,73
2026-03-05T17:39:56+00:00,14.6,73
2026-03-05T17:52:02+00:00,14.4,75
2026-03-05T17:57:55+00:00,14.4,75
2026-03-05T18:03:56+00:00,14.3,76
2026-03-05T18:10:15+00:00,14.3,76
2026-03-05T18:15:55+00:00,14.1,78
2026-03-05T18:22:30+00:00,14.1,78
2026-03-05T18:34:08+00:00,13.7,81
2026-03-05T18:40:37+00:00,13.7,81
2026-03-05T18:46:25+00:00,13.5,83
2026-03-05T18:51:58+00:00,13.5,83
2026-03-05T18:57:54+00:00,13.5,83
2026-03-05T19:04:21+00:00,13.4,84
2026-03-05T19:09:56+00:00,13.4,84
2026-03-05T19:28:31+00:00,13.3,85
2026-03-05T19:33:57+00:00,13.3,85
2026-03-05T19:39:58+00:00,13.3,85
2026-03-05T19:45:58+00:00,13.3,84
2026-03-05T19:57:58+00:00,13.2,88
2026-03-05T20:03:56+00:00,13.2,88
2026-03-05T20:10:37+00:00,13.2,88
2026-03-05T20:16:43+00:00,12.7,89
2026-03-05T20:22:11+00:00,12.7,89
2026-03-05T20:28:33+00:00,12.3,89
2026-03-05T20:34:10+00:00,11.5,90
2026-03-05T20:39:56+00:00,11.5,90
2026-03-05T20:52:10+00:00,10.7,90
2026-03-05T20:57:53+00:00,10.7,90
2026-03-05T21:04:13+00:00,10.2,91
2026-03-05T21:09:54+00:00,10.2,91
2026-03-05T21:16:08+00:00,9.699999999999999,91
2026-03-05T21:21:56+00:00,9.699999999999999,91
2026-03-05T21:28:06+00:00,9.699999999999999,90
2026-03-05T21:40:33+00:00,9.4,90
2026-03-05T21:57:54+00:00,9.199999999999999,89
2026-03-05T22:04:40+00:00,9,89
2026-03-05T22:09:55+00:00,9,89
2026-03-05T22:16:08+00:00,8.699999999999999,90
2026-03-05T22:21:55+00:00,8.699999999999999,90
2026-03-05T22:28:43+00:00,8.699999999999999,90
2026-03-05T22:33:56+00:00,8.5,90
2026-03-05T22:39:55+00:00,8.5,90
2026-03-05T22:46:19+00:00,8,89
2026-03-05T22:51:54+00:00,8,89
2026-03-05T22:57:54+00:00,8,89
2026-03-05T23:04:04+00:00,7.9,89
2026-03-05T23:10:40+00:00,7.9,89
2026-03-05T23:10:56+00:00,7.9,89
2026-03-05T23:15:55+00:00,7.7,89
2026-03-05T23:22:07+00:00,7.7,89
2026-03-05T23:28:34+00:00,7.7,92
2026-03-05T23:34:27+00:00,7.5,91
2026-03-05T23:40:07+00:00,7.5,91
2026-03-05T23:46:04+00:00,7.3,90
2026-03-05T23:52:03+00:00,7.3,90
2026-03-05T23:58:27+00:00,7.3,90
2026-03-06T00:22:07+00:00,7.2,90
2026-03-06T00:28:24+00:00,7.3,89
2026-03-06T00:33:54+00:00,7.3,89
2026-03-06T00:40:24+00:00,7.3,89
2026-03-06T00:45:56+00:00,7.3,89
2026-03-06T00:51:55+00:00,7.3,89
2026-03-06T00:57:54+00:00,7.3,89
2026-03-06T01:04:12+00:00,7.3,89
2026-03-06T01:09:54+00:00,7.3,89
2026-03-06T01:17:03+00:00,7.3,89
2026-03-06T01:34:19+00:00,7.2,89
2026-03-06T01:39:54+00:00,7.2,89
2026-03-06T01:46:36+00:00,7.4,87
2026-03-06T01:51:56+00:00,7.4,87
2026-03-06T01:57:58+00:00,7.4,87
2026-03-06T02:03:57+00:00,7.4,87
2026-03-06T02:10:22+00:00,7.4,87
2026-03-06T02:16:15+00:00,7.4,87
2026-03-06T02:22:26+00:00,7.4,87
2026-03-06T02:27:57+00:00,7.2,88
2026-03-06T02:52:00+00:00,7.3,88
2026-03-06T02:57:57+00:00,7.3,88
2026-03-06T03:03:56+00:00,7.3,88
2026-03-06T03:10:29+00:00,7.3,88
2026-03-06T03:17:00+00:00,7.2,89
2026-03-06T03:22:34+00:00,7.2,89
2026-03-06T03:34:00+00:00,6.9,91
2026-03-06T03:39:56+00:00,6.9,91
2026-03-06T03:47:05+00:00,6.8,93
2026-03-06T03:52:02+00:00,6.8,93
2026-03-06T03:57:54+00:00,6.8,93
2026-03-06T04:03:55+00:00,6.7,94
2026-03-06T04:10:10+00:00,6.7,94
2026-03-06T04:16:27+00:00,6.7,94
2026-03-06T04:22:02+00:00,6.7,94
2026-03-06T04:27:55+00:00,6.7,94
2026-03-06T04:34:15+00:00,6.7,94
2026-03-06T04:39:56+00:00,6.7,94
2026-03-06T04:52:45+00:00,6.7,93
2026-03-06T05:03:56+00:00,6.7,94
2026-03-06T05:10:07+00:00,6.7,94
2026-03-06T05:16:15+00:00,6.6,94
2026-03-06T05:22:37+00:00,6.6,94
2026-03-06T05:28:27+00:00,6.6,93
2026-03-06T05:34:51+00:00,6.6,92
2026-03-06T05:39:59+00:00,6.6,92
2026-03-06T06:10:43+00:00,6.6,90
2026-03-06T06:16:52+00:00,6.5,90
2026-03-06T06:22:58+00:00,6.5,90
2026-03-06T06:28:04+00:00,6.3,90
2026-03-06T06:33:58+00:00,6.2,89
2026-03-06T06:39:53+00:00,6.2,89
2026-03-06T06:45:54+00:00,6.2,89
2026-03-06T06:52:04+00:00,6.2,89
2026-03-06T06:57:53+00:00,6.2,89
2026-03-06T07:03:56+00:00,6.2,88
2026-03-06T07:09:53+00:00,6.2,88
2026-03-06T07:15:54+00:00,6.2,88
2026-03-06T07:22:04+00:00,6.2,88
2026-03-06T07:27:54+00:00,6.2,88
2026-03-06T07:33:54+00:00,6.1,87
2026-03-06T07:39:53+00:00,6.1,87
2026-03-06T07:45:54+00:00,6,87
2026-03-06T07:52:04+00:00,6,87
2026-03-06T07:57:53+00:00,6,87
2026-03-06T08:04:10+00:00,6.1,86
2026-03-06T08:09:53+00:00,6.1,86
2026-03-06T08:15:54+00:00,6,85
2026-03-06T08:21:53+00:00,6,85
2026-03-06T08:27:55+00:00,5.8,87
2026-03-06T08:33:54+00:00,5.8,86
2026-03-06T08:39:54+00:00,5.8,86
2026-03-06T08:45:55+00:00,5.8,86
2026-03-06T08:52:01+00:00,5.8,86
2026-03-06T08:57:54+00:00,5.8,86
2026-03-06T09:03:54+00:00,5.8,86
2026-03-06T09:09:53+00:00,5.8,86
2026-03-06T09:15:54+00:00,5.9,85
2026-03-06T09:22:14+00:00,5.9,85
2026-03-06T09:27:54+00:00,5.7,86
2026-03-06T09:33:54+00:00,5.7,84
2026-03-06T09:39:53+00:00,5.7,84
2026-03-06T09:45:53+00:00,5.8,83
2026-03-06T09:52:00+00:00,5.8,83
2026-03-06T09:57:54+00:00,5.8,83
2026-03-06T10:03:54+00:00,5.8,82
2026-03-06T10:09:53+00:00,5.8,82
2026-03-06T10:15:53+00:00,5.9,81
2026-03-06T10:21:56+00:00,5.9,81
2026-03-06T10:27:53+00:00,5.9,81
2026-03-06T10:33:56+00:00,6,80
2026-03-06T10:39:53+00:00,6,80
2026-03-06T10:45:54+00:00,6.1,79
2026-03-06T10:57:53+00:00,6,81
2026-03-06T11:03:54+00:00,6.1,81
2026-03-06T11:09:54+00:00,6.1,81
2026-03-06T11:15:54+00:00,6.2,80
2026-03-06T11:21:57+00:00,6.2,80
2026-03-06T11:27:53+00:00,6.2,78
2026-03-06T11:33:53+00:00,6.3,78
2026-03-06T11:39:54+00:00,6.3,78
2026-03-06T11:45:54+00:00,6.3,78
2026-03-06T11:51:55+00:00,6.3,78
2026-03-06T11:57:54+00:00,6.3,78
2026-03-06T12:03:54+00:00,6.4,78
2026-03-06T12:09:53+00:00,6.4,78
2026-03-06T12:15:54+00:00,6.4,78
2026-03-06T12:21:57+00:00,6.4,78
2026-03-06T12:27:53+00:00,6.5,78
2026-03-06T12:33:54+00:00,6.6,77
2026-03-06T12:39:54+00:00,6.6,77
2026-03-06T12:45:54+00:00,6.7,76
2026-03-06T12:57:54+00:00,6.7,76
2026-03-06T13:03:54+00:00,6.8,75
2026-03-06T13:09:54+00:00,6.8,75
2026-03-06T13:15:53+00:00,6.9,74
2026-03-06T13:22:14+00:00,6.9,74
2026-03-06T13:27:54+00:00,6.9,74
2026-03-06T13:33:54+00:00,7,73
2026-03-06T13:39:53+00:00,7,73
2026-03-06T13:45:53+00:00,7.2,72
2026-03-06T13:52:12+00:00,7.4,72
2026-03-06T13:57:53+00:00,7.4,72
2026-03-06T14:03:56+00:00,7.5,71
2026-03-06T14:09:54+00:00,7.5,71
2026-03-06T14:15:54+00:00,7.6,70
2026-03-06T14:21:56+00:00,7.6,70
2026-03-06T14:27:54+00:00,7.6,70
2026-03-06T14:33:54+00:00,7.9,69
2026-03-06T14:39:53+00:00,7.9,69
2026-03-06T14:45:53+00:00,8,68
2026-03-06T14:52:09+00:00,8,68
2026-03-06T14:57:54+00:00,8,68
2026-03-06T15:03:57+00:00,8.1,68
2026-03-06T15:09:53+00:00,8.1,68
2026-03-06T15:15:53+00:00,8.1,68
2026-03-06T15:21:59+00:00,8.1,68
2026-03-06T15:27:53+00:00,8.1,68
2026-03-06T15:33:54+00:00,8.300000000000001,67
2026-03-06T15:39:54+00:00,8.300000000000001,67
2026-03-06T15:45:54+00:00,8.300000000000001,67
2026-03-06T15:57:53+00:00,8.300000000000001,67
2026-03-06T16:03:54+00:00,8.4,67
2026-03-06T16:09:54+00:00,8.4,67
2026-03-06T16:15:53+00:00,8.4,67
2026-03-06T16:21:56+00:00,8.4,67
2026-03-06T16:27:53+00:00,8.4,67
2026-03-06T16:33:54+00:00,8.4,67
2026-03-06T16:39:54+00:00,8.4,67
2026-03-06T16:45:53+00:00,8.300000000000001,67
2026-03-06T16:51:59+00:00,8,69
2026-03-06T16:57:53+00:00,8,69
2026-03-06T17:03:54+00:00,8,69
2026-03-06T17:09:54+00:00,8,69
2026-03-06T17:15:53+00:00,8,69
2026-03-06T17:27:54+00:00,8,70
2026-03-06T17:33:54+00:00,7.9,71
2026-03-06T17:39:53+00:00,7.9,71
2026-03-06T17:45:54+00:00,7.8,72
2026-03-06T17:51:54+00:00,7.8,72
2026-03-06T17:57:53+00:00,7.8,72
2026-03-06T18:03:54+00:00,7.7,72
2026-03-06T18:09:53+00:00,7.7,72
2026-03-06T18:15:54+00:00,7.6,72
2026-03-06T18:21:55+00:00,7.6,72
2026-03-06T18:27:55+00:00,7.6,74
2026-03-06T18:33:54+00:00,7.6,75
2026-03-06T18:39:53+00:00,7.6,75
2026-03-06T18:45:53+00:00,7.5,75
2026-03-06T18:57:54+00:00,7.5,75
2026-03-06T19:03:54+00:00,7.5,75
2026-03-06T19:09:53+00:00,7.5,75
2026-03-06T19:15:54+00:00,7.5,75
2026-03-06T19:21:54+00:00,7.5,75
2026-03-06T19:27:53+00:00,7.5,75
2026-03-06T19:33:54+00:00,7.5,75
2026-03-06T19:39:54+00:00,7.5,75
2026-03-06T19:45:54+00:00,7.5,75
2026-03-06T19:51:55+00:00,7.5,75
2026-03-06T19:57:54+00:00,7.5,75
2026-03-06T20:03:54+00:00,7.5,75
2026-03-06T20:09:53+00:00,7.5,75
2026-03-06T20:15:53+00:00,7.5,74
2026-03-06T20:21:59+00:00,7.5,74
2026-03-06T20:27:54+00:00,7.3,73
2026-03-06T20:33:54+00:00,7.3,73
2026-03-06T20:39:54+00:00,7.3,73
2026-03-06T20:45:54+00:00,7.3,73
2026-03-06T20:51:58+00:00,7.3,73
2026-03-06T20:57:53+00:00,7.3,73
2026-03-06T21:03:54+00:00,7.3,73
2026-03-06T21:09:53+00:00,7.3,73
2026-03-06T21:15:54+00:00,7.3,73
2026-03-06T21:21:57+00:00,7.3,73
2026-03-06T21:27:54+00:00,7.3,73
2026-03-06T21:33:54+00:00,7.1,72
2026-03-06T21:39:54+00:00,7.1,72
2026-03-06T21:45:54+00:00,7,73
2026-03-06T21:51:55+00:00,7,73
2026-03-06T21:57:54+00:00,7,73
2026-03-06T22:03:54+00:00,7,73
2026-03-06T22:09:54+00:00,7,73
2026-03-06T22:15:54+00:00,7,73
2026-03-06T22:21:57+00:00,7,73
2026-03-06T22:27:53+00:00,7,73
2026-03-06T22:33:54+00:00,7,74
2026-03-06T22:39:54+00:00,7,74
2026-03-06T22:45:54+00:00,7,74
2026-03-06T22:51:57+00:00,7,73
2026-03-06T22:57:53+00:00,7,73
2026-03-06T23:03:54+00:00,7,73
2026-03-06T23:09:54+00:00,7,73
2026-03-06T23:15:53+00:00,7,73
2026-03-06T23:21:56+00:00,7,73
2026-03-06T23:27:53+00:00,6.7,76
2026-03-06T23:33:54+00:00,6.7,75
2026-03-06T23:39:54+00:00,6.7,75
2026-03-06T23:45:54+00:00,6.7,74
2026-03-06T23:51:59+00:00,6.7,74
2026-03-06T23:57:54+00:00,6.7,74
2026-03-07T00:03:54+00:00,6.7,73
2026-03-07T00:09:54+00:00,6.7,73
2026-03-07T00:15:54+00:00,6.7,73
2026-03-07T00:21:56+00:00,6.7,73
2026-03-07T00:27:54+00:00,6.7,73
2026-03-07T00:33:54+00:00,6.6,74
2026-03-07T00:39:54+00:00,6.6,74
2026-03-07T00:45:54+00:00,6.6,75
2026-03-07T00:52:00+00:00,6.6,75
2026-03-07T00:57:53+00:00,6.6,75
2026-03-07T01:03:54+00:00,6.5,76
2026-03-07T01:09:54+00:00,6.5,76
2026-03-07T01:15:53+00:00,6.4,78
2026-03-07T01:21:58+00:00,6.4,78
2026-03-07T01:27:54+00:00,6.4,78
2026-03-07T01:33:54+00:00,6.3,80
2026-03-07T01:39:54+00:00,6.3,80
2026-03-07T01:45:54+00:00,6.2,82
2026-03-07T01:57:53+00:00,6.2,84
2026-03-07T02:04:04+00:00,6.2,85
2026-03-07T02:09:53+00:00,6.2,85
2026-03-07T02:15:54+00:00,6.1,86
2026-03-07T02:21:57+00:00,6.1,86
2026-03-07T02:27:54+00:00,6.1,85
2026-03-07T02:33:54+00:00,5.9,85
2026-03-07T02:39:54+00:00,5.9,85
2026-03-07T02:45:54+00:00,5.8,86
2026-03-07T02:51:56+00:00,5.8,86
2026-03-07T02:57:53+00:00,5.8,86
2026-03-07T03:03:54+00:00,5.7,86
2026-03-07T03:09:53+00:00,5.7,86
2026-03-07T03:15:54+00:00,5.6,86
2026-03-07T03:22:01+00:00,5.6,86
2026-03-07T03:27:53+00:00,5.6,86
2026-03-07T03:33:54+00:00,5.4,86
2026-03-07T03:39:54+00:00,5.4,86
2026-03-07T03:45:54+00:00,5.3,87
2026-03-07T03:52:04+00:00,5.3,87
2026-03-07T03:57:54+00:00,5.3,87
2026-03-07T04:03:57+00:00,5.2,87
2026-03-07T04:09:53+00:00,5.2,87
2026-03-07T04:15:54+00:00,5.2,87
2026-03-07T04:22:07+00:00,5.2,87
2026-03-07T04:27:53+00:00,5.2,87
2026-03-07T04:33:56+00:00,5.2,88
2026-03-07T04:39:54+00:00,5.2,88
2026-03-07T04:45:54+00:00,5,88
2026-03-07T04:52:03+00:00,5,88
2026-03-07T04:57:54+00:00,5,88
2026-03-07T05:03:56+00:00,5,88
2026-03-07T05:09:53+00:00,5,88
2026-03-07T05:15:54+00:00,5,88
2026-03-07T05:22:04+00:00,5,88
2026-03-07T05:27:55+00:00,5,88
2026-03-07T05:33:55+00:00,5.3,87
2026-03-07T05:39:53+00:00,5.3,87
2026-03-07T05:45:55+00:00,5.3,86
2026-03-07T05:52:22+00:00,5.3,86
2026-03-07T05:57:54+00:00,5.3,86
2026-03-07T06:04:16+00:00,5.3,86
2026-03-07T06:09:53+00:00,5.3,86
2026-03-07T06:15:54+00:00,5.2,86
2026-03-07T06:21:58+00:00,5.2,86
2026-03-07T06:27:54+00:00,5.1,86
2026-03-07T06:33:55+00:00,5.2,86
2026-03-07T06:39:54+00:00,5.2,86
2026-03-07T06:45:54+00:00,5.3,86
2026-03-07T06:57:53+00:00,5.3,86
2026-03-07T07:03:56+00:00,5.3,86
2026-03-07T07:09:54+00:00,5.3,86
2026-03-07T07:15:53+00:00,5.5,84
2026-03-07T07:22:00+00:00,5.5,84
2026-03-07T07:27:53+00:00,5.5,84
2026-03-07T07:33:54+00:00,5.7,80
2026-03-07T07:39:53+00:00,5.7,80
2026-03-07T07:45:53+00:00,5.9,76
2026-03-07T07:52:01+00:00,5.9,80
2026-03-07T07:57:53+00:00,5.9,80
2026-03-07T08:04:04+00:00,6,79
2026-03-07T08:09:53+00:00,6,79
2026-03-07T08:15:53+00:00,6.1,78
2026-03-07T08:27:54+00:00,6.1,78
2026-03-07T08:33:54+00:00,6.4,78
2026-03-07T08:39:53+00:00,6.4,78
2026-03-07T08:45:56+00:00,6.5,77
2026-03-07T08:51:56+00:00,6.5,77
2026-03-07T08:57:55+00:00,6.5,77
2026-03-07T09:03:55+00:00,6.6,76
2026-03-07T09:09:53+00:00,6.6,76
2026-03-07T09:16:01+00:00,6.8,74
2026-03-07T09:22:07+00:00,6.8,74
2026-03-07T09:27:53+00:00,6.8,74
2026-03-07T09:33:54+00:00,7.2,70
2026-03-07T09:39:54+00:00,7.2,70
2026-03-07T09:45:54+00:00,7.3,70
2026-03-07T09:51:56+00:00,7.3,70
2026-03-07T09:57:53+00:00,7.3,70
2026-03-07T10:03:57+00:00,7.4,70
2026-03-07T10:09:53+00:00,7.4,70
2026-03-07T10:15:53+00:00,7.6,69
2026-03-07T10:21:58+00:00,7.6,69
2026-03-07T10:27:53+00:00,7.6,69
2026-03-07T10:33:54+00:00,7.8,68
2026-03-07T10:39:53+00:00,7.8,68
2026-03-07T10:45:54+00:00,8,67
2026-03-07T10:51:56+00:00,7.7,68
2026-03-07T10:57:53+00:00,7.7,68
2026-03-07T11:03:54+00:00,7.8,68
2026-03-07T11:09:54+00:00,7.8,68
2026-03-07T11:15:53+00:00,8,67
2026-03-07T11:21:55+00:00,8,67
2026-03-07T11:27:54+00:00,7.6,70
2026-03-07T11:33:54+00:00,7.8,69
2026-03-07T11:39:53+00:00,7.8,69
2026-03-07T11:45:54+00:00,8,68
2026-03-07T11:52:05+00:00,8,68
2026-03-07T11:57:53+00:00,8,68
2026-03-07T12:03:54+00:00,8.1,67
2026-03-07T12:09:53+00:00,8.1,67
2026-03-07T12:15:54+00:00,8.300000000000001,66
2026-03-07T12:21:55+00:00,8.300000000000001,66
2026-03-07T12:27:53+00:00,8.1,68
2026-03-07T12:33:54+00:00,8.300000000000001,67
2026-03-07T12:39:54+00:00,8.300000000000001,67
2026-03-07T12:45:53+00:00,8.4,67
2026-03-07T12:51:56+00:00,8.4,67
2026-03-07T12:57:53+00:00,8.4,67
2026-03-07T13:03:55+00:00,8.5,67
2026-03-07T13:09:53+00:00,8.5,67
2026-03-07T13:15:54+00:00,8.699999999999999,67
2026-03-07T13:22:04+00:00,8.699999999999999,67
2026-03-07T13:27:53+00:00,8.699999999999999,67
2026-03-07T13:33:54+00:00,8.9,66
2026-03-07T13:39:53+00:00,8.9,66
2026-03-07T13:45:53+00:00,8.800000000000001,66
2026-03-07T13:51:55+00:00,8.800000000000001,66
2026-03-07T13:57:54+00:00,8.800000000000001,66
2026-03-07T14:03:55+00:00,8.9,66
2026-03-07T14:09:54+00:00,8.9,66
2026-03-07T14:15:54+00:00,9,66
2026-03-07T14:22:01+00:00,9,66
2026-03-07T14:27:53+00:00,8.800000000000001,68
2026-03-07T14:33:54+00:00,8.9,67
2026-03-07T14:39:53+00:00,8.9,67
2026-03-07T14:45:54+00:00,9,66
2026-03-07T14:52:18+00:00,9,66
2026-03-07T14:57:53+00:00,9,66
2026-03-07T15:03:54+00:00,9.1,66
2026-03-07T15:09:54+00:00,9.1,66
2026-03-07T15:15:54+00:00,9.1,66
2026-03-07T15:22:05+00:00,9.1,66
2026-03-07T15:27:53+00:00,8.9,68
2026-03-07T15:33:54+00:00,9,67
2026-03-07T15:39:54+00:00,9,67
2026-03-07T15:45:55+00:00,9,67
2026-03-07T15:52:04+00:00,9,67
2026-03-07T15:57:53+00:00,9,67
2026-03-07T16:03:54+00:00,9.1,67
2026-03-07T16:09:53+00:00,9.1,67
2026-03-07T16:15:53+00:00,9.1,67
2026-03-07T16:21:58+00:00,9.1,67
2026-03-07T16:27:54+00:00,9.1,67
2026-03-07T16:33:55+00:00,9.1,68
2026-03-07T16:39:53+00:00,9.1,68
2026-03-07T16:45:53+00:00,9.1,69
2026-03-07T16:57:53+00:00,9.199999999999999,68
2026-03-07T17:03:54+00:00,9.199999999999999,68
2026-03-07T17:09:54+00:00,9.199999999999999,68
2026-03-07T17:15:54+00:00,9.1,69
2026-03-07T17:22:08+00:00,9.1,69
2026-03-07T17:27:54+00:00,9,70
2026-03-07T17:33:54+00:00,9,71
2026-03-07T17:39:53+00:00,9,71
2026-03-07T17:45:53+00:00,8.9,71
2026-03-07T17:51:56+00:00,8.9,71
2026-03-07T17:57:53+00:00,8.9,71
2026-03-07T18:09:53+00:00,8.9,72
2026-03-07T18:15:54+00:00,8.9,72
2026-03-07T18:22:12+00:00,8.9,72
2026-03-07T18:27:53+00:00,8.9,71
2026-03-07T18:33:55+00:00,8.9,72
2026-03-07T18:39:54+00:00,8.9,72
2026-03-07T18:45:53+00:00,8.9,73
2026-03-07T18:52:05+00:00,8.9,73
2026-03-07T18:57:53+00:00,8.9,73
2026-03-07T19:03:54+00:00,8.800000000000001,73
2026-03-07T19:09:53+00:00,8.800000000000001,73
2026-03-07T19:15:53+00:00,8.800000000000001,74
2026-03-07T19:21:53+00:00,8.800000000000001,74
2026-03-07T19:27:53+00:00,8.800000000000001,74
2026-03-07T19:33:55+00:00,8.699999999999999,75
2026-03-07T19:39:53+00:00,8.699999999999999,75
2026-03-07T19:45:54+00:00,8.6,76
2026-03-07T19:51:56+00:00,8.6,76
2026-03-07T19:57:55+00:00,8.6,75
2026-03-07T20:03:54+00:00,8.6,75
2026-03-07T20:09:55+00:00,8.6,75
2026-03-07T20:15:54+00:00,8.5,76
2026-03-07T20:27:53+00:00,8.4,76
2026-03-07T20:33:53+00:00,8.4,78
2026-03-07T20:39:53+00:00,8.4,78
2026-03-07T20:45:53+00:00,8.4,79
2026-03-07T20:51:56+00:00,8.4,79
2026-03-07T20:57:53+00:00,8.4,79
2026-03-07T21:03:54+00:00,8.300000000000001,80
2026-03-07T21:09:53+00:00,8.300000000000001,80
2026-03-07T21:15:55+00:00,8.300000000000001,81
2026-03-07T21:21:56+00:00,8.300000000000001,81
2026-03-07T21:27:53+00:00,8.1,82
2026-03-07T21:33:54+00:00,8.1,83
2026-03-07T21:39:54+00:00,8.1,83
2026-03-07T21:45:53+00:00,8.1,83
2026-03-07T21:51:56+00:00,8.1,83
2026-03-07T21:57:53+00:00,8.1,83
2026-03-07T22:03:54+00:00,8.1,84
2026-03-07T22:09:54+00:00,8.1,84
2026-03-07T22:15:54+00:00,8,85
2026-03-07T22:21:59+00:00,8,85
2026-03-07T22:27:54+00:00,8,85
2026-03-07T22:33:54+00:00,8,85
2026-03-07T22:39:53+00:00,8,85
2026-03-07T22:45:53+00:00,8,86
2026-03-07T22:51:54+00:00,7.8,86
2026-03-07T22:57:53+00:00,7.8,86
2026-03-07T23:03:54+00:00,7.8,87
2026-03-07T23:09:54+00:00,7.8,87
2026-03-07T23:15:53+00:00,7.8,87
2026-03-07T23:21:55+00:00,7.8,87
2026-03-07T23:27:54+00:00,7.9,83
2026-03-07T23:33:54+00:00,7.9,84
2026-03-07T23:39:54+00:00,7.9,84
2026-03-07T23:45:53+00:00,7.9,84
2026-03-07T23:51:58+00:00,7.9,84
2026-03-07T23:57:53+00:00,7.9,84
2026-03-08T00:03:58+00:00,7.9,84
2026-03-08T00:09:53+00:00,7.9,84
2026-03-08T00:15:53+00:00,7.9,84
2026-03-08T00:21:54+00:00,7.9,84
2026-03-08T00:27:53+00:00,7.9,84
2026-03-08T00:33:54+00:00,7.9,85
2026-03-08T00:39:54+00:00,7.9,85
2026-03-08T00:45:54+00:00,7.9,85
2026-03-08T00:51:56+00:00,7.9,85
2026-03-08T00:57:54+00:00,7.9,85
2026-03-08T01:03:55+00:00,7.9,85
2026-03-08T01:09:53+00:00,7.9,85
2026-03-08T01:15:54+00:00,7.9,85
2026-03-08T01:21:56+00:00,7.9,85
2026-03-08T01:27:54+00:00,7.9,85
2026-03-08T01:33:54+00:00,7.8,85
2026-03-08T01:39:53+00:00,7.8,85
2026-03-08T01:45:54+00:00,7.8,85
2026-03-08T01:51:54+00:00,7.8,86
2026-03-08T01:57:54+00:00,7.8,86
2026-03-08T02:03:54+00:00,7.8,86
2026-03-08T02:09:54+00:00,7.8,86
2026-03-08T02:15:54+00:00,7.8,86
2026-03-08T02:21:57+00:00,7.8,86
2026-03-08T02:27:54+00:00,7.9,85
2026-03-08T02:33:54+00:00,7.9,85
2026-03-08T02:39:54+00:00,7.9,85
2026-03-08T02:45:54+00:00,7.8,85
2026-03-08T02:51:55+00:00,7.8,85
2026-03-08T02:57:53+00:00,7.8,85
2026-03-08T03:03:54+00:00,7.8,85
2026-03-08T03:09:53+00:00,7.8,85
2026-03-08T03:15:53+00:00,7.8,85
2026-03-08T03:21:59+00:00,7.8,85
2026-03-08T03:27:53+00:00,7.9,86
2026-03-08T03:33:54+00:00,7.9,86
2026-03-08T03:39:54+00:00,7.9,86
2026-03-08T03:45:53+00:00,7.9,86
2026-03-08T03:51:57+00:00,7.9,86
2026-03-08T03:57:53+00:00,7.9,86
2026-03-08T04:03:54+00:00,7.9,86
2026-03-08T04:09:54+00:00,7.9,86
2026-03-08T04:15:54+00:00,7.9,86
2026-03-08T04:27:53+00:00,7.9,86
2026-03-08T04:33:54+00:00,7.9,87
2026-03-08T04:39:54+00:00,7.9,87
2026-03-08T04:45:53+00:00,7.8,87
2026-03-08T04:51:53+00:00,7.8,87
2026-03-08T04:57:54+00:00,7.8,87
2026-03-08T05:03:55+00:00,7.8,87
2026-03-08T05:09:54+00:00,7.8,87
2026-03-08T05:15:53+00:00,7.8,87
2026-03-08T05:21:55+00:00,7.8,87
2026-03-08T05:27:53+00:00,7.7,88
2026-03-08T05:33:54+00:00,7.7,88
2026-03-08T05:39:54+00:00,7.7,88
2026-03-08T05:45:54+00:00,7.8,88
2026-03-08T05:51:57+00:00,7.8,88
2026-03-08T05:57:54+00:00,7.8,88
2026-03-08T06:03:53+00:00,7.8,88
2026-03-08T06:09:53+00:00,7.8,88
2026-03-08T06:15:53+00:00,7.8,88
2026-03-08T06:21:56+00:00,7.8,88
2026-03-08T06:27:53+00:00,7.8,88
2026-03-08T06:33:54+00:00,7.9,88
2026-03-08T06:39:53+00:00,7.9,88
2026-03-08T06:45:54+00:00,7.9,88
2026-03-08T06:52:10+00:00,7.9,88
2026-03-08T06:57:53+00:00,7.9,88
2026-03-08T07:03:56+00:00,7.9,88
2026-03-08T07:09:53+00:00,7.9,88
2026-03-08T07:15:54+00:00,7.9,88
2026-03-08T07:21:54+00:00,7.9,88
2026-03-08T07:27:54+00:00,7.9,88
2026-03-08T07:33:54+00:00,8,88
2026-03-08T07:39:53+00:00,8,88
2026-03-08T07:45:54+00:00,8.1,87
2026-03-08T07:57:53+00:00,8,85
2026-03-08T08:03:54+00:00,8.1,85
2026-03-08T08:09:53+00:00,8.1,85
2026-03-08T08:15:55+00:00,8.199999999999999,85
2026-03-08T08:21:54+00:00,8.199999999999999,85
2026-03-08T08:27:53+00:00,8.199999999999999,85
2026-03-08T08:33:55+00:00,8.300000000000001,85
2026-03-08T08:39:53+00:00,8.300000000000001,85
2026-03-08T08:45:54+00:00,8.4,85
2026-03-08T08:51:55+00:00,8.4,85
2026-03-08T08:57:53+00:00,8.4,85
2026-03-08T09:03:54+00:00,8.5,85
2026-03-08T09:09:54+00:00,8.5,85
2026-03-08T09:15:54+00:00,8.6,85
2026-03-08T09:22:05+00:00,8.6,85
2026-03-08T09:27:53+00:00,8.6,84
2026-03-08T09:33:54+00:00,8.699999999999999,84
2026-03-08T09:39:54+00:00,8.699999999999999,84
2026-03-08T09:45:54+00:00,8.9,84
2026-03-08T09:52:10+00:00,8.9,84
2026-03-08T09:57:54+00:00,8.9,84
2026-03-08T10:03:56+00:00,8.9,84
2026-03-08T10:09:54+00:00,8.9,84
2026-03-08T10:15:53+00:00,9.1,84
2026-03-08T10:22:03+00:00,9.1,84
2026-03-08T10:27:53+00:00,9.1,84
2026-03-08T10:33:54+00:00,9.4,83
2026-03-08T10:39:53+00:00,9.4,83
2026-03-08T10:45:54+00:00,9.199999999999999,83
2026-03-08T10:52:00+00:00,9.199999999999999,83
2026-03-08T10:57:54+00:00,9.199999999999999,83
2026-03-08T11:03:54+00:00,9.300000000000001,83
2026-03-08T11:09:53+00:00,9.300000000000001,83
2026-03-08T11:15:54+00:00,9.4,83
2026-03-08T11:21:56+00:00,9.4,83
2026-03-08T11:27:54+00:00,9.4,84
2026-03-08T11:33:55+00:00,9.199999999999999,83
2026-03-08T11:39:54+00:00,9.199999999999999,83
2026-03-08T11:45:54+00:00,9.4,82
2026-03-08T11:52:01+00:00,9.4,82
2026-03-08T11:57:53+00:00,9.4,82
2026-03-08T12:03:54+00:00,9.5,82
2026-03-08T12:09:54+00:00,9.5,82
2026-03-08T12:15:54+00:00,9.699999999999999,82
2026-03-08T12:22:04+00:00,9.699999999999999,82
2026-03-08T12:27:53+00:00,9.800000000000001,81
2026-03-08T12:33:54+00:00,10,80
2026-03-08T12:39:53+00:00,10,80
2026-03-08T12:45:53+00:00,10.1,80
2026-03-08T12:57:53+00:00,10.1,80
2026-03-08T13:03:54+00:00,10.2,80
2026-03-08T13:09:53+00:00,10.2,80
2026-03-08T13:15:54+00:00,10.3,81
2026-03-08T13:21:59+00:00,10.3,81
2026-03-08T13:27:53+00:00,10.3,81
2026-03-08T13:33:54+00:00,10.3,81
2026-03-08T13:39:53+00:00,10.3,81
2026-03-08T13:45:53+00:00,10.2,84
2026-03-08T13:51:54+00:00,10.2,84
2026-03-08T13:57:53+00:00,10.2,84
2026-03-08T14:03:57+00:00,10.1,85
2026-03-08T14:09:54+00:00,10.1,85
2026-03-08T14:15:54+00:00,10.2,85
2026-03-08T14:22:36+00:00,10.2,85
2026-03-08T14:27:53+00:00,10.9,80
2026-03-08T14:33:54+00:00,11.1,80
2026-03-08T14:39:54+00:00,11.1,80
2026-03-08T14:45:54+00:00,11.3,79
2026-03-08T14:52:09+00:00,11.3,79
2026-03-08T14:57:53+00:00,11.3,79
2026-03-08T15:03:54+00:00,11.5,78
2026-03-08T15:09:55+00:00,11.5,78
2026-03-08T15:15:53+00:00,11.6,78
2026-03-08T15:21:56+00:00,11.6,78
2026-03-08T15:27:53+00:00,11.4,79
2026-03-08T15:33:54+00:00,11.5,79
2026-03-08T15:39:54+00:00,11.5,79
2026-03-08T15:45:54+00:00,11.6,79
2026-03-08T15:51:58+00:00,11.6,79
2026-03-08T15:57:53+00:00,11.6,79
2026-03-08T16:03:56+00:00,11.6,79
2026-03-08T16:09:54+00:00,11.6,79
2026-03-08T16:15:54+00:00,11.6,79
2026-03-08T16:22:07+00:00,11.6,79
2026-03-08T16:27:54+00:00,11.6,79
2026-03-08T16:33:53+00:00,11.6,79
2026-03-08T16:39:54+00:00,11.6,79
2026-03-08T16:45:54+00:00,11.4,80
2026-03-08T16:52:00+00:00,11.4,80
2026-03-08T16:57:53+00:00,11.4,80
2026-03-08T17:03:55+00:00,11.3,80
2026-03-08T17:09:54+00:00,11.3,80
2026-03-08T17:15:54+00:00,11.2,80
2026-03-08T17:27:53+00:00,11.2,79
2026-03-08T17:33:54+00:00,11.1,80
2026-03-08T17:39:53+00:00,11.1,80
2026-03-08T17:45:53+00:00,11,80
2026-03-08T17:52:10+00:00,11,80
2026-03-08T17:57:53+00:00,11,80
2026-03-08T18:03:54+00:00,10.9,81
2026-03-08T18:09:53+00:00,10.9,81
2026-03-08T18:15:54+00:00,10.9,81
2026-03-08T18:22:24+00:00,10.9,81
2026-03-08T18:27:54+00:00,10.7,82
2026-03-08T18:33:54+00:00,10.7,83
2026-03-08T18:39:53+00:00,10.7,83
2026-03-08T18:45:53+00:00,10.6,83
2026-03-08T18:52:05+00:00,10.6,83
2026-03-08T18:57:55+00:00,10.6,83
2026-03-08T19:03:54+00:00,10.6,83
2026-03-08T19:09:53+00:00,10.6,83
2026-03-08T19:15:54+00:00,10.5,83
2026-03-08T19:21:57+00:00,10.5,83
2026-03-08T19:27:54+00:00,10.5,83
2026-03-08T19:33:54+00:00,10.5,83
2026-03-08T19:39:54+00:00,10.5,83
2026-03-08T19:45:54+00:00,10.5,83
2026-03-08T19:51:54+00:00,10.6,82
2026-03-08T19:57:54+00:00,10.6,82
2026-03-08T20:04:02+00:00,10.5,82
2026-03-08T20:09:54+00:00,10.5,82
2026-03-08T20:15:54+00:00,10.5,82
2026-03-08T20:21:56+00:00,10.5,82
2026-03-08T20:27:54+00:00,10.5,82
2026-03-08T20:39:54+00:00,10.5,82
2026-03-08T20:45:54+00:00,10.2,82
2026-03-08T20:51:54+00:00,10.2,82
2026-03-08T20:57:54+00:00,10.2,82
2026-03-08T21:03:59+00:00,10.2,82
2026-03-08T21:09:54+00:00,10.2,82
2026-03-08T21:15:54+00:00,10.2,82
2026-03-08T21:21:56+00:00,10.2,82
2026-03-08T21:27:54+00:00,10.2,82
2026-03-08T21:33:54+00:00,10.1,84
2026-03-08T21:39:54+00:00,10.1,84
2026-03-08T21:45:53+00:00,10.1,84
2026-03-08T21:51:56+00:00,10.1,84
2026-03-08T21:57:54+00:00,10.1,84
2026-03-08T22:03:54+00:00,10,85
2026-03-08T22:09:53+00:00,10,85
2026-03-08T22:15:54+00:00,10,85
2026-03-08T22:21:56+00:00,10,85
2026-03-08T22:27:54+00:00,10,85
2026-03-08T22:33:54+00:00,10,86
2026-03-08T22:39:54+00:00,10,86
2026-03-08T22:45:54+00:00,9.9,85
2026-03-08T22:52:01+00:00,9.9,85
2026-03-08T22:57:54+00:00,9.9,85
2026-03-08T23:03:54+00:00,9.9,85
2026-03-08T23:09:53+00:00,9.9,85
2026-03-08T23:15:54+00:00,9.800000000000001,85
2026-03-08T23:27:54+00:00,9.800000000000001,85
2026-03-08T23:33:54+00:00,9.800000000000001,86
2026-03-08T23:39:54+00:00,9.800000000000001,84
2026-03-08T23:45:54+00:00,9.800000000000001,84
2026-03-08T23:52:03+00:00,9.800000000000001,84
2026-03-08T23:57:53+00:00,9.800000000000001,84
2026-03-09T00:03:54+00:00,9.800000000000001,84
2026-03-09T00:09:54+00:00,9.800000000000001,84
2026-03-09T00:15:53+00:00,9.699999999999999,84
2026-03-09T00:21:58+00:00,9.699999999999999,84
2026-03-09T00:27:53+00:00,9.699999999999999,84
2026-03-09T00:33:54+00:00,9.699999999999999,85
2026-03-09T00:39:54+00:00,9.699999999999999,85
2026-03-09T00:45:54+00:00,9.699999999999999,85
2026-03-09T00:51:58+00:00,9.699999999999999,85
2026-03-09T00:57:53+00:00,9.5,85
2026-03-09T01:03:58+00:00,9.5,85
2026-03-09T01:09:53+00:00,9.5,85
2026-03-09T01:15:54+00:00,9.4,85
2026-03-09T01:21:56+00:00,9.4,85
2026-03-09T01:27:53+00:00,9.4,85
2026-03-09T01:33:54+00:00,9.4,86
2026-03-09T01:39:53+00:00,9.4,86
2026-03-09T01:45:54+00:00,9.4,86
2026-03-09T01:52:10+00:00,9.4,86
2026-03-09T01:57:53+00:00,9.4,86
2026-03-09T02:03:53+00:00,9.300000000000001,86
2026-03-09T02:09:54+00:00,9.300000000000001,86
2026-03-09T02:15:54+00:00,9.300000000000001,86
2026-03-09T02:21:54+00:00,9.300000000000001,86
2026-03-09T02:27:53+00:00,9.300000000000001,85
2026-03-09T02:33:54+00:00,9.199999999999999,86
2026-03-09T02:39:53+00:00,9.199999999999999,86
2026-03-09T02:45:54+00:00,9.199999999999999,87
2026-03-09T02:51:57+00:00,9.199999999999999,87
2026-03-09T02:57:53+00:00,9.199999999999999,87
2026-03-09T03:03:54+00:00,9.1,87
2026-03-09T03:09:53+00:00,9.1,87
2026-03-09T03:15:54+00:00,9.1,87
2026-03-09T03:22:08+00:00,9.1,87
2026-03-09T03:27:53+00:00,9.199999999999999,88
2026-03-09T03:33:54+00:00,9.1,88
2026-03-09T03:39:54+00:00,9.1,88
2026-03-09T03:45:53+00:00,9.1,87
2026-03-09T03:52:12+00:00,9.1,87
2026-03-09T03:57:53+00:00,9.1,87
2026-03-09T04:03:56+00:00,9.1,87
2026-03-09T04:09:54+00:00,9.1,87
2026-03-09T04:15:54+00:00,9.1,87
2026-03-09T04:22:00+00:00,9.1,87
2026-03-09T04:27:53+00:00,9.1,87
2026-03-09T04:34:06+00:00,9.1,87
2026-03-09T04:39:54+00:00,9.1,87
2026-03-09T04:45:58+00:00,9.199999999999999,88
2026-03-09T04:52:23+00:00,9.199999999999999,88
2026-03-09T04:57:53+00:00,9.199999999999999,88
2026-03-09T05:09:54+00:00,9.199999999999999,88
2026-03-09T05:15:53+00:00,9.1,88
2026-03-09T05:22:11+00:00,9.1,88
2026-03-09T05:27:54+00:00,9.1,88
2026-03-09T05:33:54+00:00,9.1,89
2026-03-09T05:39:54+00:00,8.9,89
2026-03-09T05:45:53+00:00,8.9,89
2026-03-09T05:52:24+00:00,8.9,89
2026-03-09T05:57:53+00:00,8.9,89
2026-03-09T06:04:11+00:00,8.9,89
2026-03-09T06:09:54+00:00,8.9,89
2026-03-09T06:15:54+00:00,8.9,89
2026-03-09T06:27:53+00:00,8.9,89
2026-03-09T06:33:54+00:00,8.699999999999999,90
2026-03-09T06:39:54+00:00,8.699999999999999,90
2026-03-09T06:45:56+00:00,8.699999999999999,90
2026-03-09T06:52:36+00:00,8.699999999999999,90
2026-03-09T06:57:53+00:00,8.699999999999999,90
2026-03-09T07:03:54+00:00,8.699999999999999,90
2026-03-09T07:09:53+00:00,8.699999999999999,90
2026-03-09T07:15:54+00:00,8.699999999999999,90
2026-03-09T07:21:56+00:00,8.699999999999999,90
2026-03-09T07:27:53+00:00,8.699999999999999,90
2026-03-09T07:33:54+00:00,8.699999999999999,90
2026-03-09T07:39:54+00:00,8.699999999999999,90
2026-03-09T07:45:53+00:00,8.699999999999999,90
2026-03-09T07:52:11+00:00,8.5,91
2026-03-09T07:57:55+00:00,8.5,91
2026-03-09T08:09:53+00:00,8.6,91
2026-03-09T08:15:54+00:00,8.6,90
2026-03-09T08:21:55+00:00,8.6,90
2026-03-09T08:27:54+00:00,8.5,91
2026-03-09T08:33:55+00:00,8.6,91
2026-03-09T08:39:54+00:00,8.6,91
2026-03-09T08:45:55+00:00,8.6,90
2026-03-09T08:51:56+00:00,8.6,90
2026-03-09T08:57:53+00:00,8.6,90
2026-03-09T09:04:58+00:00,8.699999999999999,90
2026-03-09T09:09:53+00:00,8.699999999999999,90
2026-03-09T09:16:04+00:00,8.800000000000001,89
2026-03-09T09:22:08+00:00,8.800000000000001,89
2026-03-09T09:27:54+00:00,8.800000000000001,88
2026-03-09T09:33:56+00:00,9.1,87
2026-03-09T09:39:53+00:00,9.1,87
2026-03-09T09:45:54+00:00,9.300000000000001,87
2026-03-09T09:57:53+00:00,9.300000000000001,87
2026-03-09T10:04:15+00:00,9.4,86
2026-03-09T10:09:53+00:00,9.4,86
2026-03-09T10:15:54+00:00,9.5,86
2026-03-09T10:27:54+00:00,9.5,86
2026-03-09T10:33:54+00:00,9.5,86
2026-03-09T10:39:53+00:00,9.5,86
2026-03-09T10:45:53+00:00,9.6,88
2026-03-09T10:52:12+00:00,9.199999999999999,88
2026-03-09T10:57:54+00:00,9.199999999999999,88
2026-03-09T11:04:11+00:00,9.199999999999999,89
2026-03-09T11:09:54+00:00,9.199999999999999,89
2026-03-09T11:15:53+00:00,9.300000000000001,89
2026-03-09T11:22:11+00:00,9.300000000000001,89
2026-03-09T11:27:54+00:00,9.300000000000001,90
2026-03-09T11:33:54+00:00,9.4,90
2026-03-09T11:39:53+00:00,9.4,90
2026-03-09T11:45:54+00:00,9.4,91
2026-03-09T11:52:01+00:00,9.4,91
2026-03-09T11:57:55+00:00,9.4,91
2026-03-09T12:03:55+00:00,9.5,91
2026-03-09T12:09:54+00:00,9.5,91
2026-03-09T12:15:54+00:00,9.6,91
2026-03-09T12:21:56+00:00,9.6,91
2026-03-09T12:27:53+00:00,9.6,83
2026-03-09T12:33:54+00:00,10.3,83
2026-03-09T12:39:54+00:00,10.3,83
2026-03-09T12:45:54+00:00,10.5,82
2026-03-09T12:51:56+00:00,10.5,82
2026-03-09T12:57:54+00:00,10.5,82
2026-03-09T13:03:55+00:00,10.6,81
2026-03-09T13:09:53+00:00,10.6,81
2026-03-09T13:15:53+00:00,10.7,80
2026-03-09T13:29:40+00:00,10.7,80
2026-03-09T13:33:56+00:00,10.9,80
2026-03-09T13:39:55+00:00,10.9,80
2026-03-09T13:46:03+00:00,11.1,79
2026-03-09T13:51:56+00:00,11.1,79
2026-03-09T13:58:20+00:00,10.5,84
2026-03-09T14:04:22+00:00,10.5,84
2026-03-09T14:09:55+00:00,10.5,84
2026-03-09T14:15:55+00:00,10.6,84
2026-03-09T14:21:55+00:00,10.6,84
2026-03-09T14:27:56+00:00,10.2,88
2026-03-09T14:34:38+00:00,10.4,86
2026-03-09T14:39:55+00:00,10.4,86
2026-03-09T14:52:43+00:00,10.5,85
2026-03-09T14:58:37+00:00,10.5,85
2026-03-09T15:04:25+00:00,10.6,84
2026-03-09T15:09:53+00:00,10.6,84
2026-03-09T15:15:54+00:00,10.7,83
2026-03-09T15:22:35+00:00,10.7,83
2026-03-09T15:27:53+00:00,10.7,81
2026-03-09T15:33:56+00:00,10.8,81
2026-03-09T15:39:56+00:00,10.8,81
2026-03-09T15:45:59+00:00,10.9,81
2026-03-09T15:57:56+00:00,10.9,81
2026-03-09T16:04:26+00:00,11,81
2026-03-09T16:09:55+00:00,11,81
2026-03-09T16:21:56+00:00,11.1,81
2026-03-09T16:28:10+00:00,11.1,81
2026-03-09T16:34:01+00:00,11.2,81
2026-03-09T16:39:54+00:00,11.2,81
2026-03-09T16:46:39+00:00,11.4,78
2026-03-09T16:51:55+00:00,11.4,78
2026-03-09T16:57:54+00:00,11.4,78
2026-03-09T17:03:54+00:00,11.4,78
2026-03-09T17:09:54+00:00,11.4,78
2026-03-09T17:15:55+00:00,11.4,78
2026-03-09T17:22:13+00:00,11.4,78
2026-03-09T17:28:22+00:00,11,80
2026-03-09T17:34:13+00:00,11,81
2026-03-09T17:46:48+00:00,11,81
2026-03-09T17:52:09+00:00,11,81
2026-03-09T17:57:55+00:00,11,81
2026-03-09T18:03:55+00:00,11,81
2026-03-09T18:16:41+00:00,10.9,82
2026-03-09T18:22:42+00:00,10.9,82
2026-03-09T18:27:55+00:00,10.7,82
2026-03-09T18:33:55+00:00,10.7,83
2026-03-09T18:39:54+00:00,10.7,83
2026-03-09T18:45:53+00:00,10.6,84
2026-03-09T18:51:55+00:00,10.6,84
2026-03-09T18:58:18+00:00,10.6,84
2026-03-09T19:04:01+00:00,10.5,84
2026-03-09T19:09:55+00:00,10.5,84
2026-03-09T19:15:55+00:00,10.5,84
2026-03-09T19:21:57+00:00,10.5,84
2026-03-09T19:28:00+00:00,10.5,84
2026-03-09T19:34:05+00:00,10.4,85
2026-03-09T19:40:31+00:00,10.4,85
2026-03-09T19:46:59+00:00,10.3,86
2026-03-09T19:52:10+00:00,10.3,86
2026-03-09T19:57:57+00:00,10.3,86
2026-03-09T20:04:03+00:00,10.2,86
2026-03-09T20:09:54+00:00,10.2,86
2026-03-09T20:16:50+00:00,10.2,86
2026-03-09T20:22:51+00:00,10.2,86
2026-03-09T20:27:56+00:00,10.1,85
2026-03-09T20:34:41+00:00,10.1,86
2026-03-09T20:40:21+00:00,10.1,86
2026-03-09T20:45:53+00:00,10.1,87
2026-03-09T20:52:21+00:00,10.1,87
2026-03-09T20:57:53+00:00,10.1,87
2026-03-09T21:04:19+00:00,10,87
2026-03-09T21:09:53+00:00,10,87
2026-03-09T21:16:17+00:00,10,87
2026-03-09T21:21:59+00:00,10,87
2026-03-09T21:27:57+00:00,9.9,87
2026-03-09T21:33:55+00:00,9.800000000000001,88
2026-03-09T21:39:57+00:00,9.800000000000001,88
2026-03-09T21:46:08+00:00,9.800000000000001,88
2026-03-09T21:51:55+00:00,9.800000000000001,88
2026-03-09T21:58:16+00:00,9.800000000000001,88
2026-03-09T22:04:19+00:00,9.699999999999999,88
2026-03-09T22:09:56+00:00,9.699999999999999,88
2026-03-09T22:16:01+00:00,9.6,88
2026-03-09T22:22:19+00:00,9.6,88
2026-03-09T22:28:23+00:00,9.6,88
2026-03-09T22:33:59+00:00,9.4,87
2026-03-09T22:40:06+00:00,9.4,87
2026-03-09T22:45:54+00:00,9.4,87
2026-03-09T22:52:13+00:00,9.4,87
2026-03-09T22:57:54+00:00,9.4,87
2026-03-09T23:04:19+00:00,9.300000000000001,87
2026-03-09T23:09:57+00:00,9.300000000000001,87
2026-03-09T23:16:01+00:00,9.1,87
2026-03-09T23:27:57+00:00,9,84
2026-03-09T23:33:55+00:00,8.9,83
2026-03-09T23:46:05+00:00,8.9,83
2026-03-09T23:51:55+00:00,8.9,83
2026-03-09T23:57:55+00:00,8.9,83
2026-03-10T00:09:57+00:00,8.800000000000001,83
2026-03-10T00:16:26+00:00,8.800000000000001,83
2026-03-10T00:22:42+00:00,8.800000000000001,83
2026-03-10T00:27:53+00:00,8.5,85
2026-03-10T00:33:54+00:00,8.5,85
2026-03-10T00:39:53+00:00,8.5,85
2026-03-10T00:45:54+00:00,8.4,85
2026-03-10T00:52:02+00:00,8.4,85
2026-03-10T00:57:56+00:00,8.4,85
2026-03-10T01:03:56+00:00,8.300000000000001,85
2026-03-10T01:10:39+00:00,8.300000000000001,85
2026-03-10T01:16:09+00:00,8.300000000000001,84
2026-03-10T01:21:55+00:00,8.300000000000001,84
2026-03-10T01:27:55+00:00,8.300000000000001,84
2026-03-10T01:33:55+00:00,8.199999999999999,84
2026-03-10T01:39:55+00:00,8.199999999999999,84
2026-03-10T01:45:54+00:00,8.199999999999999,83
2026-03-10T01:51:56+00:00,8.199999999999999,83
2026-03-10T01:58:55+00:00,8.199999999999999,83
2026-03-10T02:04:09+00:00,8.1,83
2026-03-10T02:09:55+00:00,8.1,83
2026-03-10T02:15:54+00:00,8,84
2026-03-10T02:21:56+00:00,8,84
2026-03-10T02:27:54+00:00,8.199999999999999,82
2026-03-10T02:33:55+00:00,8.1,83
2026-03-10T02:39:55+00:00,8.1,83
2026-03-10T02:47:09+00:00,8,84
2026-03-10T02:52:13+00:00,8,84
2026-03-10T02:58:03+00:00,8,84
2026-03-10T03:03:56+00:00,7.9,84
2026-03-10T03:09:55+00:00,7.9,84
2026-03-10T03:16:30+00:00,7.8,85
2026-03-10T03:21:56+00:00,7.8,85
2026-03-10T03:27:55+00:00,7.9,85
2026-03-10T03:40:34+00:00,7.7,86
2026-03-10T03:45:56+00:00,7.5,87
2026-03-10T03:51:55+00:00,7.5,87
2026-03-10T03:57:56+00:00,7.5,87
2026-03-10T04:04:30+00:00,7.3,88
2026-03-10T04:09:55+00:00,7.3,88
2026-03-10T04:15:56+00:00,7.1,88
2026-03-10T04:21:55+00:00,7.1,88
2026-03-10T04:27:53+00:00,7.1,88
2026-03-10T04:33:55+00:00,7,88
2026-03-10T04:46:02+00:00,7,87
2026-03-10T04:51:56+00:00,7,87
2026-03-10T04:57:55+00:00,7,87
2026-03-10T05:03:56+00:00,6.9,86
2026-03-10T05:09:55+00:00,6.9,86
2026-03-10T05:15:55+00:00,6.7,86
2026-03-10T05:21:56+00:00,6.7,86
2026-03-10T05:27:55+00:00,6.5,88
2026-03-10T05:34:06+00:00,6.4,88
2026-03-10T05:39:55+00:00,6.4,88
2026-03-10T05:52:37+00:00,6.3,87
2026-03-10T05:58:06+00:00,6.3,87
2026-03-10T06:04:01+00:00,6.3,86
2026-03-10T06:10:33+00:00,6.3,86
2026-03-10T06:15:56+00:00,6.3,85
2026-03-10T06:21:56+00:00,6.3,85
2026-03-10T06:28:48+00:00,6.2,85
2026-03-10T06:34:38+00:00,6.3,84
2026-03-10T06:45:55+00:00,6.4,83
2026-03-10T06:51:56+00:00,6.4,83
2026-03-10T06:57:56+00:00,6.4,83
2026-03-10T07:03:55+00:00,6.4,82
2026-03-10T07:10:32+00:00,6.4,82
2026-03-10T07:15:57+00:00,6.5,81
2026-03-10T07:22:12+00:00,6.5,81
2026-03-10T07:27:56+00:00,6.5,81
2026-03-10T07:34:29+00:00,6.6,80
2026-03-10T07:39:59+00:00,6.6,80
2026-03-10T07:45:56+00:00,6.7,79
2026-03-10T07:52:16+00:00,6.9,79
2026-03-10T07:57:56+00:00,6.9,79
2026-03-10T08:03:57+00:00,6.9,78
2026-03-10T08:10:39+00:00,6.9,78
2026-03-10T08:16:21+00:00,7.1,78
2026-03-10T08:21:55+00:00,7.1,78
2026-03-10T08:28:30+00:00,7.1,76
2026-03-10T08:34:29+00:00,7.3,76
2026-03-10T08:41:02+00:00,7.3,76
2026-03-10T08:46:03+00:00,7.5,75
2026-03-10T08:52:00+00:00,7.5,75
2026-03-10T09:04:32+00:00,7.6,75
2026-03-10T09:10:08+00:00,7.6,75
2026-03-10T09:15:57+00:00,7.8,74
2026-03-10T09:21:57+00:00,7.8,74
2026-03-10T09:27:55+00:00,7.8,74
2026-03-10T09:34:30+00:00,7.9,74
2026-03-10T09:39:55+00:00,7.9,74
2026-03-10T09:51:54+00:00,8,73
2026-03-10T09:57:56+00:00,8,73
2026-03-10T10:17:04+00:00,8.300000000000001,73
2026-03-10T10:21:59+00:00,8.300000000000001,73
2026-03-10T10:34:13+00:00,8.5,72
2026-03-10T10:40:17+00:00,8.5,72
2026-03-10T10:51:55+00:00,8.5,72
2026-03-10T10:57:54+00:00,8.5,72
2026-03-10T11:03:56+00:00,8.6,72
2026-03-10T11:09:55+00:00,8.6,72
2026-03-10T11:16:04+00:00,8.800000000000001,71
2026-03-10T11:21:54+00:00,8.800000000000001,71
2026-03-10T11:28:32+00:00,8.6,73
2026-03-10T11:33:55+00:00,8.699999999999999,72
2026-03-10T11:39:56+00:00,8.699999999999999,72
2026-03-10T11:46:45+00:00,8.9,71
2026-03-10T11:51:56+00:00,8.9,71
2026-03-10T11:58:47+00:00,8.9,71
2026-03-10T12:03:55+00:00,9,71
2026-03-10T12:09:55+00:00,9,71
2026-03-10T12:16:03+00:00,9.1,71
2026-03-10T12:22:18+00:00,9.1,71
2026-03-10T12:27:56+00:00,9.1,71
2026-03-10T12:34:26+00:00,9.699999999999999,67
2026-03-10T12:45:56+00:00,9.9,67
2026-03-10T12:51:56+00:00,9.9,67
2026-03-10T12:58:06+00:00,9.9,67
2026-03-10T13:03:56+00:00,10,67
2026-03-10T13:09:56+00:00,10,67
2026-03-10T13:15:56+00:00,10.2,66
2026-03-10T13:21:56+00:00,10.2,66
2026-03-10T13:28:18+00:00,10.2,66
2026-03-10T13:33:57+00:00,10.4,64
2026-03-10T13:39:55+00:00,10.4,64
2026-03-10T13:51:56+00:00,11,61
2026-03-10T13:58:50+00:00,11,61
2026-03-10T14:09:56+00:00,11.1,60
2026-03-10T14:16:39+00:00,11.1,60
2026-03-10T14:22:34+00:00,11.1,60
2026-03-10T14:27:54+00:00,11.3,59
2026-03-10T14:33:53+00:00,11.2,60
2026-03-10T14:39:54+00:00,11.2,60
2026-03-10T14:45:54+00:00,11.1,61
2026-03-10T14:52:26+00:00,11.1,61
2026-03-10T14:58:41+00:00,11.1,61
2026-03-10T15:03:54+00:00,11.1,62
2026-03-10T15:09:55+00:00,11.1,62
2026-03-10T15:21:55+00:00,11,63
2026-03-10T15:27:56+00:00,11.1,62
2026-03-10T15:34:06+00:00,11,63
2026-03-10T15:39:56+00:00,11,63
2026-03-10T15:45:57+00:00,10.9,64
2026-03-10T15:52:24+00:00,10.9,64
2026-03-10T15:57:54+00:00,10.9,64
2026-03-10T16:03:58+00:00,10.8,64
2026-03-10T16:09:55+00:00,10.8,64
2026-03-10T16:16:37+00:00,10.7,65
2026-03-10T16:22:08+00:00,10.7,65
2026-03-10T16:34:13+00:00,10.7,66
2026-03-10T16:40:55+00:00,10.7,66
2026-03-10T16:46:07+00:00,10.8,66
2026-03-10T16:52:30+00:00,10.8,66
2026-03-10T16:58:24+00:00,10.8,66
2026-03-10T17:10:43+00:00,10.7,67
2026-03-10T17:16:32+00:00,10.6,68
2026-03-10T17:22:31+00:00,10.6,68
2026-03-10T17:28:14+00:00,10.7,67
2026-03-10T17:52:12+00:00,10.5,70
2026-03-10T17:57:59+00:00,10.5,70
2026-03-10T18:03:55+00:00,10.4,71
2026-03-10T18:10:08+00:00,10.4,71
2026-03-10T18:22:55+00:00,10.3,72
2026-03-10T18:27:56+00:00,10.3,73
2026-03-10T18:35:28+00:00,10.2,73
2026-03-10T18:40:18+00:00,10.2,73
2026-03-10T18:46:26+00:00,10.2,74
2026-03-10T18:58:14+00:00,10.2,74
2026-03-10T19:04:12+00:00,10.1,74
2026-03-10T19:10:11+00:00,10.1,74
2026-03-10T19:22:00+00:00,10.1,74
2026-03-10T19:40:43+00:00,10.1,75
2026-03-10T19:47:01+00:00,10.2,75
2026-03-10T19:51:56+00:00,10.2,75
2026-03-10T19:57:54+00:00,10.2,75
2026-03-10T20:03:56+00:00,10,76
2026-03-10T20:09:54+00:00,10,76
2026-03-10T20:15:54+00:00,9.800000000000001,79
2026-03-10T20:22:16+00:00,9.800000000000001,79
2026-03-10T20:27:53+00:00,10,77
2026-03-10T20:33:55+00:00,9.699999999999999,82
2026-03-10T20:40:55+00:00,9.699999999999999,82
2026-03-10T20:46:41+00:00,9.4,87
2026-03-10T20:52:28+00:00,9.4,87
2026-03-10T20:58:10+00:00,9.4,87
2026-03-10T21:04:43+00:00,9.300000000000001,90
2026-03-10T21:09:56+00:00,9.300000000000001,90
2026-03-10T21:16:12+00:00,9.199999999999999,91
2026-03-10T21:22:18+00:00,9.199999999999999,91
2026-03-10T21:28:09+00:00,9.199999999999999,90
2026-03-10T21:34:35+00:00,9.199999999999999,90
2026-03-10T21:40:10+00:00,9.199999999999999,90
2026-03-10T21:46:30+00:00,9.199999999999999,91
2026-03-10T21:52:00+00:00,9.199999999999999,91
2026-03-10T21:57:53+00:00,9.199999999999999,91
2026-03-10T22:04:11+00:00,9.199999999999999,91
2026-03-10T22:09:54+00:00,9.199999999999999,91
2026-03-10T22:15:53+00:00,9.199999999999999,91
2026-03-10T22:21:56+00:00,9.199999999999999,91
2026-03-10T22:27:53+00:00,9.199999999999999,91
2026-03-10T22:34:26+00:00,9.300000000000001,90
2026-03-10T22:40:15+00:00,9.300000000000001,90
2026-03-10T22:46:25+00:00,9.4,89
2026-03-10T22:57:53+00:00,9.4,89
2026-03-10T23:03:56+00:00,9.5,88
2026-03-10T23:09:53+00:00,9.5,88
2026-03-10T23:16:08+00:00,9.5,88
2026-03-10T23:22:24+00:00,9.5,88
2026-03-10T23:28:21+00:00,9.699999999999999,86
2026-03-10T23:34:01+00:00,9.699999999999999,87
2026-03-10T23:39:55+00:00,9.699999999999999,87
2026-03-10T23:45:53+00:00,9.800000000000001,87
2026-03-10T23:52:03+00:00,9.800000000000001,87
2026-03-10T23:57:53+00:00,9.800000000000001,87
2026-03-11T00:04:12+00:00,9.800000000000001,87
2026-03-11T00:09:55+00:00,9.800000000000001,87
2026-03-11T00:15:56+00:00,9.800000000000001,88
2026-03-11T00:22:26+00:00,9.800000000000001,88
2026-03-11T00:27:54+00:00,9.800000000000001,89
2026-03-11T00:33:56+00:00,9.699999999999999,91
2026-03-11T00:45:54+00:00,9.699999999999999,93
2026-03-11T00:52:19+00:00,9.699999999999999,93
2026-03-11T00:57:54+00:00,9.699999999999999,93
2026-03-11T01:04:09+00:00,9.699999999999999,95
2026-03-11T01:10:03+00:00,9.699999999999999,95
2026-03-11T01:16:42+00:00,9.6,93
2026-03-11T01:22:02+00:00,9.6,93
2026-03-11T01:27:53+00:00,9.6,93
2026-03-11T01:33:54+00:00,9.5,90
2026-03-11T01:39:53+00:00,9.5,90
2026-03-11T01:46:14+00:00,9.5,86
2026-03-11T01:51:54+00:00,9.6,86
2026-03-11T01:57:55+00:00,9.6,86
2026-03-11T02:04:23+00:00,9.6,84
2026-03-11T02:10:13+00:00,9.6,84
2026-03-11T02:16:14+00:00,9.300000000000001,82
2026-03-11T02:22:08+00:00,9.300000000000001,82
2026-03-11T02:27:56+00:00,9.5,82
2026-03-11T02:34:31+00:00,9.199999999999999,80
2026-03-11T02:39:53+00:00,9.199999999999999,80
2026-03-11T02:45:54+00:00,8.9,78
2026-03-11T02:52:31+00:00,8.9,78
2026-03-11T02:57:53+00:00,8.9,78
2026-03-11T03:09:54+00:00,8.699999999999999,77
2026-03-11T03:16:02+00:00,8.5,77
2026-03-11T03:22:03+00:00,8.5,77
2026-03-11T03:27:54+00:00,9.1,84
2026-03-11T03:34:02+00:00,8.9,83
2026-03-11T03:39:54+00:00,8.9,83
2026-03-11T03:46:09+00:00,8.699999999999999,81
2026-03-11T03:57:56+00:00,8.699999999999999,81
2026-03-11T04:04:11+00:00,8.5,80
2026-03-11T04:09:57+00:00,8.5,80
2026-03-11T04:16:46+00:00,8.4,79
2026-03-11T04:27:58+00:00,8.4,79
2026-03-11T04:34:13+00:00,8.300000000000001,77
2026-03-11T04:39:53+00:00,8.300000000000001,77
2026-03-11T04:45:54+00:00,8.300000000000001,76
2026-03-11T04:52:03+00:00,8,79
2026-03-11T04:57:54+00:00,8,79
2026-03-11T05:03:54+00:00,7.9,79
2026-03-11T05:09:53+00:00,7.9,79
2026-03-11T05:16:43+00:00,7.9,78
2026-03-11T05:22:05+00:00,7.9,78
2026-03-11T05:27:53+00:00,8.1,77
2026-03-11T05:33:55+00:00,8.199999999999999,76
2026-03-11T05:39:54+00:00,8.199999999999999,76
2026-03-11T05:46:04+00:00,8.199999999999999,75
2026-03-11T05:51:56+00:00,8.199999999999999,75
2026-03-11T05:57:53+00:00,8.199999999999999,75
2026-03-11T06:03:56+00:00,8.199999999999999,74
2026-03-11T06:10:25+00:00,8.199999999999999,74
2026-03-11T06:16:33+00:00,8.199999999999999,73
2026-03-11T06:28:06+00:00,8.300000000000001,73
2026-03-11T06:34:19+00:00,8.199999999999999,72
2026-03-11T06:40:36+00:00,8.199999999999999,72
2026-03-11T06:46:48+00:00,8.199999999999999,72
2026-03-11T06:52:29+00:00,8.199999999999999,72
2026-03-11T06:58:27+00:00,8.199999999999999,72
2026-03-11T07:04:44+00:00,8.199999999999999,71
2026-03-11T07:10:24+00:00,8.199999999999999,71
2026-03-11T07:15:56+00:00,8.199999999999999,71
2026-03-11T07:22:08+00:00,8.199999999999999,71
2026-03-11T07:27:53+00:00,8.199999999999999,71
2026-03-11T07:34:03+00:00,8.199999999999999,71
2026-03-11T07:39:53+00:00,8.199999999999999,71
2026-03-11T07:52:34+00:00,8.1,70
2026-03-11T07:57:54+00:00,8.1,70
2026-03-11T08:04:10+00:00,8.199999999999999,70
2026-03-11T08:09:55+00:00,8.199999999999999,70
2026-03-11T08:16:05+00:00,8.300000000000001,69
2026-03-11T08:22:00+00:00,8.300000000000001,69
2026-03-11T08:27:55+00:00,8.199999999999999,70
2026-03-11T08:34:01+00:00,8.300000000000001,69
2026-03-11T08:39:55+00:00,8.300000000000001,69
2026-03-11T08:46:15+00:00,8.300000000000001,69
2026-03-11T08:52:39+00:00,8.300000000000001,69
2026-03-11T08:58:17+00:00,8.300000000000001,69
2026-03-11T09:04:11+00:00,8.4,69
2026-03-11T09:10:14+00:00,8.4,69
2026-03-11T09:16:39+00:00,8.4,68
2026-03-11T09:21:54+00:00,8.4,68
2026-03-11T09:28:45+00:00,8.5,67
2026-03-11T09:34:34+00:00,8.5,66
2026-03-11T09:39:53+00:00,8.5,66
2026-03-11T09:45:54+00:00,8.6,66
2026-03-11T09:52:03+00:00,8.6,66
2026-03-11T09:57:53+00:00,8.6,66
2026-03-11T10:04:00+00:00,8.699999999999999,65
2026-03-11T10:09:53+00:00,8.699999999999999,65
2026-03-11T10:15:56+00:00,8.699999999999999,64
2026-03-11T10:21:56+00:00,8.699999999999999,64
2026-03-11T10:27:53+00:00,8.699999999999999,64
2026-03-11T10:39:54+00:00,8.800000000000001,63
2026-03-11T10:45:56+00:00,8.9,60
2026-03-11T10:51:57+00:00,8.9,60
2026-03-11T11:04:00+00:00,9,59
2026-03-11T11:09:56+00:00,9,59
2026-03-11T11:21:56+00:00,9.1,58
2026-03-11T11:28:30+00:00,9,58
2026-03-11T11:34:00+00:00,9.1,56
2026-03-11T11:39:55+00:00,9.1,56
2026-03-11T11:52:50+00:00,9.199999999999999,55
2026-03-11T11:57:53+00:00,9.199999999999999,55
2026-03-11T12:04:30+00:00,9.300000000000001,54
2026-03-11T12:10:21+00:00,9.300000000000001,54
2026-03-11T12:16:27+00:00,9.4,53
2026-03-11T12:21:55+00:00,9.4,53
2026-03-11T12:33:55+00:00,9.5,52
2026-03-11T12:39:54+00:00,9.5,52
2026-03-11T12:45:55+00:00,9.6,51
2026-03-11T12:52:30+00:00,9.6,51
2026-03-11T12:58:03+00:00,9.6,51
2026-03-11T13:04:13+00:00,9.699999999999999,50
2026-03-11T13:09:56+00:00,9.699999999999999,50
2026-03-11T13:22:01+00:00,9.800000000000001,50
2026-03-11T13:27:55+00:00,9.800000000000001,50
2026-03-11T13:34:07+00:00,9.9,50
2026-03-11T13:40:03+00:00,9.9,50
2026-03-11T13:46:54+00:00,10.4,47
2026-03-11T13:51:55+00:00,10.4,47
2026-03-11T13:58:51+00:00,10.4,47
2026-03-11T14:03:56+00:00,10.5,47
2026-03-11T14:10:35+00:00,10.5,47
2026-03-11T14:21:55+00:00,10.6,47
2026-03-11T14:27:55+00:00,10.3,49
2026-03-11T14:33:54+00:00,10.4,48
2026-03-11T14:39:54+00:00,10.4,48
2026-03-11T14:45:54+00:00,10.4,47
2026-03-11T14:52:06+00:00,10.4,47
2026-03-11T14:57:59+00:00,10.4,47
2026-03-11T15:03:55+00:00,10.5,47
2026-03-11T15:09:54+00:00,10.5,47
2026-03-11T15:16:56+00:00,10.5,47
2026-03-11T15:22:41+00:00,10.5,47
2026-03-11T15:27:54+00:00,10.5,48
2026-03-11T15:39:53+00:00,10.5,48
2026-03-11T15:45:58+00:00,10.6,48
2026-03-11T15:52:00+00:00,10.6,48
2026-03-11T15:58:06+00:00,10.6,48
2026-03-11T16:03:55+00:00,10.6,48
2026-03-11T16:09:56+00:00,10.6,48
2026-03-11T16:16:42+00:00,10.6,48
2026-03-11T16:21:57+00:00,10.6,48
2026-03-11T16:34:34+00:00,10.6,49
2026-03-11T16:39:56+00:00,10.6,49
2026-03-11T16:46:50+00:00,10.6,49
2026-03-11T16:52:04+00:00,10.6,49
2026-03-11T16:57:55+00:00,10.6,49
2026-03-11T17:03:56+00:00,10.6,49
2026-03-11T17:09:54+00:00,10.6,49
2026-03-11T17:15:57+00:00,10.5,51
2026-03-11T17:22:00+00:00,10.5,51
2026-03-11T17:27:54+00:00,10.5,51
2026-03-11T17:39:54+00:00,10.3,56
2026-03-11T17:46:42+00:00,10.1,59
2026-03-11T17:52:22+00:00,10.1,59
2026-03-11T17:58:07+00:00,10.1,59
2026-03-11T18:03:57+00:00,10,61
2026-03-11T18:10:21+00:00,10,61
2026-03-11T18:16:20+00:00,9.800000000000001,63
2026-03-11T18:21:57+00:00,9.800000000000001,63
2026-03-11T18:27:55+00:00,9.699999999999999,64
2026-03-11T18:34:28+00:00,9.5,65
2026-03-11T18:40:15+00:00,9.5,65
2026-03-11T18:46:42+00:00,9.4,66
2026-03-11T18:51:56+00:00,9.4,66
2026-03-11T18:58:16+00:00,9.4,66
2026-03-11T19:03:56+00:00,9.300000000000001,67
2026-03-11T19:09:54+00:00,9.300000000000001,67
2026-03-11T19:15:53+00:00,9.1,68
2026-03-11T19:22:26+00:00,9.1,68
2026-03-11T19:27:53+00:00,9.1,68
2026-03-11T19:39:53+00:00,8.9,69
2026-03-11T19:45:53+00:00,8.699999999999999,70
2026-03-11T19:52:31+00:00,8.699999999999999,70
2026-03-11T19:57:53+00:00,8.699999999999999,69
2026-03-11T20:03:55+00:00,8.300000000000001,69
2026-03-11T20:09:53+00:00,8.300000000000001,69
2026-03-11T20:15:54+00:00,8.1,70
2026-03-11T20:21:56+00:00,8.1,70
2026-03-11T20:27:54+00:00,8.199999999999999,70
2026-03-11T20:33:56+00:00,8,72
2026-03-11T20:39:55+00:00,8,72
2026-03-11T20:46:37+00:00,7.8,73
2026-03-11T20:51:55+00:00,7.8,73
2026-03-11T20:57:54+00:00,7.8,73
2026-03-11T21:03:55+00:00,7.7,74
2026-03-11T21:10:59+00:00,7.7,74
2026-03-11T21:16:25+00:00,7.6,75
2026-03-11T21:21:55+00:00,7.6,75
2026-03-11T21:28:27+00:00,7.6,74
2026-03-11T21:34:37+00:00,7.6,75
2026-03-11T21:40:51+00:00,7.6,75
2026-03-11T21:46:44+00:00,7.5,76
2026-03-11T21:52:15+00:00,7.5,76
2026-03-11T21:57:54+00:00,7.5,76
2026-03-11T22:03:56+00:00,7.4,76
2026-03-11T22:09:53+00:00,7.4,76
2026-03-11T22:16:07+00:00,7.3,77
2026-03-11T22:21:54+00:00,7.3,77
2026-03-11T22:27:55+00:00,7.3,77
2026-03-11T22:34:02+00:00,7.2,77
2026-03-11T22:39:57+00:00,7.2,77
2026-03-11T22:45:55+00:00,7.4,76
2026-03-11T22:51:54+00:00,7.4,76
2026-03-11T22:57:54+00:00,7.4,76
2026-03-11T23:03:55+00:00,7.3,76
2026-03-11T23:09:54+00:00,7.3,76
2026-03-11T23:16:34+00:00,7.3,76
2026-03-11T23:21:55+00:00,7.3,76
2026-03-11T23:27:56+00:00,7.3,76
2026-03-11T23:34:09+00:00,7.4,75
2026-03-11T23:40:07+00:00,7.4,75
2026-03-11T23:45:56+00:00,7.4,75
2026-03-11T23:52:51+00:00,7.4,75
2026-03-11T23:57:54+00:00,7.4,75
2026-03-12T00:04:07+00:00,7.5,75
2026-03-12T00:10:47+00:00,7.5,75
2026-03-12T00:15:57+00:00,7.5,75
2026-03-12T00:22:05+00:00,7.5,75
2026-03-12T00:27:56+00:00,7.5,75
2026-03-12T00:33:55+00:00,7.9,74
2026-03-12T00:39:56+00:00,7.9,74
2026-03-12T00:45:55+00:00,7.9,74
2026-03-12T00:52:02+00:00,7.9,74
2026-03-12T00:58:10+00:00,7.9,74
2026-03-12T01:03:55+00:00,8,74
2026-03-12T01:09:55+00:00,8,74
2026-03-12T01:15:55+00:00,8,74
2026-03-12T01:21:56+00:00,8,74
2026-03-12T01:27:56+00:00,8,74
2026-03-12T01:34:24+00:00,8,74
2026-03-12T01:39:54+00:00,8,74
2026-03-12T01:45:53+00:00,8,74
2026-03-12T01:52:26+00:00,8,74
2026-03-12T01:58:01+00:00,8,74
2026-03-12T02:09:56+00:00,8,74
2026-03-12T02:15:56+00:00,8,74
2026-03-12T02:22:18+00:00,8.1,75
2026-03-12T02:28:25+00:00,8.1,76
2026-03-12T02:33:58+00:00,8.1,75
2026-03-12T02:40:30+00:00,8.1,75
2026-03-12T02:45:56+00:00,8.199999999999999,74
2026-03-12T02:51:58+00:00,8.199999999999999,74
2026-03-12T02:58:04+00:00,8.199999999999999,74
2026-03-12T03:03:57+00:00,8.199999999999999,74
2026-03-12T03:09:55+00:00,8.199999999999999,74
2026-03-12T03:16:02+00:00,8.300000000000001,73
2026-03-12T03:22:12+00:00,8.300000000000001,73
2026-03-12T03:28:36+00:00,8.300000000000001,73
2026-03-12T03:33:55+00:00,8.4,72
2026-03-12T03:39:56+00:00,8.4,72
2026-03-12T03:57:55+00:00,8.5,71
2026-03-12T04:03:55+00:00,8.5,70
2026-03-12T04:09:54+00:00,8.5,70
2026-03-12T04:16:04+00:00,8.5,71
2026-03-12T04:28:37+00:00,8.5,71
2026-03-12T04:33:55+00:00,8.5,73
2026-03-12T04:40:41+00:00,8.5,73
2026-03-12T04:45:57+00:00,8.5,75
2026-03-12T04:51:59+00:00,8.4,75
2026-03-12T04:58:03+00:00,8.4,75
2026-03-12T05:04:09+00:00,8.5,76
2026-03-12T05:09:55+00:00,8.5,76
2026-03-12T05:16:03+00:00,8.6,76
2026-03-12T05:27:55+00:00,8.6,76
2026-03-12T05:33:56+00:00,8.800000000000001,73
2026-03-12T05:39:56+00:00,8.800000000000001,73
2026-03-12T05:52:10+00:00,8.9,72
2026-03-12T05:57:57+00:00,8.9,72
2026-03-12T06:03:55+00:00,9,71
2026-03-12T06:09:55+00:00,9,71
2026-03-12T06:16:05+00:00,9,71
2026-03-12T06:22:01+00:00,9,71
2026-03-12T06:28:02+00:00,9.199999999999999,70
2026-03-12T06:33:56+00:00,9.199999999999999,71
2026-03-12T06:39:56+00:00,9.199999999999999,71
2026-03-12T06:45:56+00:00,9.1,72
2026-03-12T07:04:15+00:00,9.1,73
2026-03-12T07:10:33+00:00,9.1,73
2026-03-12T07:15:57+00:00,9.199999999999999,73
2026-03-12T07:21:56+00:00,9.199999999999999,73
2026-03-12T07:28:39+00:00,9.199999999999999,73
2026-03-12T07:45:55+00:00,9.5,71
2026-03-12T07:58:57+00:00,9.300000000000001,73
2026-03-12T08:04:24+00:00,9.4,73
2026-03-12T08:10:04+00:00,9.4,73
2026-03-12T08:17:12+00:00,9.5,73
2026-03-12T08:22:49+00:00,9.5,73
2026-03-12T08:28:34+00:00,9.5,72
2026-03-12T08:34:14+00:00,9.699999999999999,73
2026-03-12T08:46:41+00:00,9.800000000000001,74
2026-03-12T08:52:32+00:00,9.800000000000001,74
2026-03-12T08:59:04+00:00,9.800000000000001,74
2026-03-12T09:04:33+00:00,9.9,74
2026-03-12T09:21:55+00:00,10.1,74
2026-03-12T09:46:55+00:00,10.3,76
2026-03-12T09:52:52+00:00,10.3,76
2026-03-12T09:57:55+00:00,10.3,76
2026-03-12T10:10:29+00:00,10.4,76
2026-03-12T10:16:51+00:00,10.6,76
2026-03-12T10:22:01+00:00,10.6,76
2026-03-12T10:27:55+00:00,10.6,76
2026-03-12T10:34:03+00:00,10.8,76
2026-03-12T10:39:56+00:00,10.8,76
2026-03-12T10:45:53+00:00,10.9,74
2026-03-12T10:51:57+00:00,10.9,74
2026-03-12T10:57:54+00:00,10.9,74
2026-03-12T11:03:56+00:00,11,74
2026-03-12T11:09:53+00:00,11,74
2026-03-12T11:15:56+00:00,11.2,75
2026-03-12T11:22:08+00:00,11.2,75
2026-03-12T11:27:53+00:00,10.8,76
2026-03-12T11:39:53+00:00,11,76
2026-03-12T11:45:54+00:00,11.2,77
2026-03-12T11:51:56+00:00,11.2,77
2026-03-12T11:57:54+00:00,11.2,77
2026-03-12T12:04:32+00:00,11.4,77
2026-03-12T12:09:55+00:00,11.4,77
2026-03-12T12:17:03+00:00,11.6,77
2026-03-12T12:21:59+00:00,11.6,77
2026-03-12T12:27:58+00:00,11.4,78
2026-03-12T12:40:06+00:00,11.8,77
2026-03-12T12:45:55+00:00,12.2,76
2026-03-12T12:58:01+00:00,12.2,76
2026-03-12T13:04:39+00:00,12.4,75
2026-03-12T13:10:16+00:00,12.4,75
2026-03-12T13:15:55+00:00,12.7,74
2026-03-12T13:22:04+00:00,12.7,74
2026-03-12T13:28:02+00:00,12.7,74
2026-03-12T13:33:54+00:00,12.9,74
2026-03-12T13:39:53+00:00,12.9,74
2026-03-12T13:45:56+00:00,13.1,75
2026-03-12T13:51:59+00:00,13.1,75
2026-03-12T13:57:53+00:00,13.1,75
2026-03-12T14:04:13+00:00,13.2,75
2026-03-12T14:09:53+00:00,13.2,75
2026-03-12T14:15:53+00:00,13.3,75
2026-03-12T14:21:55+00:00,13.3,75
2026-03-12T14:27:54+00:00,12.8,77
2026-03-12T14:33:56+00:00,12.9,77
2026-03-12T14:39:54+00:00,12.9,77
2026-03-12T14:45:54+00:00,13,76
2026-03-12T14:57:54+00:00,13,76
2026-03-12T15:03:55+00:00,13.1,76
2026-03-12T15:10:13+00:00,13.1,76
2026-03-12T15:16:04+00:00,13.2,75
2026-03-12T15:22:38+00:00,13.2,75
2026-03-12T15:27:54+00:00,13.5,75
2026-03-12T15:39:54+00:00,13.5,75
2026-03-12T15:45:55+00:00,13.5,74
2026-03-12T15:52:42+00:00,13.5,74
2026-03-12T15:57:57+00:00,13.5,74
2026-03-12T16:03:55+00:00,13.5,74
2026-03-12T16:09:54+00:00,13.5,74
2026-03-12T16:16:09+00:00,13.2,77
2026-03-12T16:22:33+00:00,13.2,77
2026-03-12T16:27:53+00:00,13.2,77
2026-03-12T16:33:56+00:00,12.7,81
2026-03-12T16:39:54+00:00,12.7,81
2026-03-12T16:45:54+00:00,12.2,85
2026-03-12T16:51:54+00:00,12.2,85
2026-03-12T16:57:54+00:00,12.2,85
2026-03-12T17:03:55+00:00,12.1,86
2026-03-12T17:09:55+00:00,12.1,86
2026-03-12T17:16:28+00:00,11.9,87
2026-03-12T17:22:07+00:00,11.9,87
2026-03-12T17:28:29+00:00,11.9,87
2026-03-12T17:33:55+00:00,11.6,89
2026-03-12T17:40:40+00:00,11.6,89
2026-03-12T17:47:09+00:00,11.4,91
2026-03-12T17:51:57+00:00,11.4,91
2026-03-12T17:57:54+00:00,11.4,91
2026-03-12T18:04:18+00:00,11.2,92
2026-03-12T18:09:53+00:00,11.2,92
2026-03-12T18:15:54+00:00,11,91
2026-03-12T18:22:14+00:00,11,91
2026-03-12T18:27:54+00:00,11.2,89
2026-03-12T18:34:15+00:00,10.9,87
2026-03-12T18:39:54+00:00,10.9,87
2026-03-12T18:51:56+00:00,10.6,86
2026-03-12T18:57:55+00:00,10.6,86
2026-03-12T19:03:55+00:00,10.4,85
2026-03-12T19:09:55+00:00,10.4,85
2026-03-12T19:15:59+00:00,10.3,84
2026-03-12T19:22:15+00:00,10.3,84
2026-03-12T19:28:11+00:00,10.3,84
2026-03-12T19:33:56+00:00,10.2,84
2026-03-12T19:39:55+00:00,10.2,84
2026-03-12T19:45:56+00:00,10.2,83
2026-03-12T19:57:53+00:00,10.7,81
2026-03-12T20:03:55+00:00,10.7,80
2026-03-12T20:09:53+00:00,10.7,80
2026-03-12T20:15:55+00:00,10.1,82
2026-03-12T20:22:18+00:00,10.1,82
2026-03-12T20:27:53+00:00,10,88
2026-03-12T20:33:55+00:00,9.1,90
2026-03-12T20:39:54+00:00,9.1,90
2026-03-12T20:46:21+00:00,8.199999999999999,92
2026-03-12T20:52:37+00:00,8.199999999999999,92
2026-03-12T20:58:12+00:00,8.199999999999999,92
2026-03-12T21:03:56+00:00,7.6,93
2026-03-12T21:10:25+00:00,7.6,93
2026-03-12T21:15:57+00:00,7.3,93
2026-03-12T21:22:02+00:00,7.3,93
2026-03-12T21:27:53+00:00,9.1,89
2026-03-12T21:33:57+00:00,8.6,90
2026-03-12T21:39:54+00:00,8.6,90
2026-03-12T21:45:55+00:00,8.199999999999999,90
2026-03-12T21:52:08+00:00,8.199999999999999,90
2026-03-12T21:57:55+00:00,8.199999999999999,90
2026-03-12T22:04:29+00:00,7.8,91
2026-03-12T22:10:20+00:00,7.8,91
2026-03-12T22:16:12+00:00,7.9,89
2026-03-12T22:27:54+00:00,7.9,89
2026-03-12T22:33:54+00:00,8.300000000000001,86
2026-03-12T22:39:54+00:00,8.300000000000001,86
2026-03-12T22:45:55+00:00,8.699999999999999,74
2026-03-12T22:57:53+00:00,9.1,74
2026-03-12T23:03:55+00:00,9.1,72
2026-03-12T23:09:54+00:00,9.1,72
2026-03-12T23:15:56+00:00,8.300000000000001,74
2026-03-12T23:22:22+00:00,8.300000000000001,74
2026-03-12T23:27:54+00:00,8.300000000000001,77
2026-03-12T23:33:56+00:00,7.4,80
2026-03-12T23:45:56+00:00,6.6,84
2026-03-12T23:57:54+00:00,6.6,84
2026-03-13T00:03:56+00:00,6,86
2026-03-13T00:09:54+00:00,6,86
2026-03-13T00:15:54+00:00,5.8,85
2026-03-13T00:21:56+00:00,5.8,85
2026-03-13T00:27:53+00:00,6.2,87
2026-03-13T00:33:55+00:00,5.8,85
2026-03-13T00:39:53+00:00,5.8,85
2026-03-13T00:45:58+00:00,5.5,82
2026-03-13T00:52:19+00:00,5.5,82
2026-03-13T00:58:09+00:00,5.5,82
2026-03-13T01:09:53+00:00,5.3,81
2026-03-13T01:15:56+00:00,5.1,81
2026-03-13T01:22:30+00:00,5.1,81
2026-03-13T01:27:53+00:00,5.1,81
2026-03-13T01:33:58+00:00,4.9,82
2026-03-13T01:39:53+00:00,4.9,82
2026-03-13T01:45:56+00:00,4.8,82
2026-03-13T01:51:55+00:00,5.2,79
2026-03-13T01:57:53+00:00,5.2,79
2026-03-13T02:03:56+00:00,5.1,79
2026-03-13T02:09:55+00:00,5.1,79
2026-03-13T02:16:34+00:00,4.9,78
2026-03-13T02:22:13+00:00,4.9,78
2026-03-13T02:28:34+00:00,5.2,76
2026-03-13T02:33:56+00:00,5,72
2026-03-13T02:39:55+00:00,5,72
2026-03-13T02:45:55+00:00,4.8,68
2026-03-13T02:52:04+00:00,4.8,68
2026-03-13T02:57:55+00:00,4.8,68
2026-03-13T03:04:25+00:00,4.6,66
2026-03-13T03:09:54+00:00,4.6,66
2026-03-13T03:15:56+00:00,4.4,65
2026-03-13T03:27:54+00:00,4.4,67
2026-03-13T03:39:54+00:00,4.2,67
2026-03-13T03:45:56+00:00,4.1,67
2026-03-13T03:51:55+00:00,4.1,67
2026-03-13T03:58:15+00:00,4.1,67
2026-03-13T04:04:33+00:00,4,67
2026-03-13T04:09:55+00:00,4,67
2026-03-13T04:16:46+00:00,3.9,66
2026-03-13T04:21:57+00:00,3.9,66
2026-03-13T04:27:56+00:00,3.9,66
2026-03-13T04:39:53+00:00,3.9,64
2026-03-13T04:45:55+00:00,3.8,66
2026-03-13T04:52:25+00:00,3.8,66
2026-03-13T04:59:04+00:00,3.8,66
2026-03-13T05:03:56+00:00,3.8,65
2026-03-13T05:09:55+00:00,3.8,65
2026-03-13T05:15:55+00:00,3.8,64
2026-03-13T05:22:33+00:00,3.8,64
2026-03-13T05:34:34+00:00,3.8,64
2026-03-13T05:40:14+00:00,3.8,64
2026-03-13T05:45:53+00:00,3.8,63
2026-03-13T05:51:55+00:00,3.8,63
2026-03-13T05:57:53+00:00,3.8,63
2026-03-13T06:04:11+00:00,3.8,63
2026-03-13T06:10:45+00:00,3.8,63
2026-03-13T06:16:12+00:00,3.8,63
2026-03-13T06:27:53+00:00,3.7,65
2026-03-13T06:33:56+00:00,3.8,65
2026-03-13T06:39:53+00:00,3.8,65
2026-03-13T06:45:54+00:00,4,65
2026-03-13T06:52:33+00:00,4,65
2026-03-13T06:58:31+00:00,4,65
2026-03-13T07:03:59+00:00,4.1,65
2026-03-13T07:10:38+00:00,4.1,65
2026-03-13T07:15:56+00:00,4.3,65
2026-03-13T07:21:56+00:00,4.3,65
2026-03-13T07:28:18+00:00,4.3,65
2026-03-13T07:40:20+00:00,4.5,66
2026-03-13T07:52:05+00:00,4.8,64
2026-03-13T07:58:42+00:00,4.8,64
2026-03-13T08:04:40+00:00,5,64
2026-03-13T08:10:11+00:00,5,64
2026-03-13T08:16:46+00:00,5.2,63
2026-03-13T08:21:56+00:00,5.2,63
2026-03-13T08:28:28+00:00,5.3,63
2026-03-13T08:34:26+00:00,5.6,61
2026-03-13T08:40:34+00:00,5.6,61
2026-03-13T08:46:08+00:00,6,59
2026-03-13T08:52:35+00:00,6,59
2026-03-13T09:09:53+00:00,6.2,58
2026-03-13T09:15:54+00:00,6.4,57
2026-03-13T09:27:55+00:00,6.3,60
2026-03-13T09:33:56+00:00,6.5,59
2026-03-13T09:39:53+00:00,6.5,59
2026-03-13T09:46:21+00:00,6.6,58
2026-03-13T09:52:03+00:00,6.6,58
2026-03-13T09:57:53+00:00,6.6,58
2026-03-13T10:03:54+00:00,6.7,58
2026-03-13T10:09:53+00:00,6.7,58
2026-03-13T10:15:54+00:00,6.8,57
2026-03-13T10:21:56+00:00,6.8,57
2026-03-13T10:27:53+00:00,6.8,57
2026-03-13T10:33:56+00:00,6.9,57
2026-03-13T10:40:14+00:00,6.9,57
2026-03-13T10:52:22+00:00,6.9,58
2026-03-13T10:57:56+00:00,6.9,58
2026-03-13T11:04:40+00:00,7,58
2026-03-13T11:09:53+00:00,7,58
2026-03-13T11:15:56+00:00,6.8,61
2026-03-13T11:21:56+00:00,6.8,61
2026-03-13T11:28:04+00:00,6.7,60
2026-03-13T11:34:04+00:00,6.7,61
2026-03-13T11:40:10+00:00,6.7,61
2026-03-13T11:45:56+00:00,6.7,62
2026-03-13T11:57:56+00:00,6.7,62
2026-03-13T12:04:17+00:00,6.7,62
2026-03-13T12:09:54+00:00,6.7,62
2026-03-13T12:15:54+00:00,6.5,65
2026-03-13T12:21:57+00:00,6.5,65
2026-03-13T12:27:55+00:00,6.7,65
2026-03-13T12:33:54+00:00,6.6,68
2026-03-13T12:39:55+00:00,6.6,68
2026-03-13T12:46:06+00:00,6.4,72
2026-03-13T12:52:01+00:00,6.4,72
2026-03-13T12:58:01+00:00,6.4,72
2026-03-13T13:03:55+00:00,6.3,74
2026-03-13T13:21:54+00:00,6.4,74
2026-03-13T13:27:55+00:00,6.4,74
2026-03-13T13:33:55+00:00,6.5,72
2026-03-13T13:39:55+00:00,6.5,72
2026-03-13T13:47:05+00:00,7,66
2026-03-13T13:51:55+00:00,7,66
2026-03-13T13:57:56+00:00,7,66
2026-03-13T14:03:55+00:00,6.9,67
2026-03-13T14:09:56+00:00,6.9,67
2026-03-13T14:16:48+00:00,6.9,67
2026-03-13T14:22:04+00:00,6.9,67
2026-03-13T14:28:00+00:00,5.9,81
2026-03-13T14:34:05+00:00,6.2,78
2026-03-13T14:40:18+00:00,6.2,78
2026-03-13T14:46:06+00:00,6.4,75
2026-03-13T14:52:01+00:00,6.4,75
2026-03-13T15:04:46+00:00,6.6,73
2026-03-13T15:10:50+00:00,6.6,73
2026-03-13T15:16:21+00:00,6.5,74
2026-03-13T15:21:57+00:00,6.5,74
2026-03-13T15:27:55+00:00,6.8,70
2026-03-13T15:33:54+00:00,6.7,70
2026-03-13T15:39:54+00:00,6.7,70
2026-03-13T15:46:34+00:00,6.6,71
2026-03-13T15:51:56+00:00,6.6,71
2026-03-13T15:57:56+00:00,6.6,71
2026-03-13T16:03:55+00:00,6.5,71
2026-03-13T16:09:55+00:00,6.5,71
2026-03-13T16:21:55+00:00,6.4,71
2026-03-13T16:28:30+00:00,6.4,71
2026-03-13T16:33:55+00:00,6.3,72
2026-03-13T16:39:56+00:00,6.3,72
2026-03-13T16:45:55+00:00,6.2,73
2026-03-13T16:51:56+00:00,6.1,71
2026-03-13T16:57:56+00:00,6.1,71
2026-03-13T17:03:54+00:00,6.1,71
2026-03-13T17:09:56+00:00,6.1,71
2026-03-13T17:15:56+00:00,5.9,74
2026-03-13T17:21:56+00:00,5.9,74
2026-03-13T17:27:55+00:00,5.4,85
2026-03-13T17:33:55+00:00,5.4,84
2026-03-13T17:39:55+00:00,5.4,84
2026-03-13T17:46:48+00:00,5.4,83
2026-03-13T17:51:54+00:00,5.4,83
2026-03-13T17:57:56+00:00,5.4,83
2026-03-13T18:03:56+00:00,5.4,82
2026-03-13T18:09:54+00:00,5.4,82
2026-03-13T18:16:24+00:00,5.4,83
2026-03-13T18:21:55+00:00,5.4,83
2026-03-13T18:27:55+00:00,5.5,84
2026-03-13T18:34:09+00:00,5.3,86
2026-03-13T18:39:55+00:00,5.3,86
2026-03-13T18:46:18+00:00,5.2,87
2026-03-13T18:52:42+00:00,5.2,87
2026-03-13T18:57:54+00:00,5.2,87
2026-03-13T19:03:56+00:00,5.1,88
2026-03-13T19:09:55+00:00,5.1,88
2026-03-13T19:16:25+00:00,5.1,89
2026-03-13T19:21:56+00:00,5.1,89
2026-03-13T19:27:57+00:00,5.1,89
2026-03-13T19:34:28+00:00,5.1,89
2026-03-13T19:39:55+00:00,5.1,89
2026-03-13T19:46:11+00:00,5.1,89
2026-03-13T19:52:21+00:00,5.1,89
2026-03-13T19:58:06+00:00,5.1,89
2026-03-13T20:03:57+00:00,5.1,89
2026-03-13T20:10:09+00:00,5.1,89
2026-03-13T20:15:54+00:00,4.9,90
2026-03-13T20:22:05+00:00,4.9,90
2026-03-13T20:28:02+00:00,4.9,88
2026-03-13T20:33:56+00:00,4.8,89
2026-03-13T20:39:55+00:00,4.8,89
2026-03-13T20:46:32+00:00,4.7,90
2026-03-13T20:51:55+00:00,4.7,90
2026-03-13T20:57:55+00:00,4.7,90
2026-03-13T21:04:30+00:00,4.7,90
2026-03-13T21:09:56+00:00,4.7,90
2026-03-13T21:16:04+00:00,4.6,90
2026-03-13T21:22:05+00:00,4.6,90
2026-03-13T21:28:14+00:00,4.6,90
2026-03-13T21:33:55+00:00,4.6,89
2026-03-13T21:39:56+00:00,4.6,89
2026-03-13T21:46:17+00:00,4.6,89
2026-03-13T21:51:55+00:00,4.6,89
2026-03-13T21:57:57+00:00,4.6,89
2026-03-13T22:04:43+00:00,4.5,89
2026-03-13T22:09:55+00:00,4.5,89
2026-03-13T22:15:56+00:00,4.4,89
2026-03-13T22:28:34+00:00,4.4,89
2026-03-13T22:33:55+00:00,4.3,89
2026-03-13T22:39:54+00:00,4.3,89
2026-03-13T22:45:55+00:00,4.2,89
2026-03-13T22:52:28+00:00,4.4,90
2026-03-13T22:58:48+00:00,4.4,90
2026-03-13T23:03:55+00:00,4.3,90
2026-03-13T23:09:55+00:00,4.3,90
2026-03-13T23:22:03+00:00,4.3,90
2026-03-13T23:33:56+00:00,4.1,92
2026-03-13T23:46:37+00:00,4,92
2026-03-13T23:58:00+00:00,4,92
2026-03-14T00:03:56+00:00,4,92
2026-03-14T00:10:52+00:00,4,92
2026-03-14T00:28:16+00:00,4,92
2026-03-14T00:34:06+00:00,3.8,93
2026-03-14T00:39:56+00:00,3.8,93
2026-03-14T00:45:55+00:00,3.7,93
2026-03-14T00:52:04+00:00,3.7,93
2026-03-14T00:57:56+00:00,3.7,93
2026-03-14T01:10:16+00:00,3.6,94
2026-03-14T01:15:54+00:00,3.6,94
2026-03-14T01:22:34+00:00,3.6,94
2026-03-14T01:28:30+00:00,3.6,94
2026-03-14T01:40:08+00:00,3.5,94
2026-03-14T01:45:55+00:00,3.5,94
2026-03-14T01:52:46+00:00,3.5,93
2026-03-14T01:58:43+00:00,3.5,93
2026-03-14T02:03:55+00:00,3.5,93
2026-03-14T02:16:56+00:00,3.6,93
2026-03-14T02:21:54+00:00,3.6,93
2026-03-14T02:27:55+00:00,3.8,93
2026-03-14T02:34:36+00:00,3.9,94
2026-03-14T02:40:38+00:00,3.9,94
2026-03-14T02:46:24+00:00,3.9,95
2026-03-14T02:52:49+00:00,3.9,95
2026-03-14T02:57:55+00:00,3.9,95
2026-03-14T03:04:37+00:00,3.9,95
2026-03-14T03:21:54+00:00,3.9,95
2026-03-14T03:39:53+00:00,4.1,94
2026-03-14T03:45:53+00:00,4.1,95
2026-03-14T03:52:02+00:00,4.1,95
2026-03-14T03:57:53+00:00,4.1,95
2026-03-14T04:04:24+00:00,4.1,95
2026-03-14T04:09:53+00:00,4.1,95
2026-03-14T04:15:54+00:00,4.1,95
2026-03-14T04:21:55+00:00,4.1,95
2026-03-14T04:27:54+00:00,4.1,95
2026-03-14T04:33:54+00:00,4,95
2026-03-14T04:39:54+00:00,4,95
2026-03-14T04:45:54+00:00,4,95
2026-03-14T04:57:53+00:00,3.7,96
2026-03-14T05:03:59+00:00,3.6,96
2026-03-14T05:09:57+00:00,3.6,96
2026-03-14T05:15:54+00:00,3.5,96
2026-03-14T05:22:32+00:00,3.5,96
2026-03-14T05:27:56+00:00,3.5,96
2026-03-14T05:34:00+00:00,3.9,93
2026-03-14T05:39:54+00:00,3.9,93
2026-03-14T05:46:07+00:00,3.9,92
2026-03-14T05:51:55+00:00,3.9,92
2026-03-14T05:57:54+00:00,3.9,92
2026-03-14T06:04:20+00:00,3.8,92
2026-03-14T06:09:54+00:00,3.8,92
2026-03-14T06:15:55+00:00,3.7,92
2026-03-14T06:22:45+00:00,3.7,92
2026-03-14T06:27:53+00:00,3.7,95
2026-03-14T06:33:56+00:00,3.1,95
2026-03-14T06:40:08+00:00,3.1,95
2026-03-14T06:46:05+00:00,3.1,95
2026-03-14T06:51:58+00:00,3.1,95
2026-03-14T06:58:05+00:00,3.1,95
2026-03-14T07:03:56+00:00,3,95
2026-03-14T07:16:58+00:00,3.1,95
2026-03-14T07:28:34+00:00,3.1,95
2026-03-14T07:34:30+00:00,3.3,94
2026-03-14T07:39:53+00:00,3.3,94
2026-03-14T07:45:57+00:00,3.5,93
2026-03-14T07:52:23+00:00,4.1,90
2026-03-14T07:57:54+00:00,4.1,90
2026-03-14T08:09:54+00:00,4.2,89
2026-03-14T08:16:00+00:00,4.5,88
2026-03-14T08:27:56+00:00,3.8,91
2026-03-14T08:33:55+00:00,4.2,88
2026-03-14T08:39:55+00:00,4.2,88
2026-03-14T08:45:56+00:00,4.6,86
2026-03-14T08:51:57+00:00,4.6,86
2026-03-14T08:58:29+00:00,4.6,86
2026-03-14T09:04:30+00:00,4.9,84
2026-03-14T09:10:26+00:00,4.9,84
2026-03-14T09:16:54+00:00,5.3,82
2026-03-14T09:22:42+00:00,5.3,82
2026-03-14T09:28:37+00:00,5.2,85
2026-03-14T09:33:54+00:00,5.6,84
2026-03-14T09:39:53+00:00,5.6,84
2026-03-14T09:45:53+00:00,5.9,82
2026-03-14T09:51:56+00:00,5.9,82
2026-03-14T09:57:53+00:00,5.9,82
2026-03-14T10:04:31+00:00,6.1,81
2026-03-14T10:09:53+00:00,6.1,81
2026-03-14T10:15:53+00:00,6.5,78
2026-03-14T10:22:37+00:00,6.5,78
2026-03-14T10:27:54+00:00,6.5,78
2026-03-14T10:34:07+00:00,6.8,74
2026-03-14T10:39:53+00:00,6.8,74
2026-03-14T10:45:57+00:00,7.2,71
2026-03-14T10:52:35+00:00,7.2,71
2026-03-14T10:57:57+00:00,7.2,71
2026-03-14T11:03:55+00:00,7.5,68
2026-03-14T11:09:55+00:00,7.5,68
2026-03-14T11:17:04+00:00,7.8,65
2026-03-14T11:21:56+00:00,7.8,65
2026-03-14T11:27:57+00:00,7.8,65
